Time (s),Target Pitch (deg),Actual Pitch (deg),Error (deg),Control (deg)
0.000000,0.000000,0.000000,0.000000,0.000000
0.001000,0.012566,0.000000,0.012566,2.519470
0.002000,0.025133,0.000002,0.025131,2.525509
0.003000,0.037699,0.000005,0.037694,2.531437
0.004000,0.050265,0.000011,0.050254,2.537248
0.005000,0.062831,0.000020,0.062812,2.542937
0.006000,0.075398,0.000032,0.075366,2.548503
0.007000,0.087963,0.000048,0.087915,2.553945
0.008000,0.100529,0.000069,0.100460,2.559261
0.009000,0.113095,0.000095,0.113000,2.564450
0.010000,0.125660,0.000127,0.125533,2.569511
0.011000,0.138226,0.000166,0.138060,2.574443
0.012000,0.150791,0.000212,0.150579,2.579246
0.013000,0.163356,0.000265,0.163090,2.583921
0.014000,0.175920,0.000327,0.175593,2.588465
0.015000,0.188484,0.000398,0.188087,2.592880
0.016000,0.201048,0.000478,0.200570,2.597163
0.017000,0.213612,0.000569,0.213043,2.601318
0.018000,0.226175,0.000670,0.225505,2.605335
0.019000,0.238738,0.000783,0.237955,2.609229
0.020000,0.251301,0.000908,0.250393,2.612985
0.021000,0.263863,0.001046,0.262817,2.616610
0.022000,0.276425,0.001197,0.275228,2.620112
0.023000,0.288986,0.001362,0.287625,2.623463
0.024000,0.301547,0.001541,0.300006,2.626703
0.025000,0.314108,0.001735,0.312372,2.629797
0.026000,0.326668,0.001945,0.324722,2.632759
0.027000,0.339227,0.002172,0.337055,2.635592
0.028000,0.351786,0.002415,0.349370,2.638288
0.029000,0.364344,0.002676,0.361668,2.640846
0.030000,0.376902,0.002955,0.373946,2.643291
0.031000,0.389459,0.003253,0.386206,2.645591
0.032000,0.402015,0.003570,0.398445,2.647747
0.033000,0.414571,0.003907,0.410664,2.649788
0.034000,0.427127,0.004265,0.422862,2.651702
0.035000,0.439681,0.004644,0.435037,2.653439
0.036000,0.452235,0.005045,0.447190,2.655079
0.037000,0.464788,0.005467,0.459321,2.656593
0.038000,0.477341,0.005913,0.471427,2.657962
0.039000,0.489892,0.006383,0.483510,2.659193
0.040000,0.502443,0.006876,0.495567,2.660290
0.041000,0.514993,0.007394,0.507599,2.661254
0.042000,0.527543,0.007938,0.519605,2.662088
0.043000,0.540091,0.008507,0.531584,2.662806
0.044000,0.552639,0.009103,0.543536,2.663407
0.045000,0.565185,0.009725,0.555460,2.663802
0.046000,0.577731,0.010376,0.567355,2.664077
0.047000,0.590276,0.011054,0.579222,2.664312
0.048000,0.602820,0.011762,0.591058,2.664346
0.049000,0.615363,0.012499,0.602865,2.664184
0.050000,0.627905,0.013265,0.614641,2.664085
0.051000,0.640446,0.014062,0.626384,2.663595
0.052000,0.652986,0.014890,0.638097,2.663244
0.053000,0.665525,0.015750,0.649776,2.662483
0.054000,0.678063,0.016641,0.661423,2.661892
0.055000,0.690600,0.017566,0.673035,2.660843
0.056000,0.703136,0.018523,0.684613,2.659983
0.057000,0.715671,0.019514,0.696156,2.658805
0.058000,0.728204,0.020540,0.707664,2.657427
0.059000,0.740737,0.021601,0.719136,2.656192
0.060000,0.753268,0.022697,0.730571,2.654621
0.061000,0.765798,0.023829,0.741969,2.652819
0.062000,0.778327,0.024998,0.753329,2.651162
0.063000,0.790855,0.026203,0.764652,2.649307
0.064000,0.803381,0.027446,0.775935,2.647223
0.065000,0.815906,0.028727,0.787179,2.644944
0.066000,0.828430,0.030048,0.798382,2.642636
0.067000,0.840952,0.031406,0.809546,2.640298
0.068000,0.853474,0.032805,0.820669,2.637785
0.069000,0.865993,0.034243,0.831750,2.635113
0.070000,0.878512,0.035723,0.842789,2.632299
0.071000,0.891029,0.037243,0.853786,2.629353
0.072000,0.903545,0.038805,0.864739,2.626283
0.073000,0.916059,0.040410,0.875649,2.623092
0.074000,0.928572,0.042057,0.886515,2.619784
0.075000,0.941083,0.043747,0.897336,2.616357
0.076000,0.953593,0.045481,0.908112,2.612808
0.077000,0.966101,0.047260,0.918842,2.609142
0.078000,0.978608,0.049082,0.929526,2.605430
0.079000,0.991113,0.050948,0.940165,2.601674
0.080000,1.003617,0.052860,0.950758,2.597874
0.081000,1.016119,0.054815,0.961304,2.594030
0.082000,1.028620,0.056815,0.971805,2.590142
0.083000,1.041119,0.058860,0.982259,2.586211
0.084000,1.053616,0.060949,0.992667,2.582236
0.085000,1.066112,0.063084,1.003028,2.578217
0.086000,1.078605,0.065263,1.013343,2.574155
0.087000,1.091098,0.067487,1.023611,2.570050
0.088000,1.103588,0.069756,1.033832,2.565902
0.089000,1.116077,0.072071,1.044006,2.561711
0.090000,1.128564,0.074431,1.054133,2.557476
0.091000,1.141049,0.076836,1.064213,2.553199
0.092000,1.153532,0.079286,1.074246,2.548880
0.093000,1.166014,0.081782,1.084232,2.544518
0.094000,1.178494,0.084324,1.094170,2.540113
0.095000,1.190972,0.086911,1.104060,2.535666
0.096000,1.203448,0.089544,1.113904,2.531177
0.097000,1.215922,0.092223,1.123699,2.526646
0.098000,1.228394,0.094947,1.133446,2.522073
0.099000,1.240864,0.097718,1.143146,2.517458
0.100000,1.253332,0.100535,1.152798,2.512801
0.101000,1.265799,0.103397,1.162401,2.508103
0.102000,1.278263,0.106306,1.171957,2.503363
0.103000,1.290725,0.109262,1.181464,2.498582
0.104000,1.303185,0.112263,1.190922,2.493760
0.105000,1.315644,0.115311,1.200333,2.488897
0.106000,1.328100,0.118405,1.209695,2.483992
0.107000,1.340554,0.121546,1.219008,2.479047
0.108000,1.353006,0.124733,1.228272,2.474062
0.109000,1.365455,0.127967,1.237488,2.469035
0.110000,1.377903,0.131248,1.246655,2.463968
0.111000,1.390348,0.134576,1.255773,2.458861
0.112000,1.402792,0.137950,1.264841,2.453714
0.113000,1.415233,0.141372,1.273861,2.448527
0.114000,1.427671,0.144840,1.282832,2.443299
0.115000,1.440108,0.148355,1.291753,2.438032
0.116000,1.452542,0.151918,1.300625,2.432725
0.117000,1.464974,0.155527,1.309447,2.427379
0.118000,1.477404,0.159184,1.318220,2.421993
0.119000,1.489831,0.162888,1.326943,2.416568
0.120000,1.502256,0.166639,1.335617,2.411104
0.121000,1.514678,0.170438,1.344241,2.405601
0.122000,1.527099,0.174284,1.352815,2.400059
0.123000,1.539516,0.178178,1.361339,2.394478
0.124000,1.551932,0.182119,1.369813,2.388859
0.125000,1.564345,0.186108,1.378237,2.383201
0.126000,1.576755,0.190144,1.386611,2.377505
0.127000,1.589163,0.194228,1.394935,2.371770
0.128000,1.601568,0.198360,1.403208,2.365998
0.129000,1.613971,0.202540,1.411432,2.360187
0.130000,1.626372,0.206767,1.419605,2.354339
0.131000,1.638769,0.211042,1.427727,2.348453
0.132000,1.651165,0.215366,1.435799,2.342530
0.133000,1.663557,0.219737,1.443820,2.336569
0.134000,1.675947,0.224156,1.451791,2.330571
0.135000,1.688334,0.228623,1.459711,2.324536
0.136000,1.700719,0.233139,1.467580,2.318464
0.137000,1.713101,0.237702,1.475399,2.312355
0.138000,1.725480,0.242314,1.483166,2.306209
0.139000,1.737857,0.246974,1.490883,2.300027
0.140000,1.750231,0.251682,1.498548,2.293809
0.141000,1.762602,0.256439,1.506163,2.287554
0.142000,1.774970,0.261244,1.513726,2.281263
0.143000,1.787335,0.266097,1.521238,2.274936
0.144000,1.799698,0.270998,1.528699,2.268573
0.145000,1.812058,0.275949,1.536109,2.262175
0.146000,1.824415,0.280947,1.543467,2.255741
0.147000,1.836769,0.285994,1.550774,2.249271
0.148000,1.849120,0.291090,1.558030,2.242767
0.149000,1.861468,0.296234,1.565234,2.236227
0.150000,1.873813,0.301427,1.572386,2.229652
0.151000,1.886155,0.306668,1.579487,2.223043
0.152000,1.898495,0.311958,1.586537,2.216399
0.153000,1.910831,0.317297,1.593534,2.209720
0.154000,1.923164,0.322684,1.600480,2.203007
0.155000,1.935495,0.328121,1.607374,2.196259
0.156000,1.947822,0.333605,1.614216,2.189478
0.157000,1.960146,0.339139,1.621007,2.182662
0.158000,1.972467,0.344722,1.627745,2.175813
0.159000,1.984785,0.350353,1.634432,2.168930
0.160000,1.997100,0.356033,1.641066,2.162014
0.161000,2.009411,0.361763,1.647649,2.155064
0.162000,2.021720,0.367541,1.654179,2.148082
0.163000,2.034025,0.373367,1.660658,2.141066
0.164000,2.046327,0.379243,1.667084,2.134017
0.165000,2.058626,0.385168,1.673458,2.126935
0.166000,2.070922,0.391142,1.679780,2.119821
0.167000,2.083214,0.397165,1.686049,2.112675
0.168000,2.095503,0.403236,1.692267,2.105496
0.169000,2.107789,0.409357,1.698432,2.098285
0.170000,2.120071,0.415527,1.704544,2.091042
0.171000,2.132350,0.421746,1.710604,2.083767
0.172000,2.144626,0.428014,1.716612,2.076461
0.173000,2.156898,0.434331,1.722568,2.069123
0.174000,2.169167,0.440696,1.728470,2.061753
0.175000,2.181432,0.447112,1.734321,2.054353
0.176000,2.193694,0.453576,1.740119,2.046921
0.177000,2.205953,0.460089,1.745864,2.039459
0.178000,2.218208,0.466651,1.751557,2.031965
0.179000,2.230460,0.473263,1.757197,2.024442
0.180000,2.242708,0.479923,1.762785,2.016887
0.181000,2.254952,0.486633,1.768320,2.009303
0.182000,2.267193,0.493391,1.773802,2.001688
0.183000,2.279430,0.500199,1.779231,1.994043
0.184000,2.291664,0.507056,1.784608,1.986369
0.185000,2.303894,0.513962,1.789932,1.978665
0.186000,2.316121,0.520917,1.795204,1.970931
0.187000,2.328344,0.527921,1.800422,1.963168
0.188000,2.340563,0.534975,1.805588,1.955376
0.189000,2.352778,0.542077,1.810701,1.947555
0.190000,2.364990,0.549229,1.815761,1.939705
0.191000,2.377198,0.556429,1.820769,1.931826
0.192000,2.389402,0.563679,1.825723,1.923919
0.193000,2.401603,0.570978,1.830625,1.915983
0.194000,2.413799,0.578325,1.835474,1.908019
0.195000,2.425992,0.585722,1.840270,1.900027
0.196000,2.438181,0.593168,1.845013,1.892007
0.197000,2.450367,0.600663,1.849703,1.883960
0.198000,2.462548,0.608207,1.854341,1.875885
0.199000,2.474725,0.615800,1.858925,1.867782
0.200000,2.486899,0.623442,1.863457,1.859652
0.201000,2.499068,0.631133,1.867935,1.851495
0.202000,2.511234,0.638873,1.872361,1.843311
0.203000,2.523396,0.646662,1.876734,1.835101
0.204000,2.535554,0.654500,1.881053,1.826863
0.205000,2.547707,0.662387,1.885320,1.818600
0.206000,2.559857,0.670323,1.889534,1.810310
0.207000,2.572003,0.678307,1.893695,1.801993
0.208000,2.584144,0.686341,1.897804,1.793651
0.209000,2.596282,0.694423,1.901859,1.785284
0.210000,2.608415,0.702554,1.905861,1.776890
0.211000,2.620544,0.710734,1.909810,1.768471
0.212000,2.632669,0.718963,1.913707,1.760027
0.213000,2.644790,0.727240,1.917550,1.751557
0.214000,2.656907,0.735566,1.921341,1.743063
0.215000,2.669020,0.743941,1.925079,1.734544
0.216000,2.681128,0.752365,1.928763,1.726000
0.217000,2.693232,0.760837,1.932395,1.717432
0.218000,2.705332,0.769358,1.935974,1.708839
0.219000,2.717428,0.777928,1.939500,1.700222
0.220000,2.729519,0.786546,1.942974,1.691582
0.221000,2.741606,0.795212,1.946394,1.682917
0.222000,2.753689,0.803927,1.949762,1.674229
0.223000,2.765767,0.812691,1.953077,1.665517
0.224000,2.777841,0.821503,1.956339,1.656782
0.225000,2.789911,0.830363,1.959548,1.648024
0.226000,2.801976,0.839272,1.962704,1.639243
0.227000,2.814037,0.848229,1.965808,1.630439
0.228000,2.826093,0.857235,1.968859,1.621612
0.229000,2.838145,0.866288,1.971857,1.612763
0.230000,2.850193,0.875390,1.974803,1.603892
0.231000,2.862236,0.884540,1.977695,1.594998
0.232000,2.874274,0.893738,1.980535,1.586083
0.233000,2.886308,0.902985,1.983323,1.577145
0.234000,2.898337,0.912279,1.986058,1.568187
0.235000,2.910362,0.921622,1.988740,1.559206
0.236000,2.922382,0.931012,1.991370,1.550204
0.237000,2.934397,0.940450,1.993947,1.541182
0.238000,2.946408,0.949937,1.996471,1.532138
0.239000,2.958414,0.959471,1.998943,1.523073
0.240000,2.970416,0.969053,2.001363,1.513988
0.241000,2.982413,0.978682,2.003730,1.504882
0.242000,2.994405,0.988360,2.006045,1.495756
0.243000,3.006392,0.998085,2.008307,1.486610
0.244000,3.018375,1.007857,2.010517,1.477444
0.245000,3.030353,1.017678,2.012675,1.468258
0.246000,3.042326,1.027545,2.014780,1.459053
0.247000,3.054294,1.037461,2.016833,1.449828
0.248000,3.066258,1.047423,2.018834,1.440584
0.249000,3.078216,1.057433,2.020783,1.431321
0.250000,3.090170,1.067490,2.022679,1.422039
0.251000,3.102119,1.077595,2.024524,1.412738
0.252000,3.114063,1.087747,2.026316,1.403418
0.253000,3.126002,1.097945,2.028056,1.394081
0.254000,3.137936,1.108191,2.029745,1.384724
0.255000,3.149865,1.118484,2.031381,1.375350
0.256000,3.161789,1.128824,2.032965,1.365958
0.257000,3.173709,1.139211,2.034498,1.356548
0.258000,3.185623,1.149645,2.035978,1.347121
0.259000,3.197532,1.160125,2.037407,1.337676
0.260000,3.209436,1.170652,2.038784,1.328214
0.261000,3.221335,1.181226,2.040109,1.318735
0.262000,3.233229,1.191847,2.041383,1.309239
0.263000,3.245118,1.202513,2.042605,1.299727
0.264000,3.257002,1.213227,2.043775,1.290198
0.265000,3.268880,1.223987,2.044894,1.280652
0.266000,3.280754,1.234793,2.045961,1.271091
0.267000,3.292622,1.245645,2.046977,1.261513
0.268000,3.304485,1.256544,2.047941,1.251919
0.269000,3.316343,1.267489,2.048854,1.242310
0.270000,3.328195,1.278480,2.049716,1.232686
0.271000,3.340043,1.289516,2.050526,1.223046
0.272000,3.351885,1.300599,2.051286,1.213390
0.273000,3.363722,1.311728,2.051994,1.203720
0.274000,3.375553,1.322902,2.052651,1.194035
0.275000,3.387379,1.334122,2.053257,1.184336
0.276000,3.399200,1.345388,2.053812,1.174622
0.277000,3.411015,1.356699,2.054316,1.164894
0.278000,3.422825,1.368056,2.054769,1.155151
0.279000,3.434630,1.379458,2.055172,1.145395
0.280000,3.446429,1.390906,2.055524,1.135625
0.281000,3.458223,1.402398,2.055825,1.125841
0.282000,3.470011,1.413936,2.056075,1.116044
0.283000,3.481794,1.425519,2.056275,1.106233
0.284000,3.493571,1.437148,2.056424,1.096410
0.285000,3.505343,1.448821,2.056523,1.086573
0.286000,3.517109,1.460538,2.056571,1.076724
0.287000,3.528870,1.472301,2.056569,1.066862
0.288000,3.540625,1.484108,2.056517,1.056988
0.289000,3.552375,1.495960,2.056414,1.047102
0.290000,3.564119,1.507857,2.056262,1.037204
0.291000,3.575857,1.519798,2.056059,1.027293
0.292000,3.587590,1.531783,2.055807,1.017371
0.293000,3.599317,1.543813,2.055504,1.007438
0.294000,3.611038,1.555887,2.055152,0.997493
0.295000,3.622754,1.568004,2.054749,0.987537
0.296000,3.634464,1.580166,2.054297,0.977570
0.297000,3.646168,1.592372,2.053796,0.967592
0.298000,3.657866,1.604622,2.053244,0.957604
0.299000,3.669559,1.616915,2.052644,0.947605
0.300000,3.681246,1.629252,2.051993,0.937595
0.301000,3.692927,1.641633,2.051294,0.927576
0.302000,3.704602,1.654057,2.050545,0.917546
0.303000,3.716271,1.666524,2.049747,0.907507
0.304000,3.727934,1.679035,2.048900,0.897458
0.305000,3.739592,1.691589,2.048003,0.887400
0.306000,3.751244,1.704186,2.047058,0.877332
0.307000,3.762889,1.716826,2.046064,0.867255
0.308000,3.774529,1.729509,2.045021,0.857169
0.309000,3.786163,1.742234,2.043929,0.847075
0.310000,3.797791,1.755003,2.042788,0.836972
0.311000,3.809413,1.767814,2.041599,0.826860
0.312000,3.821029,1.780667,2.040361,0.816741
0.313000,3.832638,1.793563,2.039075,0.806613
0.314000,3.844242,1.806501,2.037741,0.796477
0.315000,3.855840,1.819482,2.036358,0.786333
0.316000,3.867432,1.832504,2.034927,0.776182
0.317000,3.879017,1.845569,2.033448,0.766024
0.318000,3.890596,1.858675,2.031921,0.755858
0.319000,3.902170,1.871824,2.030346,0.745685
0.320000,3.913737,1.885014,2.028723,0.735506
0.321000,3.925298,1.898245,2.027052,0.725319
0.322000,3.936852,1.911518,2.025334,0.715126
0.323000,3.948401,1.924833,2.023568,0.704927
0.324000,3.959943,1.938188,2.021755,0.694722
0.325000,3.971479,1.951585,2.019894,0.684510
0.326000,3.983009,1.965023,2.017986,0.674293
0.327000,3.994532,1.978502,2.016030,0.664070
0.328000,4.006049,1.992021,2.014028,0.653841
0.329000,4.017560,2.005582,2.011978,0.643607
0.330000,4.029064,2.019183,2.009882,0.633368
0.331000,4.040562,2.032824,2.007738,0.623124
0.332000,4.052054,2.046506,2.005548,0.612875
0.333000,4.063539,2.060228,2.003311,0.602622
0.334000,4.075018,2.073991,2.001028,0.592364
0.335000,4.086491,2.087793,1.998698,0.582101
0.336000,4.097957,2.101635,1.996321,0.571835
0.337000,4.109416,2.115518,1.993899,0.561564
0.338000,4.120869,2.129439,1.991430,0.551290
0.339000,4.132316,2.143401,1.988915,0.541012
0.340000,4.143756,2.157402,1.986354,0.530730
0.341000,4.155189,2.171442,1.983747,0.520446
0.342000,4.166616,2.185522,1.981095,0.510158
0.343000,4.178036,2.199640,1.978396,0.499867
0.344000,4.189450,2.213798,1.975652,0.489573
0.345000,4.200857,2.227994,1.972863,0.479277
0.346000,4.212258,2.242230,1.970028,0.468978
0.347000,4.223652,2.256504,1.967148,0.458677
0.348000,4.235039,2.270816,1.964223,0.448374
0.349000,4.246419,2.285167,1.961252,0.438068
0.350000,4.257793,2.299556,1.958237,0.427761
0.351000,4.269160,2.313983,1.955177,0.417453
0.352000,4.280520,2.328448,1.952072,0.407143
0.353000,4.291874,2.342952,1.948922,0.396831
0.354000,4.303221,2.357492,1.945728,0.386519
0.355000,4.314560,2.372071,1.942489,0.376205
0.356000,4.325894,2.386687,1.939207,0.365891
0.357000,4.337220,2.401341,1.935879,0.355576
0.358000,4.348539,2.416031,1.932508,0.345261
0.359000,4.359852,2.430759,1.929093,0.334945
0.360000,4.371158,2.445524,1.925634,0.324630
0.361000,4.382456,2.460326,1.922131,0.314314
0.362000,4.393748,2.475164,1.918584,0.303998
0.363000,4.405033,2.490040,1.914994,0.293683
0.364000,4.416311,2.504951,1.911360,0.283369
0.365000,4.427582,2.519899,1.907683,0.273055
0.366000,4.438846,2.534883,1.903963,0.262742
0.367000,4.450103,2.549904,1.900200,0.252430
0.368000,4.461353,2.564960,1.896393,0.242119
0.369000,4.472596,2.580052,1.892544,0.231809
0.370000,4.483832,2.595180,1.888652,0.221501
0.371000,4.495061,2.610343,1.884718,0.211195
0.372000,4.506283,2.625542,1.880741,0.200891
0.373000,4.517497,2.640776,1.876721,0.190588
0.374000,4.528705,2.656045,1.872660,0.180288
0.375000,4.539905,2.671349,1.868556,0.169990
0.376000,4.551098,2.686688,1.864410,0.159695
0.377000,4.562284,2.702062,1.860222,0.149402
0.378000,4.573463,2.717471,1.855992,0.139112
0.379000,4.584634,2.732914,1.851721,0.128825
0.380000,4.595799,2.748391,1.847408,0.118541
0.381000,4.606956,2.763902,1.843053,0.108261
0.382000,4.618105,2.779448,1.838658,0.097984
0.383000,4.629248,2.795027,1.834221,0.087711
0.384000,4.640383,2.810640,1.829743,0.077441
0.385000,4.651511,2.826287,1.825224,0.067175
0.386000,4.662631,2.841967,1.820664,0.056914
0.387000,4.673744,2.857680,1.816064,0.046657
0.388000,4.684850,2.873427,1.811423,0.036404
0.389000,4.695948,2.889207,1.806742,0.026156
0.390000,4.707039,2.905019,1.802020,0.015912
0.391000,4.718123,2.920865,1.797258,0.005674
0.392000,4.729199,2.936743,1.792456,-0.004560
0.393000,4.740267,2.952653,1.787614,-0.014788
0.394000,4.751328,2.968596,1.782733,-0.025011
0.395000,4.762382,2.984571,1.777811,-0.035228
0.396000,4.773428,3.000578,1.772850,-0.045440
0.397000,4.784467,3.016617,1.767850,-0.055646
0.398000,4.795498,3.032687,1.762810,-0.065845
0.399000,4.806521,3.048789,1.757732,-0.076039
0.400000,4.817537,3.064923,1.752614,-0.086226
0.401000,4.828545,3.081088,1.747457,-0.096407
0.402000,4.839545,3.097284,1.742262,-0.106581
0.403000,4.850538,3.113511,1.737028,-0.116748
0.404000,4.861524,3.129768,1.731755,-0.126909
0.405000,4.872501,3.146057,1.726444,-0.137062
0.406000,4.883471,3.162376,1.721095,-0.147208
0.407000,4.894433,3.178725,1.715708,-0.157346
0.408000,4.905388,3.195105,1.710283,-0.167477
0.409000,4.916334,3.211514,1.704820,-0.177601
0.410000,4.927273,3.227954,1.699320,-0.187716
0.411000,4.938205,3.244423,1.693781,-0.197823
0.412000,4.949128,3.260922,1.688206,-0.207922
0.413000,4.960043,3.277450,1.682593,-0.218013
0.414000,4.970951,3.294008,1.676943,-0.228095
0.415000,4.981851,3.310595,1.671256,-0.238169
0.416000,4.992743,3.327211,1.665533,-0.248234
0.417000,5.003627,3.343855,1.659772,-0.258290
0.418000,5.014503,3.360528,1.653975,-0.268337
0.419000,5.025372,3.377230,1.648142,-0.278374
0.420000,5.036232,3.393960,1.642272,-0.288402
0.421000,5.047084,3.410719,1.636366,-0.298421
0.422000,5.057929,3.427505,1.630424,-0.308430
0.423000,5.068765,3.444319,1.624446,-0.318429
0.424000,5.079594,3.461161,1.618433,-0.328418
0.425000,5.090414,3.478030,1.612384,-0.338397
0.426000,5.101227,3.494927,1.606299,-0.348365
0.427000,5.112031,3.511851,1.600179,-0.358324
0.428000,5.122827,3.528803,1.594024,-0.368271
0.429000,5.133615,3.545781,1.587835,-0.378208
0.430000,5.144395,3.562786,1.581610,-0.388134
0.431000,5.155167,3.579817,1.575350,-0.398049
0.432000,5.165931,3.596875,1.569056,-0.407952
0.433000,5.176687,3.613959,1.562728,-0.417845
0.434000,5.187434,3.631069,1.556365,-0.427725
0.435000,5.198173,3.648205,1.549968,-0.437595
0.436000,5.208904,3.665367,1.543537,-0.447452
0.437000,5.219627,3.682555,1.537072,-0.457298
0.438000,5.230342,3.699768,1.530574,-0.467131
0.439000,5.241048,3.717006,1.524042,-0.476952
0.440000,5.251746,3.734270,1.517477,-0.486761
0.441000,5.262436,3.751558,1.510878,-0.496558
0.442000,5.273118,3.768871,1.504246,-0.506342
0.443000,5.283791,3.786209,1.497582,-0.516113
0.444000,5.294455,3.803571,1.490884,-0.525871
0.445000,5.305112,3.820957,1.484154,-0.535616
0.446000,5.315760,3.838368,1.477392,-0.545348
0.447000,5.326400,3.855803,1.470597,-0.555066
0.448000,5.337031,3.873261,1.463770,-0.564771
0.449000,5.347654,3.890743,1.456911,-0.574463
0.450000,5.358268,3.908248,1.450020,-0.584140
0.451000,5.368874,3.925777,1.443097,-0.593804
0.452000,5.379471,3.943329,1.436143,-0.603454
0.453000,5.390060,3.960903,1.429157,-0.613089
0.454000,5.400641,3.978501,1.422140,-0.622710
0.455000,5.411213,3.996121,1.415092,-0.632317
0.456000,5.421776,4.013763,1.408013,-0.641909
0.457000,5.432331,4.031428,1.400903,-0.651486
0.458000,5.442877,4.049115,1.393762,-0.661049
0.459000,5.453414,4.066823,1.386591,-0.670596
0.460000,5.463943,4.084554,1.379390,-0.680129
0.461000,5.474464,4.102306,1.372158,-0.689646
0.462000,5.484976,4.120079,1.364897,-0.699147
0.463000,5.495479,4.137874,1.357605,-0.708633
0.464000,5.505973,4.155689,1.350284,-0.718104
0.465000,5.516459,4.173526,1.342933,-0.727558
0.466000,5.526936,4.191383,1.335553,-0.736997
0.467000,5.537404,4.209261,1.328143,-0.746419
0.468000,5.547863,4.227159,1.320705,-0.755826
0.469000,5.558314,4.245077,1.313237,-0.765216
0.470000,5.568756,4.263015,1.305741,-0.774589
0.471000,5.579189,4.280973,1.298216,-0.783946
0.472000,5.589614,4.298951,1.290663,-0.793286
0.473000,5.600029,4.316948,1.283081,-0.802609
0.474000,5.610436,4.334965,1.275471,-0.811915
0.475000,5.620834,4.353000,1.267833,-0.821204
0.476000,5.631223,4.371055,1.260168,-0.830476
0.477000,5.641603,4.389128,1.252474,-0.839730
0.478000,5.651974,4.407220,1.244754,-0.848967
0.479000,5.662336,4.425331,1.237005,-0.858186
0.480000,5.672689,4.443459,1.229230,-0.867387
0.481000,5.683034,4.461606,1.221428,-0.876571
0.482000,5.693369,4.479771,1.213599,-0.885736
0.483000,5.703696,4.497953,1.205743,-0.894883
0.484000,5.714013,4.516153,1.197860,-0.904012
0.485000,5.724321,4.534370,1.189951,-0.913122
0.486000,5.734621,4.552604,1.182016,-0.922214
0.487000,5.744911,4.570855,1.174055,-0.931287
0.488000,5.755192,4.589124,1.166068,-0.940342
0.489000,5.765464,4.607408,1.158056,-0.949377
0.490000,5.775727,4.625710,1.150017,-0.958394
0.491000,5.785981,4.644027,1.141954,-0.967391
0.492000,5.796226,4.662361,1.133865,-0.976369
0.493000,5.806461,4.680710,1.125751,-0.985327
0.494000,5.816688,4.699076,1.117612,-0.994266
0.495000,5.826905,4.717456,1.109448,-1.003186
0.496000,5.837113,4.735853,1.101260,-1.012085
0.497000,5.847312,4.754264,1.093048,-1.020965
0.498000,5.857501,4.772690,1.084811,-1.029824
0.499000,5.867681,4.791132,1.076550,-1.038664
0.500000,5.877853,4.809587,1.068265,-1.047483
0.501000,5.888014,4.828058,1.059956,-1.056282
0.502000,5.898167,4.846542,1.051624,-1.065060
0.503000,5.908310,4.865041,1.043269,-1.073818
0.504000,5.918444,4.883554,1.034890,-1.082554
0.505000,5.928568,4.902080,1.026488,-1.091271
0.506000,5.938683,4.920620,1.018063,-1.099966
0.507000,5.948789,4.939174,1.009615,-1.108640
0.508000,5.958885,4.957740,1.001145,-1.117292
0.509000,5.968972,4.976320,0.992652,-1.125924
0.510000,5.979050,4.994912,0.984138,-1.134534
0.511000,5.989118,5.013517,0.975601,-1.143122
0.512000,5.999177,5.032135,0.967042,-1.151689
0.513000,6.009226,5.050765,0.958461,-1.160234
0.514000,6.019265,5.069406,0.949859,-1.168757
0.515000,6.029295,5.088060,0.941235,-1.177259
0.516000,6.039316,5.106726,0.932590,-1.185738
0.517000,6.049327,5.125403,0.923924,-1.194194
0.518000,6.059329,5.144091,0.915237,-1.202629
0.519000,6.069321,5.162791,0.906530,-1.211041
0.520000,6.079303,5.181501,0.897802,-1.219430
0.521000,6.089276,5.200223,0.889053,-1.227797
0.522000,6.099239,5.218955,0.880284,-1.236141
0.523000,6.109192,5.237697,0.871495,-1.244462
0.524000,6.119136,5.256450,0.862686,-1.252760
0.525000,6.129071,5.275213,0.853858,-1.261035
0.526000,6.138995,5.293985,0.845010,-1.269287
0.527000,6.148910,5.312768,0.836142,-1.277516
0.528000,6.158815,5.331560,0.827255,-1.285721
0.529000,6.168710,5.350361,0.818350,-1.293902
0.530000,6.178596,5.369171,0.809425,-1.302060
0.531000,6.188472,5.387991,0.800481,-1.310194
0.532000,6.198338,5.406819,0.791520,-1.318305
0.533000,6.208195,5.425655,0.782539,-1.326391
0.534000,6.218041,5.444500,0.773541,-1.334453
0.535000,6.227878,5.463354,0.764524,-1.342492
0.536000,6.237705,5.482215,0.755490,-1.350506
0.537000,6.247522,5.501084,0.746438,-1.358495
0.538000,6.257329,5.519961,0.737368,-1.366460
0.539000,6.267126,5.538845,0.728281,-1.374401
0.540000,6.276914,5.557737,0.719177,-1.382317
0.541000,6.286691,5.576635,0.710056,-1.390208
0.542000,6.296459,5.595541,0.700918,-1.398074
0.543000,6.306216,5.614453,0.691763,-1.405916
0.544000,6.315964,5.633372,0.682592,-1.413732
0.545000,6.325702,5.652297,0.673405,-1.421523
0.546000,6.335429,5.671228,0.664201,-1.429289
0.547000,6.345147,5.690166,0.654981,-1.437029
0.548000,6.354855,5.709109,0.645746,-1.444745
0.549000,6.364552,5.728057,0.636495,-1.452434
0.550000,6.374240,5.747011,0.627228,-1.460098
0.551000,6.383917,5.765971,0.617947,-1.467736
0.552000,6.393585,5.784935,0.608650,-1.475349
0.553000,6.403242,5.803904,0.599338,-1.482935
0.554000,6.412889,5.822878,0.590011,-1.490495
0.555000,6.422527,5.841857,0.580670,-1.498030
0.556000,6.432153,5.860839,0.571314,-1.505538
0.557000,6.441770,5.879826,0.561944,-1.513020
0.558000,6.451377,5.898817,0.552560,-1.520475
0.559000,6.460973,5.917811,0.543162,-1.527904
0.560000,6.470560,5.936809,0.533750,-1.535307
0.561000,6.480136,5.955811,0.524325,-1.542683
0.562000,6.489701,5.974815,0.514886,-1.550032
0.563000,6.499257,5.993823,0.505434,-1.557354
0.564000,6.508802,6.012833,0.495969,-1.564649
0.565000,6.518337,6.031846,0.486491,-1.571918
0.566000,6.527862,6.050861,0.477001,-1.579159
0.567000,6.537376,6.069879,0.467498,-1.586373
0.568000,6.546880,6.088898,0.457982,-1.593560
0.569000,6.556374,6.107920,0.448454,-1.600719
0.570000,6.565858,6.126943,0.438915,-1.607851
0.571000,6.575331,6.145968,0.429363,-1.614956
0.572000,6.584793,6.164994,0.419800,-1.622033
0.573000,6.594245,6.184021,0.410225,-1.629082
0.574000,6.603687,6.203049,0.400639,-1.636104
0.575000,6.613119,6.222077,0.391041,-1.643097
0.576000,6.622540,6.241107,0.381433,-1.650063
0.577000,6.631950,6.260136,0.371814,-1.657001
0.578000,6.641350,6.279166,0.362184,-1.663910
0.579000,6.650740,6.298196,0.352543,-1.670792
0.580000,6.660119,6.317226,0.342893,-1.677645
0.581000,6.669487,6.336255,0.333232,-1.684470
0.582000,6.678845,6.355284,0.323561,-1.691267
0.583000,6.688193,6.374312,0.313881,-1.698035
0.584000,6.697529,6.393339,0.304191,-1.704774
0.585000,6.706856,6.412365,0.294491,-1.711485
0.586000,6.716171,6.431389,0.284782,-1.718167
0.587000,6.725477,6.450412,0.275064,-1.724820
0.588000,6.734771,6.469434,0.265337,-1.731445
0.589000,6.744055,6.488453,0.255602,-1.738040
0.590000,6.753328,6.507471,0.245857,-1.744607
0.591000,6.762591,6.526486,0.236105,-1.751144
0.592000,6.771842,6.545499,0.226344,-1.757652
0.593000,6.781084,6.564509,0.216574,-1.764131
0.594000,6.790314,6.583517,0.206798,-1.770581
0.595000,6.799534,6.602521,0.197013,-1.777001
0.596000,6.808743,6.621522,0.187221,-1.783392
0.597000,6.817941,6.640520,0.177421,-1.789754
0.598000,6.827128,6.659514,0.167614,-1.796085
0.599000,6.836305,6.678505,0.157800,-1.802388
0.600000,6.845471,6.697492,0.147979,-1.808660
0.601000,6.854626,6.716474,0.138152,-1.814903
0.602000,6.863770,6.735453,0.128318,-1.821115
0.603000,6.872904,6.754427,0.118477,-1.827298
0.604000,6.882026,6.773396,0.108630,-1.833451
0.605000,6.891138,6.792360,0.098778,-1.839574
0.606000,6.900239,6.811320,0.088919,-1.845666
0.607000,6.909329,6.830274,0.079055,-1.851729
0.608000,6.918408,6.849223,0.069185,-1.857761
0.609000,6.927476,6.868166,0.059310,-1.863763
0.610000,6.936533,6.887103,0.049430,-1.869734
0.611000,6.945579,6.906035,0.039545,-1.875675
0.612000,6.954614,6.924960,0.029654,-1.881586
0.613000,6.963639,6.943879,0.019760,-1.887466
0.614000,6.972652,6.962792,0.009860,-1.893315
0.615000,6.981654,6.981698,-0.000043,-1.899134
0.616000,6.990645,7.000597,-0.009951,-1.904922
0.617000,6.999626,7.019489,-0.019863,-1.910679
0.618000,7.008595,7.038373,-0.029779,-1.916405
0.619000,7.017553,7.057251,-0.039698,-1.922101
0.620000,7.026500,7.076121,-0.049621,-1.927765
0.621000,7.035436,7.094983,-0.059547,-1.933398
0.622000,7.044360,7.113837,-0.069476,-1.939000
0.623000,7.053274,7.132682,-0.079409,-1.944572
0.624000,7.062176,7.151520,-0.089344,-1.950111
0.625000,7.071068,7.170349,-0.099281,-1.955620
0.626000,7.079948,7.189170,-0.109222,-1.961097
0.627000,7.088817,7.207981,-0.119164,-1.966543
0.628000,7.097675,7.226783,-0.129109,-1.971958
0.629000,7.106521,7.245577,-0.139055,-1.977341
0.630000,7.115357,7.264361,-0.149004,-1.982692
0.631000,7.124181,7.283135,-0.158954,-1.988012
0.632000,7.132994,7.301899,-0.168905,-1.993300
0.633000,7.141795,7.320654,-0.178858,-1.998557
0.634000,7.150586,7.339398,-0.188812,-2.003782
0.635000,7.159365,7.358132,-0.198767,-2.008975
0.636000,7.168133,7.376856,-0.208723,-2.014136
0.637000,7.176889,7.395569,-0.218680,-2.019265
0.638000,7.185634,7.414271,-0.228637,-2.024363
0.639000,7.194368,7.432962,-0.238594,-2.029428
0.640000,7.203090,7.451642,-0.248551,-2.034461
0.641000,7.211801,7.470310,-0.258509,-2.039463
0.642000,7.220501,7.488967,-0.268466,-2.044432
0.643000,7.229189,7.507612,-0.278423,-2.049369
0.644000,7.237866,7.526245,-0.288379,-2.054274
0.645000,7.246531,7.544866,-0.298335,-2.059147
0.646000,7.255185,7.563475,-0.308290,-2.063987
0.647000,7.263828,7.582071,-0.318244,-2.068795
0.648000,7.272459,7.600655,-0.328196,-2.073571
0.649000,7.281078,7.619226,-0.338148,-2.078314
0.650000,7.289686,7.637784,-0.348097,-2.083025
0.651000,7.298283,7.656328,-0.358046,-2.087703
0.652000,7.306868,7.674860,-0.367992,-2.092349
0.653000,7.315441,7.693378,-0.377936,-2.096962
0.654000,7.324003,7.711882,-0.387879,-2.101542
0.655000,7.332553,7.730372,-0.397819,-2.106090
0.656000,7.341092,7.748848,-0.407756,-2.110606
0.657000,7.349619,7.767310,-0.417691,-2.115088
0.658000,7.358135,7.785758,-0.427623,-2.119538
0.659000,7.366639,7.804191,-0.437552,-2.123955
0.660000,7.375131,7.822609,-0.447478,-2.128339
0.661000,7.383612,7.841012,-0.457401,-2.132690
0.662000,7.392081,7.859401,-0.467320,-2.137008
0.663000,7.400538,7.877774,-0.477235,-2.141294
0.664000,7.408984,7.896131,-0.487147,-2.145546
0.665000,7.417418,7.914473,-0.497055,-2.149766
0.666000,7.425840,7.932799,-0.506959,-2.153952
0.667000,7.434250,7.951109,-0.516859,-2.158105
0.668000,7.442649,7.969403,-0.526754,-2.162225
0.669000,7.451036,7.987681,-0.536645,-2.166312
0.670000,7.459411,8.005942,-0.546531,-2.170366
0.671000,7.467775,8.024187,-0.556412,-2.174387
0.672000,7.476127,8.042414,-0.566288,-2.178375
0.673000,7.484466,8.060625,-0.576159,-2.182329
0.674000,7.492794,8.078818,-0.586024,-2.186250
0.675000,7.501111,8.096995,-0.595884,-2.190138
0.676000,7.509415,8.115153,-0.605738,-2.193992
0.677000,7.517708,8.133294,-0.615587,-2.197813
0.678000,7.525988,8.151418,-0.625429,-2.201601
0.679000,7.534257,8.169523,-0.635266,-2.205355
0.680000,7.542514,8.187610,-0.645096,-2.209076
0.681000,7.550759,8.205678,-0.654919,-2.212763
0.682000,7.558992,8.223728,-0.664736,-2.216417
0.683000,7.567213,8.241760,-0.674547,-2.220037
0.684000,7.575422,8.259772,-0.684350,-2.223624
0.685000,7.583619,8.277765,-0.694146,-2.227177
0.686000,7.591804,8.295740,-0.703935,-2.230697
0.687000,7.599978,8.313695,-0.713717,-2.234183
0.688000,7.608139,8.331630,-0.723491,-2.237636
0.689000,7.616288,8.349546,-0.733258,-2.241055
0.690000,7.624425,8.367441,-0.743016,-2.244440
0.691000,7.632550,8.385317,-0.752767,-2.247792
0.692000,7.640663,8.403173,-0.762509,-2.251110
0.693000,7.648764,8.421008,-0.772243,-2.254394
0.694000,7.656853,8.438822,-0.781969,-2.257645
0.695000,7.664930,8.456616,-0.791686,-2.260861
0.696000,7.672995,8.474389,-0.801395,-2.264045
0.697000,7.681047,8.492141,-0.811094,-2.267194
0.698000,7.689088,8.509872,-0.820784,-2.270309
0.699000,7.697116,8.527582,-0.830466,-2.273391
0.700000,7.705132,8.545270,-0.840137,-2.276439
0.701000,7.713136,8.562936,-0.849800,-2.279453
0.702000,7.721128,8.580581,-0.859452,-2.282434
0.703000,7.729108,8.598203,-0.869095,-2.285380
0.704000,7.737075,8.615803,-0.878728,-2.288293
0.705000,7.745031,8.633381,-0.888351,-2.291172
0.706000,7.752974,8.650937,-0.897963,-2.294017
0.707000,7.760904,8.668470,-0.907565,-2.296828
0.708000,7.768823,8.685980,-0.917157,-2.299605
0.709000,7.776729,8.703467,-0.926738,-2.302348
0.710000,7.784623,8.720931,-0.936308,-2.305058
0.711000,7.792505,8.738372,-0.945867,-2.307733
0.712000,7.800374,8.755789,-0.955415,-2.310375
0.713000,7.808231,8.773182,-0.964951,-2.312982
0.714000,7.816076,8.790552,-0.974477,-2.315556
0.715000,7.823908,8.807898,-0.983990,-2.318096
0.716000,7.831728,8.825220,-0.993492,-2.320602
0.717000,7.839536,8.842518,-1.002982,-2.323074
0.718000,7.847331,8.859791,-1.012460,-2.325512
0.719000,7.855114,8.877040,-1.021926,-2.327916
0.720000,7.862884,8.894264,-1.031379,-2.330286
0.721000,7.870642,8.911463,-1.040821,-2.332622
0.722000,7.878388,8.928637,-1.050249,-2.334924
0.723000,7.886121,8.945786,-1.059665,-2.337192
0.724000,7.893842,8.962910,-1.069068,-2.339426
0.725000,7.901550,8.980008,-1.078458,-2.341626
0.726000,7.909246,8.997080,-1.087834,-2.343793
0.727000,7.916929,9.014127,-1.097198,-2.345925
0.728000,7.924600,9.031148,-1.106548,-2.348024
0.729000,7.932258,9.048142,-1.115884,-2.350088
0.730000,7.939904,9.065111,-1.125207,-2.352119
0.731000,7.947537,9.082053,-1.134516,-2.354115
0.732000,7.955158,9.098968,-1.143811,-2.356078
0.733000,7.962766,9.115857,-1.153091,-2.358006
0.734000,7.970361,9.132719,-1.162358,-2.359901
0.735000,7.977944,9.149554,-1.171610,-2.361762
0.736000,7.985515,9.166362,-1.180847,-2.363589
0.737000,7.993072,9.183143,-1.190070,-2.365382
0.738000,8.000618,9.199896,-1.199278,-2.367141
0.739000,8.008150,9.216621,-1.208471,-2.368866
0.740000,8.015670,9.233319,-1.217649,-2.370557
0.741000,8.023177,9.249989,-1.226812,-2.372215
0.742000,8.030672,9.266631,-1.235959,-2.373838
0.743000,8.038153,9.283244,-1.245091,-2.375428
0.744000,8.045622,9.299830,-1.254207,-2.376984
0.745000,8.053079,9.316386,-1.263307,-2.378506
0.746000,8.060523,9.332915,-1.272392,-2.379994
0.747000,8.067954,9.349414,-1.281460,-2.381448
0.748000,8.075372,9.365884,-1.290513,-2.382869
0.749000,8.082777,9.382326,-1.299549,-2.384256
0.750000,8.090170,9.398738,-1.308568,-2.385609
0.751000,8.097550,9.415121,-1.317571,-2.386928
0.752000,8.104917,9.431475,-1.326557,-2.388213
0.753000,8.112271,9.447798,-1.335527,-2.389465
0.754000,8.119613,9.464092,-1.344479,-2.390683
0.755000,8.126942,9.480356,-1.353415,-2.391867
0.756000,8.134258,9.496590,-1.362333,-2.393018
0.757000,8.141561,9.512794,-1.371234,-2.394135
0.758000,8.148851,9.528968,-1.380117,-2.395218
0.759000,8.156128,9.545111,-1.388983,-2.396268
0.760000,8.163393,9.561223,-1.397831,-2.397284
0.761000,8.170644,9.577305,-1.406661,-2.398266
0.762000,8.177883,9.593356,-1.415473,-2.399215
0.763000,8.185108,9.609375,-1.424267,-2.400130
0.764000,8.192321,9.625364,-1.433043,-2.401012
0.765000,8.199521,9.641321,-1.441800,-2.401860
0.766000,8.206708,9.657247,-1.450539,-2.402674
0.767000,8.213882,9.673141,-1.459259,-2.403456
0.768000,8.221043,9.689004,-1.467961,-2.404203
0.769000,8.228191,9.704834,-1.476643,-2.404918
0.770000,8.235326,9.720633,-1.485307,-2.405599
0.771000,8.242448,9.736399,-1.493951,-2.406246
0.772000,8.249557,9.752134,-1.502577,-2.406860
0.773000,8.256653,9.767836,-1.511183,-2.407441
0.774000,8.263736,9.783505,-1.519769,-2.407989
0.775000,8.270806,9.799142,-1.528336,-2.408503
0.776000,8.277863,9.814745,-1.536883,-2.408984
0.777000,8.284906,9.830316,-1.545410,-2.409431
0.778000,8.291937,9.845854,-1.553917,-2.409846
0.779000,8.298955,9.861359,-1.562404,-2.410227
0.780000,8.305959,9.876830,-1.570871,-2.410576
0.781000,8.312950,9.892268,-1.579318,-2.410891
0.782000,8.319929,9.907673,-1.587744,-2.411173
0.783000,8.326894,9.923043,-1.596150,-2.411422
0.784000,8.333846,9.938380,-1.604535,-2.411637
0.785000,8.340784,9.953683,-1.612899,-2.411820
0.786000,8.347710,9.968952,-1.621242,-2.411970
0.787000,8.354622,9.984186,-1.629564,-2.412087
0.788000,8.361522,9.999387,-1.637865,-2.412171
0.789000,8.368408,10.014552,-1.646145,-2.412223
0.790000,8.375280,10.029684,-1.654403,-2.412241
0.791000,8.382140,10.044780,-1.662640,-2.412227
0.792000,8.388986,10.059842,-1.670855,-2.412179
0.793000,8.395819,10.074868,-1.679049,-2.412099
0.794000,8.402639,10.089860,-1.687220,-2.411987
0.795000,8.409446,10.104816,-1.695370,-2.411841
0.796000,8.416239,10.119737,-1.703498,-2.411664
0.797000,8.423019,10.134622,-1.711603,-2.411453
0.798000,8.429786,10.149472,-1.719687,-2.411210
0.799000,8.436539,10.164287,-1.727747,-2.410934
0.800000,8.443279,10.179065,-1.735786,-2.410626
0.801000,8.450006,10.193807,-1.743801,-2.410286
0.802000,8.456719,10.208514,-1.751794,-2.409913
0.803000,8.463419,10.223184,-1.759765,-2.409508
0.804000,8.470106,10.237818,-1.767712,-2.409070
0.805000,8.476779,10.252415,-1.775636,-2.408600
0.806000,8.483439,10.266976,-1.783537,-2.408098
0.807000,8.490086,10.281500,-1.791415,-2.407564
0.808000,8.496719,10.295988,-1.799269,-2.406997
0.809000,8.503339,10.310439,-1.807100,-2.406398
0.810000,8.509945,10.324852,-1.814907,-2.405768
0.811000,8.516538,10.339229,-1.822691,-2.405105
0.812000,8.523117,10.353568,-1.830451,-2.404410
0.813000,8.529683,10.367870,-1.838187,-2.403683
0.814000,8.536235,10.382134,-1.845899,-2.402925
0.815000,8.542774,10.396361,-1.853587,-2.402134
0.816000,8.549300,10.410550,-1.861250,-2.401312
0.817000,8.555812,10.424701,-1.868890,-2.400458
0.818000,8.562310,10.438815,-1.876505,-2.399572
0.819000,8.568795,10.452890,-1.884095,-2.398655
0.820000,8.575267,10.466927,-1.891661,-2.397706
0.821000,8.581724,10.480926,-1.899202,-2.396725
0.822000,8.588169,10.494887,-1.906718,-2.395713
0.823000,8.594599,10.508809,-1.914210,-2.394670
0.824000,8.601017,10.522693,-1.921676,-2.393594
0.825000,8.607420,10.536538,-1.929118,-2.392488
0.826000,8.613810,10.550344,-1.936534,-2.391350
0.827000,8.620187,10.564111,-1.943925,-2.390181
0.828000,8.626549,10.577839,-1.951290,-2.388981
0.829000,8.632899,10.591529,-1.958630,-2.387749
0.830000,8.639234,10.605179,-1.965944,-2.386487
0.831000,8.645556,10.618789,-1.973233,-2.385193
0.832000,8.651864,10.632360,-1.980496,-2.383868
0.833000,8.658159,10.645892,-1.987733,-2.382512
0.834000,8.664440,10.659384,-1.994944,-2.381126
0.835000,8.670707,10.672836,-2.002129,-2.379708
0.836000,8.676961,10.686249,-2.009288,-2.378260
0.837000,8.683200,10.699621,-2.016421,-2.376781
0.838000,8.689426,10.712954,-2.023527,-2.375271
0.839000,8.695639,10.726246,-2.030607,-2.373730
0.840000,8.701838,10.739498,-2.037661,-2.372159
0.841000,8.708022,10.752710,-2.044687,-2.370558
0.842000,8.714194,10.765881,-2.051687,-2.368925
0.843000,8.720351,10.779012,-2.058661,-2.367263
0.844000,8.726495,10.792102,-2.065607,-2.365570
0.845000,8.732625,10.805151,-2.072527,-2.363847
0.846000,8.738741,10.818160,-2.079419,-2.362093
0.847000,8.744843,10.831128,-2.086285,-2.360310
0.848000,8.750931,10.844054,-2.093123,-2.358496
0.849000,8.757006,10.856940,-2.099934,-2.356652
0.850000,8.763067,10.869784,-2.106717,-2.354778
0.851000,8.769114,10.882587,-2.113473,-2.352874
0.852000,8.775147,10.895349,-2.120202,-2.350940
0.853000,8.781166,10.908069,-2.126903,-2.348977
0.854000,8.787172,10.920747,-2.133576,-2.346983
0.855000,8.793163,10.933384,-2.140221,-2.344960
0.856000,8.799141,10.945979,-2.146839,-2.342907
0.857000,8.805104,10.958533,-2.153428,-2.340825
0.858000,8.811054,10.971044,-2.159990,-2.338713
0.859000,8.816990,10.983513,-2.166523,-2.336572
0.860000,8.822912,10.995940,-2.173028,-2.334401
0.861000,8.828820,11.008325,-2.179505,-2.332201
0.862000,8.834714,11.020668,-2.185953,-2.329971
0.863000,8.840595,11.032968,-2.192373,-2.327713
0.864000,8.846461,11.045226,-2.198765,-2.325425
0.865000,8.852313,11.057441,-2.205128,-2.323108
0.866000,8.858151,11.069613,-2.211462,-2.320762
0.867000,8.863976,11.081743,-2.217768,-2.318388
0.868000,8.869786,11.093830,-2.224044,-2.315984
0.869000,8.875582,11.105874,-2.230292,-2.313551
0.870000,8.881364,11.117875,-2.236511,-2.311090
0.871000,8.887133,11.129833,-2.242701,-2.308600
0.872000,8.892887,11.141748,-2.248861,-2.306082
0.873000,8.898627,11.153620,-2.254993,-2.303535
0.874000,8.904353,11.165448,-2.261095,-2.300959
0.875000,8.910065,11.177233,-2.267168,-2.298355
0.876000,8.915763,11.188974,-2.273211,-2.295723
0.877000,8.921447,11.200672,-2.279225,-2.293062
0.878000,8.927117,11.212327,-2.285210,-2.290374
0.879000,8.932773,11.223937,-2.291164,-2.287657
0.880000,8.938414,11.235504,-2.297090,-2.284912
0.881000,8.944042,11.247027,-2.302985,-2.282139
0.882000,8.949655,11.258506,-2.308850,-2.279338
0.883000,8.955254,11.269940,-2.314686,-2.276509
0.884000,8.960839,11.281331,-2.320492,-2.273653
0.885000,8.966410,11.292678,-2.326268,-2.270769
0.886000,8.971967,11.303980,-2.332013,-2.267857
0.887000,8.977510,11.315238,-2.337729,-2.264918
0.888000,8.983038,11.326452,-2.343414,-2.261951
0.889000,8.988552,11.337621,-2.349069,-2.258957
0.890000,8.994053,11.348746,-2.354693,-2.255936
0.891000,8.999538,11.359826,-2.360287,-2.252887
0.892000,9.005010,11.370861,-2.365851,-2.249811
0.893000,9.010467,11.381852,-2.371384,-2.246708
0.894000,9.015911,11.392798,-2.376887,-2.243578
0.895000,9.021340,11.403698,-2.382359,-2.240421
0.896000,9.026754,11.414554,-2.387800,-2.237237
0.897000,9.032155,11.425365,-2.393211,-2.234026
0.898000,9.037541,11.436131,-2.398590,-2.230789
0.899000,9.042913,11.446852,-2.403939,-2.227525
0.900000,9.048271,11.457527,-2.409257,-2.224235
0.901000,9.053614,11.468157,-2.414543,-2.220918
0.902000,9.058943,11.478742,-2.419799,-2.217574
0.903000,9.064258,11.489281,-2.425024,-2.214204
0.904000,9.069558,11.499775,-2.430217,-2.210808
0.905000,9.074844,11.510223,-2.435379,-2.207386
0.906000,9.080116,11.520626,-2.440510,-2.203938
0.907000,9.085373,11.530983,-2.445609,-2.200464
0.908000,9.090617,11.541294,-2.450678,-2.196963
0.909000,9.095845,11.551560,-2.455714,-2.193437
0.910000,9.101060,11.561779,-2.460719,-2.189886
0.911000,9.106260,11.571953,-2.465693,-2.186308
0.912000,9.111445,11.582080,-2.470635,-2.182705
0.913000,9.116617,11.592162,-2.475545,-2.179076
0.914000,9.121773,11.602197,-2.480424,-2.175422
0.915000,9.126916,11.612187,-2.485271,-2.171743
0.916000,9.132044,11.622130,-2.490086,-2.168038
0.917000,9.137158,11.632027,-2.494869,-2.164308
0.918000,9.142257,11.641877,-2.499620,-2.160553
0.919000,9.147341,11.651681,-2.504340,-2.156773
0.920000,9.152412,11.661439,-2.509027,-2.152968
0.921000,9.157468,11.671150,-2.513683,-2.149139
0.922000,9.162509,11.680815,-2.518306,-2.145284
0.923000,9.167536,11.690433,-2.522897,-2.141405
0.924000,9.172548,11.700004,-2.527456,-2.137501
0.925000,9.177546,11.709529,-2.531982,-2.133573
0.926000,9.182530,11.719007,-2.536477,-2.129620
0.927000,9.187499,11.728438,-2.540939,-2.125643
0.928000,9.192453,11.737822,-2.545369,-2.121641
0.929000,9.197393,11.747159,-2.549766,-2.117616
0.930000,9.202318,11.756450,-2.554131,-2.113566
0.931000,9.207229,11.765693,-2.558464,-2.109492
0.932000,9.212126,11.774889,-2.562763,-2.105395
0.933000,9.217007,11.784038,-2.567031,-2.101274
0.934000,9.221875,11.793140,-2.571266,-2.097128
0.935000,9.226727,11.802195,-2.575468,-2.092960
0.936000,9.231566,11.811203,-2.579637,-2.088767
0.937000,9.236389,11.820163,-2.583774,-2.084552
0.938000,9.241198,11.829076,-2.587878,-2.080312
0.939000,9.245992,11.837941,-2.591949,-2.076050
0.940000,9.250772,11.846760,-2.595988,-2.071764
0.941000,9.255537,11.855530,-2.599993,-2.067456
0.942000,9.260288,11.864253,-2.603966,-2.063124
0.943000,9.265024,11.872929,-2.607905,-2.058769
0.944000,9.269745,11.881557,-2.611812,-2.054392
0.945000,9.274452,11.890137,-2.615686,-2.049991
0.946000,9.279144,11.898670,-2.619527,-2.045568
0.947000,9.283821,11.907155,-2.623334,-2.041123
0.948000,9.288484,11.915592,-2.627109,-2.036655
0.949000,9.293132,11.923982,-2.630850,-2.032164
0.950000,9.297765,11.932324,-2.634559,-2.027652
0.951000,9.302384,11.940617,-2.638234,-2.023117
0.952000,9.306987,11.948863,-2.641876,-2.018560
0.953000,9.311577,11.957061,-2.645484,-2.013981
0.954000,9.316151,11.965211,-2.649060,-2.009380
0.955000,9.320711,11.973313,-2.652602,-2.004757
0.956000,9.325256,11.981367,-2.656111,-2.000113
0.957000,9.329787,11.989373,-2.659586,-1.995447
0.958000,9.334302,11.997331,-2.663028,-1.990759
0.959000,9.338803,12.005240,-2.666437,-1.986050
0.960000,9.343289,12.013102,-2.669812,-1.981320
0.961000,9.347761,12.020915,-2.673154,-1.976568
0.962000,9.352218,12.028680,-2.676462,-1.971795
0.963000,9.356659,12.036397,-2.679737,-1.967001
0.964000,9.361087,12.044065,-2.682978,-1.962186
0.965000,9.365499,12.051685,-2.686186,-1.957350
0.966000,9.369896,12.059257,-2.689360,-1.952494
0.967000,9.374279,12.066780,-2.692501,-1.947616
0.968000,9.378647,12.074255,-2.695608,-1.942718
0.969000,9.383000,12.081682,-2.698681,-1.937800
0.970000,9.387339,12.089060,-2.701721,-1.932861
0.971000,9.391662,12.096389,-2.704727,-1.927902
0.972000,9.395971,12.103670,-2.707700,-1.922923
0.973000,9.400265,12.110903,-2.710638,-1.917923
0.974000,9.404544,12.118087,-2.713543,-1.912904
0.975000,9.408808,12.125222,-2.716415,-1.907864
0.976000,9.413057,12.132309,-2.719252,-1.902805
0.977000,9.417291,12.139347,-2.722056,-1.897726
0.978000,9.421511,12.146337,-2.724826,-1.892628
0.979000,9.425716,12.153278,-2.727562,-1.887510
0.980000,9.429905,12.160170,-2.730264,-1.882372
0.981000,9.434080,12.167013,-2.732933,-1.877215
0.982000,9.438240,12.173808,-2.735568,-1.872039
0.983000,9.442385,12.180554,-2.738168,-1.866844
0.984000,9.446515,12.187251,-2.740735,-1.861630
0.985000,9.450631,12.193899,-2.743268,-1.856397
0.986000,9.454731,12.200499,-2.745768,-1.851145
0.987000,9.458816,12.207050,-2.748233,-1.845874
0.988000,9.462887,12.213551,-2.750664,-1.840585
0.989000,9.466942,12.220005,-2.753062,-1.835277
0.990000,9.470983,12.226409,-2.755426,-1.829951
0.991000,9.475009,12.232764,-2.757755,-1.824606
0.992000,9.479019,12.239070,-2.760051,-1.819243
0.993000,9.483015,12.245328,-2.762313,-1.813862
0.994000,9.486996,12.251537,-2.764541,-1.808463
0.995000,9.490961,12.257696,-2.766735,-1.803046
0.996000,9.494912,12.263807,-2.768895,-1.797612
0.997000,9.498848,12.269869,-2.771021,-1.792159
0.998000,9.502769,12.275881,-2.773113,-1.786689
0.999000,9.506674,12.281845,-2.775171,-1.781201
1.000000,9.510565,12.287760,-2.777195,-1.775696
1.001000,9.514441,12.293626,-2.779185,-1.770174
1.002000,9.518302,12.299443,-2.781141,-1.764634
1.003000,9.522147,12.305210,-2.783063,-1.759078
1.004000,9.525978,12.310929,-2.784951,-1.753504
1.005000,9.529793,12.316599,-2.786806,-1.747913
1.006000,9.533594,12.322220,-2.788626,-1.742306
1.007000,9.537379,12.327791,-2.790412,-1.736682
1.008000,9.541150,12.333314,-2.792164,-1.731041
1.009000,9.544905,12.338788,-2.793883,-1.725384
1.010000,9.548645,12.344212,-2.795567,-1.719710
1.011000,9.552371,12.349588,-2.797217,-1.714020
1.012000,9.556081,12.354914,-2.798833,-1.708314
1.013000,9.559776,12.360192,-2.800416,-1.702592
1.014000,9.563456,12.365420,-2.801964,-1.696854
1.015000,9.567121,12.370599,-2.803479,-1.691100
1.016000,9.570770,12.375729,-2.804959,-1.685330
1.017000,9.574405,12.380811,-2.806406,-1.679544
1.018000,9.578024,12.385843,-2.807818,-1.673743
1.019000,9.581629,12.390826,-2.809197,-1.667927
1.020000,9.585218,12.395760,-2.810542,-1.662095
1.021000,9.588792,12.400645,-2.811853,-1.656248
1.022000,9.592351,12.405480,-2.813130,-1.650385
1.023000,9.595895,12.410267,-2.814373,-1.644508
1.024000,9.599423,12.415005,-2.815582,-1.638616
1.025000,9.602937,12.419694,-2.816757,-1.632709
1.026000,9.606435,12.424334,-2.817898,-1.626787
1.027000,9.609918,12.428924,-2.819006,-1.620851
1.028000,9.613386,12.433466,-2.820080,-1.614900
1.029000,9.616839,12.437958,-2.821119,-1.608934
1.030000,9.620277,12.442402,-2.822125,-1.602955
1.031000,9.623699,12.446797,-2.823098,-1.596961
1.032000,9.627106,12.451142,-2.824036,-1.590953
1.033000,9.630498,12.455439,-2.824941,-1.584931
1.034000,9.633875,12.459687,-2.825811,-1.578895
1.035000,9.637237,12.463885,-2.826649,-1.572846
1.036000,9.640583,12.468035,-2.827452,-1.566783
1.037000,9.643914,12.472136,-2.828222,-1.560706
1.038000,9.647230,12.476188,-2.828957,-1.554616
1.039000,9.650531,12.480191,-2.829660,-1.548512
1.040000,9.653816,12.484145,-2.830328,-1.542395
1.041000,9.657087,12.488050,-2.830963,-1.536265
1.042000,9.660342,12.491906,-2.831564,-1.530122
1.043000,9.663581,12.495713,-2.832132,-1.523967
1.044000,9.666806,12.499472,-2.832666,-1.517798
1.045000,9.670015,12.503182,-2.833167,-1.511616
1.046000,9.673209,12.506842,-2.833634,-1.505422
1.047000,9.676387,12.510454,-2.834067,-1.499216
1.048000,9.679551,12.514018,-2.834467,-1.492997
1.049000,9.682699,12.517532,-2.834833,-1.486766
1.050000,9.685832,12.520998,-2.835166,-1.480523
1.051000,9.688949,12.524415,-2.835466,-1.474267
1.052000,9.692051,12.527783,-2.835732,-1.468000
1.053000,9.695138,12.531103,-2.835965,-1.461721
1.054000,9.698210,12.534374,-2.836164,-1.455430
1.055000,9.701266,12.537596,-2.836330,-1.449127
1.056000,9.704307,12.540769,-2.836463,-1.442813
1.057000,9.707333,12.543894,-2.836562,-1.436488
1.058000,9.710343,12.546971,-2.836628,-1.430151
1.059000,9.713338,12.549999,-2.836661,-1.423803
1.060000,9.716317,12.552978,-2.836660,-1.417444
1.061000,9.719282,12.555908,-2.836627,-1.411073
1.062000,9.722231,12.558791,-2.836560,-1.404693
1.063000,9.725164,12.561624,-2.836460,-1.398301
1.064000,9.728082,12.564410,-2.836327,-1.391898
1.065000,9.730985,12.567146,-2.836161,-1.385485
1.066000,9.733873,12.569835,-2.835962,-1.379062
1.067000,9.736745,12.572475,-2.835730,-1.372628
1.068000,9.739601,12.575067,-2.835465,-1.366184
1.069000,9.742443,12.577610,-2.835167,-1.359730
1.070000,9.745269,12.580105,-2.834836,-1.353266
1.071000,9.748079,12.582552,-2.834473,-1.346792
1.072000,9.750874,12.584951,-2.834076,-1.340308
1.073000,9.753654,12.587301,-2.833647,-1.333815
1.074000,9.756419,12.589603,-2.833184,-1.327311
1.075000,9.759168,12.591857,-2.832690,-1.320799
1.076000,9.761901,12.594063,-2.832162,-1.314277
1.077000,9.764619,12.596221,-2.831602,-1.307746
1.078000,9.767322,12.598331,-2.831009,-1.301205
1.079000,9.770009,12.600393,-2.830383,-1.294656
1.080000,9.772681,12.602406,-2.829725,-1.288098
1.081000,9.775338,12.604372,-2.829034,-1.281531
1.082000,9.777979,12.606290,-2.828311,-1.274955
1.083000,9.780604,12.608160,-2.827556,-1.268370
1.084000,9.783214,12.609982,-2.826768,-1.261777
1.085000,9.785809,12.611757,-2.825947,-1.255176
1.086000,9.788388,12.613483,-2.825095,-1.248566
1.087000,9.790952,12.615162,-2.824210,-1.241949
1.088000,9.793500,12.616793,-2.823293,-1.235323
1.089000,9.796033,12.618376,-2.822343,-1.228689
1.090000,9.798551,12.619912,-2.821362,-1.222047
1.091000,9.801052,12.621400,-2.820348,-1.215398
1.092000,9.803539,12.622841,-2.819302,-1.208741
1.093000,9.806010,12.624234,-2.818224,-1.202076
1.094000,9.808465,12.625580,-2.817115,-1.195404
1.095000,9.810905,12.626878,-2.815973,-1.188725
1.096000,9.813330,12.628129,-2.814799,-1.182039
1.097000,9.815739,12.629332,-2.813594,-1.175345
1.098000,9.818132,12.630488,-2.812356,-1.168644
1.099000,9.820510,12.631597,-2.811087,-1.161937
1.100000,9.822873,12.632659,-2.809786,-1.155223
1.101000,9.825219,12.633673,-2.808454,-1.148502
1.102000,9.827551,12.634641,-2.807090,-1.141775
1.103000,9.829867,12.635561,-2.805694,-1.135041
1.104000,9.832167,12.636434,-2.804267,-1.128301
1.105000,9.834452,12.637260,-2.802808,-1.121554
1.106000,9.836721,12.638039,-2.801318,-1.114802
1.107000,9.838975,12.638771,-2.799796,-1.108043
1.108000,9.841213,12.639457,-2.798243,-1.101279
1.109000,9.843436,12.640095,-2.796659,-1.094509
1.110000,9.845643,12.640687,-2.795044,-1.087733
1.111000,9.847835,12.641232,-2.793397,-1.080952
1.112000,9.850011,12.641730,-2.791719,-1.074165
1.113000,9.852172,12.642182,-2.790011,-1.067372
1.114000,9.854317,12.642587,-2.788271,-1.060575
1.115000,9.856446,12.642946,-2.786500,-1.053772
1.116000,9.858560,12.643258,-2.784698,-1.046964
1.117000,9.860658,12.643523,-2.782865,-1.040152
1.118000,9.862741,12.643743,-2.781002,-1.033334
1.119000,9.864808,12.643916,-2.779108,-1.026518
1.120000,9.866859,12.644042,-2.777183,-1.019670
1.121000,9.868895,12.644122,-2.775226,-1.012710
1.122000,9.870916,12.644153,-2.773238,-1.005492
1.123000,9.872921,12.644135,-2.771215,-0.997931
1.124000,9.874910,12.644066,-2.769157,-0.990198
1.125000,9.876883,12.643948,-2.767064,-0.982562
1.126000,9.878841,12.643780,-2.764938,-0.975008
1.127000,9.880784,12.643563,-2.762779,-0.967575
1.128000,9.882711,12.643298,-2.760587,-0.960170
1.129000,9.884622,12.642985,-2.758363,-0.952873
1.130000,9.886517,12.642624,-2.756107,-0.945650
1.131000,9.888397,12.642216,-2.753819,-0.938480
1.132000,9.890262,12.641762,-2.751500,-0.931369
1.133000,9.892111,12.641261,-2.749150,-0.924294
1.134000,9.893944,12.640713,-2.746769,-0.917216
1.135000,9.895761,12.640119,-2.744358,-0.910136
1.136000,9.897563,12.639479,-2.741916,-0.903052
1.137000,9.899349,12.638793,-2.739443,-0.895966
1.138000,9.901120,12.638060,-2.736940,-0.888878
1.139000,9.902875,12.637282,-2.734407,-0.881786
1.140000,9.904614,12.636457,-2.731843,-0.874693
1.141000,9.906338,12.635586,-2.729248,-0.867597
1.142000,9.908046,12.634669,-2.726623,-0.860500
1.143000,9.909738,12.633707,-2.723968,-0.853400
1.144000,9.911415,12.632698,-2.721283,-0.846298
1.145000,9.913076,12.631644,-2.718568,-0.839195
1.146000,9.914722,12.630545,-2.715823,-0.832089
1.147000,9.916352,12.629399,-2.713048,-0.824983
1.148000,9.917966,12.628208,-2.710242,-0.817874
1.149000,9.919564,12.626972,-2.707408,-0.810765
1.150000,9.921147,12.625690,-2.704543,-0.803654
1.151000,9.922714,12.624363,-2.701649,-0.796542
1.152000,9.924266,12.622990,-2.698725,-0.789429
1.153000,9.925801,12.621573,-2.695771,-0.782315
1.154000,9.927322,12.620110,-2.692788,-0.775200
1.155000,9.928826,12.618602,-2.689776,-0.768084
1.156000,9.930315,12.617049,-2.686734,-0.760968
1.157000,9.931788,12.615451,-2.683664,-0.753851
1.158000,9.933245,12.613809,-2.680564,-0.746734
1.159000,9.934687,12.612121,-2.677434,-0.739617
1.160000,9.936113,12.610389,-2.674276,-0.732499
1.161000,9.937523,12.608612,-2.671089,-0.725381
1.162000,9.938918,12.606791,-2.667873,-0.718264
1.163000,9.940297,12.604925,-2.664628,-0.711146
1.164000,9.941660,12.603015,-2.661355,-0.704029
1.165000,9.943008,12.601060,-2.658052,-0.696912
1.166000,9.944340,12.599061,-2.654722,-0.689796
1.167000,9.945656,12.597018,-2.651362,-0.682680
1.168000,9.946956,12.594931,-2.647975,-0.675565
1.169000,9.948241,12.592800,-2.644558,-0.668450
1.170000,9.949510,12.590624,-2.641114,-0.661336
1.171000,9.950763,12.588405,-2.637642,-0.654224
1.172000,9.952001,12.586142,-2.634141,-0.647112
1.173000,9.953223,12.583835,-2.630612,-0.640002
1.174000,9.954429,12.581485,-2.627055,-0.632893
1.175000,9.955620,12.579090,-2.623471,-0.625785
1.176000,9.956794,12.576653,-2.619858,-0.618679
1.177000,9.957953,12.574172,-2.616218,-0.611575
1.178000,9.959097,12.571647,-2.612550,-0.604472
1.179000,9.960224,12.569079,-2.608855,-0.597371
1.180000,9.961336,12.566468,-2.605132,-0.590272
1.181000,9.962432,12.563814,-2.601382,-0.583175
1.182000,9.963513,12.561117,-2.597604,-0.576080
1.183000,9.964577,12.558377,-2.593800,-0.568987
1.184000,9.965626,12.555594,-2.589968,-0.561897
1.185000,9.966659,12.552768,-2.586109,-0.554809
1.186000,9.967677,12.549899,-2.582222,-0.547724
1.187000,9.968678,12.546988,-2.578309,-0.540641
1.188000,9.969664,12.544034,-2.574370,-0.533561
1.189000,9.970635,12.541038,-2.570403,-0.526484
1.190000,9.971589,12.537999,-2.566410,-0.519410
1.191000,9.972528,12.534918,-2.562390,-0.512339
1.192000,9.973451,12.531794,-2.558343,-0.505271
1.193000,9.974358,12.528629,-2.554271,-0.498207
1.194000,9.975249,12.525421,-2.550172,-0.491145
1.195000,9.976125,12.522171,-2.546046,-0.484088
1.196000,9.976985,12.518880,-2.541895,-0.477033
1.197000,9.977829,12.515546,-2.537717,-0.469983
1.198000,9.978658,12.512171,-2.533514,-0.462936
1.199000,9.979470,12.508754,-2.529284,-0.455893
1.200000,9.980267,12.505296,-2.525029,-0.448854
1.201000,9.981048,12.501796,-2.520748,-0.441819
1.202000,9.981814,12.498255,-2.516441,-0.434789
1.203000,9.982564,12.494672,-2.512109,-0.427762
1.204000,9.983297,12.491048,-2.507751,-0.420740
1.205000,9.984016,12.487383,-2.503368,-0.413723
1.206000,9.984718,12.483677,-2.498960,-0.406710
1.207000,9.985404,12.479930,-2.494526,-0.399701
1.208000,9.986075,12.476142,-2.490067,-0.392698
1.209000,9.986730,12.472314,-2.485583,-0.385699
1.210000,9.987370,12.468444,-2.481075,-0.378706
1.211000,9.987993,12.464534,-2.476541,-0.371717
1.212000,9.988601,12.460584,-2.471983,-0.364733
1.213000,9.989193,12.456593,-2.467400,-0.357755
1.214000,9.989769,12.452561,-2.462792,-0.350782
1.215000,9.990329,12.448490,-2.458160,-0.343815
1.216000,9.990874,12.444378,-2.453504,-0.336853
1.217000,9.991403,12.440226,-2.448823,-0.329897
1.218000,9.991916,12.436034,-2.444118,-0.322947
1.219000,9.992413,12.431803,-2.439389,-0.316002
1.220000,9.992895,12.427531,-2.434636,-0.309064
1.221000,9.993360,12.423220,-2.429859,-0.302131
1.222000,9.993810,12.418869,-2.425058,-0.295205
1.223000,9.994245,12.414478,-2.420234,-0.288284
1.224000,9.994663,12.410049,-2.415386,-0.281371
1.225000,9.995066,12.405579,-2.410514,-0.274463
1.226000,9.995452,12.401071,-2.405618,-0.267562
1.227000,9.995823,12.396523,-2.400700,-0.260668
1.228000,9.996179,12.391937,-2.395758,-0.253780
1.229000,9.996518,12.387311,-2.390793,-0.246900
1.230000,9.996842,12.382646,-2.385805,-0.240026
1.231000,9.997150,12.377943,-2.380793,-0.233159
1.232000,9.997442,12.373201,-2.375759,-0.226299
1.233000,9.997718,12.368420,-2.370702,-0.219447
1.234000,9.997979,12.363601,-2.365623,-0.212601
1.235000,9.998224,12.358744,-2.360520,-0.205763
1.236000,9.998452,12.353848,-2.355396,-0.198933
1.237000,9.998666,12.348914,-2.350248,-0.192110
1.238000,9.998863,12.343942,-2.345079,-0.185295
1.239000,9.999045,12.338932,-2.339887,-0.178487
1.240000,9.999210,12.333884,-2.334673,-0.171687
1.241000,9.999360,12.328798,-2.329437,-0.164896
1.242000,9.999495,12.323674,-2.324180,-0.158112
1.243000,9.999613,12.318513,-2.318900,-0.151336
1.244000,9.999716,12.313314,-2.313598,-0.144569
1.245000,9.999803,12.308078,-2.308275,-0.137810
1.246000,9.999874,12.302804,-2.302931,-0.131059
1.247000,9.999929,12.297494,-2.297565,-0.124317
1.248000,9.999968,12.292146,-2.292177,-0.117583
1.249000,9.999992,12.286761,-2.286769,-0.110858
1.250000,10.000000,12.281339,-2.281339,-0.104142
1.251000,9.999992,12.275880,-2.275888,-0.097434
1.252000,9.999968,12.270385,-2.270416,-0.090736
1.253000,9.999929,12.264853,-2.264924,-0.084046
1.254000,9.999874,12.259284,-2.259410,-0.077366
1.255000,9.999803,12.253679,-2.253876,-0.070695
1.256000,9.999716,12.248037,-2.248322,-0.064033
1.257000,9.999613,12.242360,-2.242747,-0.057380
1.258000,9.999495,12.236646,-2.237151,-0.050737
1.259000,9.999360,12.230896,-2.231536,-0.044103
1.260000,9.999210,12.225110,-2.225900,-0.037480
1.261000,9.999045,12.219289,-2.220244,-0.030865
1.262000,9.998863,12.213431,-2.214568,-0.024261
1.263000,9.998666,12.207538,-2.208873,-0.017666
1.264000,9.998452,12.201610,-2.203157,-0.011082
1.265000,9.998224,12.195646,-2.197422,-0.004507
1.266000,9.997979,12.189647,-2.191668,0.002057
1.267000,9.997718,12.183612,-2.185894,0.008611
1.268000,9.997442,12.177543,-2.180101,0.015155
1.269000,9.997150,12.171438,-2.174288,0.021688
1.270000,9.996842,12.165299,-2.168457,0.028211
1.271000,9.996518,12.159124,-2.162606,0.034723
1.272000,9.996179,12.152915,-2.156737,0.041225
1.273000,9.995823,12.146672,-2.150848,0.047716
1.274000,9.995452,12.140394,-2.144941,0.054196
1.275000,9.995066,12.134081,-2.139016,0.060665
1.276000,9.994663,12.127734,-2.133071,0.067123
1.277000,9.994245,12.121354,-2.127109,0.073571
1.278000,9.993810,12.114939,-2.121128,0.080007
1.279000,9.993360,12.108490,-2.115129,0.086431
1.280000,9.992895,12.102007,-2.109112,0.092845
1.281000,9.992413,12.095490,-2.103077,0.099247
1.282000,9.991916,12.088940,-2.097024,0.105637
1.283000,9.991403,12.082356,-2.090953,0.112016
1.284000,9.990874,12.075739,-2.084865,0.118383
1.285000,9.990329,12.069089,-2.078759,0.124739
1.286000,9.989769,12.062405,-2.072636,0.131083
1.287000,9.989193,12.055688,-2.066495,0.137414
1.288000,9.988601,12.048938,-2.060337,0.143734
1.289000,9.987993,12.042155,-2.054162,0.150042
1.290000,9.987370,12.035340,-2.047970,0.156338
1.291000,9.986730,12.028492,-2.041761,0.162621
1.292000,9.986075,12.021611,-2.035536,0.168893
1.293000,9.985404,12.014697,-2.029293,0.175152
1.294000,9.984718,12.007752,-2.023034,0.181398
1.295000,9.984016,12.000774,-2.016758,0.187632
1.296000,9.983297,11.993764,-2.010466,0.193853
1.297000,9.982564,11.986722,-2.004158,0.200062
1.298000,9.981814,11.979648,-1.997834,0.206258
1.299000,9.981048,11.972542,-1.991493,0.212441
1.300000,9.980267,11.965404,-1.985137,0.218611
1.301000,9.979470,11.958235,-1.978765,0.224768
1.302000,9.978658,11.951034,-1.972377,0.230912
1.303000,9.977829,11.943802,-1.965973,0.237043
1.304000,9.976985,11.936539,-1.959554,0.243161
1.305000,9.976125,11.929244,-1.953119,0.249266
1.306000,9.975249,11.921919,-1.946670,0.255357
1.307000,9.974358,11.914562,-1.940205,0.261435
1.308000,9.973451,11.907175,-1.933724,0.267499
1.309000,9.972528,11.899757,-1.927229,0.273550
1.310000,9.971589,11.892308,-1.920719,0.279587
1.311000,9.970635,11.884829,-1.914195,0.285610
1.312000,9.969664,11.877319,-1.907655,0.291619
1.313000,9.968678,11.869780,-1.901101,0.297615
1.314000,9.967677,11.862209,-1.894533,0.303597
1.315000,9.966659,11.854609,-1.887950,0.309564
1.316000,9.965626,11.846979,-1.881353,0.315518
1.317000,9.964577,11.839319,-1.874742,0.321458
1.318000,9.963513,11.831630,-1.868117,0.327383
1.319000,9.962432,11.823910,-1.861478,0.333294
1.320000,9.961336,11.816162,-1.854825,0.339190
1.321000,9.960224,11.808383,-1.848159,0.345073
1.322000,9.959097,11.800576,-1.841479,0.350940
1.323000,9.957953,11.792739,-1.834786,0.356793
1.324000,9.956794,11.784873,-1.828079,0.362632
1.325000,9.955620,11.776979,-1.821359,0.368455
1.326000,9.954429,11.769055,-1.814626,0.374264
1.327000,9.953223,11.761103,-1.807880,0.380059
1.328000,9.952001,11.753122,-1.801121,0.385838
1.329000,9.950763,11.745113,-1.794349,0.391602
1.330000,9.949510,11.737075,-1.787565,0.397351
1.331000,9.948241,11.729009,-1.780768,0.403085
1.332000,9.946956,11.720915,-1.773958,0.408804
1.333000,9.945656,11.712792,-1.767137,0.414508
1.334000,9.944340,11.704642,-1.760303,0.420196
1.335000,9.943008,11.696464,-1.753456,0.425869
1.336000,9.941660,11.688258,-1.746598,0.431527
1.337000,9.940297,11.680025,-1.739728,0.437169
1.338000,9.938918,11.671764,-1.732846,0.442795
1.339000,9.937523,11.663476,-1.725953,0.448406
1.340000,9.936113,11.655161,-1.719047,0.454001
1.341000,9.934687,11.646818,-1.712131,0.459580
1.342000,9.933245,11.638448,-1.705203,0.465144
1.343000,9.931788,11.630052,-1.698264,0.470692
1.344000,9.930315,11.621628,-1.691313,0.476223
1.345000,9.928826,11.613178,-1.684352,0.481739
1.346000,9.927322,11.604701,-1.677380,0.487239
1.347000,9.925801,11.596198,-1.670397,0.492722
1.348000,9.924266,11.587669,-1.663403,0.498189
1.349000,9.922714,11.579113,-1.656399,0.503641
1.350000,9.921147,11.570531,-1.649384,0.509075
1.351000,9.919564,11.561923,-1.642359,0.514494
1.352000,9.917966,11.553289,-1.635323,0.519896
1.353000,9.916352,11.544630,-1.628278,0.525281
1.354000,9.914722,11.535944,-1.621222,0.530650
1.355000,9.913076,11.527233,-1.614157,0.536002
1.356000,9.911415,11.518497,-1.607082,0.541338
1.357000,9.909738,11.509735,-1.599997,0.546656
1.358000,9.908046,11.500949,-1.592903,0.551959
1.359000,9.906338,11.492137,-1.585799,0.557244
1.360000,9.904614,11.483300,-1.578685,0.562512
1.361000,9.902875,11.474438,-1.571563,0.567763
1.362000,9.901120,11.465551,-1.564431,0.572998
1.363000,9.899349,11.456640,-1.557291,0.578215
1.364000,9.897563,11.447704,-1.550141,0.583415
1.365000,9.895761,11.438744,-1.542983,0.588598
1.366000,9.893944,11.429760,-1.535816,0.593764
1.367000,9.892111,11.420751,-1.528640,0.598912
1.368000,9.890262,11.411718,-1.521456,0.604043
1.369000,9.888397,11.402661,-1.514264,0.609157
1.370000,9.886517,11.393581,-1.507063,0.614253
1.371000,9.884622,11.384476,-1.499855,0.619332
1.372000,9.882711,11.375348,-1.492638,0.624393
1.373000,9.880784,11.366197,-1.485413,0.629437
1.374000,9.878841,11.357022,-1.478181,0.634463
1.375000,9.876883,11.347824,-1.470941,0.639471
1.376000,9.874910,11.338603,-1.463693,0.644461
1.377000,9.872921,11.329359,-1.456438,0.649434
1.378000,9.870916,11.320091,-1.449175,0.654388
1.379000,9.868895,11.310801,-1.441906,0.659325
1.380000,9.866859,11.301488,-1.434629,0.664244
1.381000,9.864808,11.292153,-1.427345,0.669145
1.382000,9.862741,11.282795,-1.420054,0.674028
1.383000,9.860658,11.273415,-1.412757,0.678892
1.384000,9.858560,11.264013,-1.405453,0.683739
1.385000,9.856446,11.254588,-1.398142,0.688567
1.386000,9.854317,11.245141,-1.390825,0.693377
1.387000,9.852172,11.235673,-1.383501,0.698168
1.388000,9.850011,11.226183,-1.376172,0.702942
1.389000,9.847835,11.216671,-1.368836,0.707697
1.390000,9.845643,11.207137,-1.361494,0.712433
1.391000,9.843436,11.197582,-1.354146,0.717151
1.392000,9.841213,11.188006,-1.346793,0.721850
1.393000,9.838975,11.178408,-1.339433,0.726531
1.394000,9.836721,11.168790,-1.332068,0.731193
1.395000,9.834452,11.159150,-1.324698,0.735837
1.396000,9.832167,11.149490,-1.317323,0.740461
1.397000,9.829867,11.139809,-1.309942,0.745067
1.398000,9.827551,11.130107,-1.302556,0.749655
1.399000,9.825219,11.120384,-1.295165,0.754223
1.400000,9.822873,11.110641,-1.287769,0.758772
1.401000,9.820510,11.100878,-1.280368,0.763303
1.402000,9.818132,11.091095,-1.272963,0.767814
1.403000,9.815739,11.081292,-1.265553,0.772307
1.404000,9.813330,11.071468,-1.258139,0.776780
1.405000,9.810905,11.061625,-1.250720,0.781234
1.406000,9.808465,11.051762,-1.243297,0.785669
1.407000,9.806010,11.041880,-1.235870,0.790085
1.408000,9.803539,11.031978,-1.228439,0.794482
1.409000,9.801052,11.022056,-1.221004,0.798859
1.410000,9.798551,11.012115,-1.213565,0.803217
1.411000,9.796033,11.002156,-1.206122,0.807556
1.412000,9.793500,10.992177,-1.198676,0.811875
1.413000,9.790952,10.982179,-1.191227,0.816175
1.414000,9.788388,10.972162,-1.183774,0.820456
1.415000,9.785809,10.962127,-1.176318,0.824716
1.416000,9.783214,10.952073,-1.168858,0.828958
1.417000,9.780604,10.942000,-1.161396,0.833180
1.418000,9.777979,10.931909,-1.153931,0.837382
1.419000,9.775338,10.921800,-1.146463,0.841564
1.420000,9.772681,10.911673,-1.138992,0.845727
1.421000,9.770009,10.901528,-1.131518,0.849870
1.422000,9.767322,10.891365,-1.124043,0.853994
1.423000,9.764619,10.881184,-1.116564,0.858097
1.424000,9.761901,10.870985,-1.109084,0.862181
1.425000,9.759168,10.860769,-1.101601,0.866245
1.426000,9.756419,10.850535,-1.094116,0.870289
1.427000,9.753654,10.840284,-1.086630,0.874313
1.428000,9.750874,10.830015,-1.079141,0.878317
1.429000,9.748079,10.819730,-1.071651,0.882301
1.430000,9.745269,10.809428,-1.064159,0.886265
1.431000,9.742443,10.799108,-1.056665,0.890209
1.432000,9.739601,10.788772,-1.049171,0.894132
1.433000,9.736745,10.778419,-1.041674,0.898036
1.434000,9.733873,10.768050,-1.034177,0.901920
1.435000,9.730985,10.757664,-1.026679,0.905783
1.436000,9.728082,10.747262,-1.019179,0.909626
1.437000,9.725164,10.736843,-1.011679,0.913449
1.438000,9.722231,10.726409,-1.004178,0.917252
1.439000,9.719282,10.715958,-0.996677,0.921034
1.440000,9.716317,10.705492,-0.989174,0.924796
1.441000,9.713338,10.695009,-0.981672,0.928537
1.442000,9.710343,10.684511,-0.974169,0.932259
1.443000,9.707333,10.673998,-0.966665,0.935959
1.444000,9.704307,10.663469,-0.959162,0.939640
1.445000,9.701266,10.652925,-0.951659,0.943300
1.446000,9.698210,10.642365,-0.944156,0.946939
1.447000,9.695138,10.631791,-0.936652,0.950558
1.448000,9.692051,10.621201,-0.929150,0.954156
1.449000,9.688949,10.610596,-0.921647,0.957734
1.450000,9.685832,10.599977,-0.914145,0.961291
1.451000,9.682699,10.589343,-0.906644,0.964827
1.452000,9.679551,10.578695,-0.899144,0.968343
1.453000,9.676387,10.568031,-0.891644,0.971838
1.454000,9.673209,10.557354,-0.884145,0.975312
1.455000,9.670015,10.546662,-0.876648,0.978766
1.456000,9.666806,10.535957,-0.869151,0.982199
1.457000,9.663581,10.525237,-0.861656,0.985611
1.458000,9.660342,10.514503,-0.854162,0.989002
1.459000,9.657087,10.503756,-0.846669,0.992373
1.460000,9.653816,10.492995,-0.839178,0.995723
1.461000,9.650531,10.482220,-0.831689,0.999051
1.462000,9.647230,10.471432,-0.824201,1.002359
1.463000,9.643914,10.460630,-0.816716,1.005646
1.464000,9.640583,10.449815,-0.809232,1.008912
1.465000,9.637237,10.438987,-0.801751,1.012158
1.466000,9.633875,10.428146,-0.794271,1.015382
1.467000,9.630498,10.417292,-0.786794,1.018585
1.468000,9.627106,10.406426,-0.779319,1.021767
1.469000,9.623699,10.395546,-0.771847,1.024928
1.470000,9.620277,10.384654,-0.764377,1.028068
1.471000,9.616839,10.373749,-0.756910,1.031187
1.472000,9.613386,10.362832,-0.749446,1.034285
1.473000,9.609918,10.351903,-0.741985,1.037362
1.474000,9.606435,10.340962,-0.734527,1.040418
1.475000,9.602937,10.330008,-0.727071,1.043453
1.476000,9.599423,10.319043,-0.719619,1.046466
1.477000,9.595895,10.308065,-0.712171,1.049459
1.478000,9.592351,10.297076,-0.704725,1.052430
1.479000,9.588792,10.286076,-0.697284,1.055380
1.480000,9.585218,10.275063,-0.689846,1.058309
1.481000,9.581629,10.264040,-0.682411,1.061216
1.482000,9.578024,10.253005,-0.674980,1.064103
1.483000,9.574405,10.241959,-0.667554,1.066968
1.484000,9.570770,10.230901,-0.660131,1.069812
1.485000,9.567121,10.219833,-0.652712,1.072634
1.486000,9.563456,10.208754,-0.645298,1.075435
1.487000,9.559776,10.197664,-0.637888,1.078215
1.488000,9.556081,10.186563,-0.630482,1.080974
1.489000,9.552371,10.175452,-0.623081,1.083712
1.490000,9.548645,10.164330,-0.615684,1.086428
1.491000,9.544905,10.153198,-0.608292,1.089122
1.492000,9.541150,10.142055,-0.600905,1.091796
1.493000,9.537379,10.130903,-0.593523,1.094448
1.494000,9.533594,10.119740,-0.586146,1.097078
1.495000,9.529793,10.108567,-0.578774,1.099688
1.496000,9.525978,10.097385,-0.571407,1.102275
1.497000,9.522147,10.086193,-0.564045,1.104842
1.498000,9.518302,10.074991,-0.556689,1.107387
1.499000,9.514441,10.063779,-0.549338,1.109911
1.500000,9.510565,10.052558,-0.541993,1.112413
1.501000,9.506674,10.041328,-0.534654,1.114894
1.502000,9.502769,10.030089,-0.527320,1.117353
1.503000,9.498848,10.018840,-0.519992,1.119791
1.504000,9.494912,10.007582,-0.512670,1.122208
1.505000,9.490961,9.996316,-0.505354,1.124603
1.506000,9.486996,9.985040,-0.498045,1.126976
1.507000,9.483015,9.973756,-0.490741,1.129328
1.508000,9.479019,9.962464,-0.483444,1.131659
1.509000,9.475009,9.951162,-0.476154,1.133968
1.510000,9.470983,9.939853,-0.468870,1.136256
1.511000,9.466942,9.928535,-0.461592,1.138522
1.512000,9.462887,9.917208,-0.454321,1.140767
1.513000,9.458816,9.905874,-0.447058,1.142990
1.514000,9.454731,9.894532,-0.439801,1.145192
1.515000,9.450631,9.883181,-0.432551,1.147372
1.516000,9.446515,9.871823,-0.425308,1.149531
1.517000,9.442385,9.860457,-0.418072,1.151668
1.518000,9.438240,9.849084,-0.410844,1.153784
1.519000,9.434080,9.837703,-0.403623,1.155878
1.520000,9.429905,9.826314,-0.396409,1.157951
1.521000,9.425716,9.814919,-0.389203,1.160002
1.522000,9.421511,9.803516,-0.382005,1.162032
1.523000,9.417291,9.792105,-0.374814,1.164040
1.524000,9.413057,9.780688,-0.367631,1.166027
1.525000,9.408808,9.769264,-0.360457,1.167992
1.526000,9.404544,9.757833,-0.353290,1.169936
1.527000,9.400265,9.746396,-0.346131,1.171858
1.528000,9.395971,9.734951,-0.338981,1.173759
1.529000,9.391662,9.723500,-0.331838,1.175638
1.530000,9.387339,9.712043,-0.324705,1.177496
1.531000,9.383000,9.700580,-0.317579,1.179333
1.532000,9.378647,9.689110,-0.310462,1.181147
1.533000,9.374279,9.677634,-0.303354,1.182941
1.534000,9.369896,9.666151,-0.296255,1.184713
1.535000,9.365499,9.654663,-0.289164,1.186463
1.536000,9.361087,9.643169,-0.282083,1.188192
1.537000,9.356659,9.631670,-0.275010,1.189900
1.538000,9.352218,9.620164,-0.267947,1.191586
1.539000,9.347761,9.608653,-0.260892,1.193250
1.540000,9.343289,9.597137,-0.253847,1.194894
1.541000,9.338803,9.585615,-0.246812,1.196515
1.542000,9.334302,9.574088,-0.239785,1.198116
1.543000,9.329787,9.562555,-0.232769,1.199695
1.544000,9.325256,9.551018,-0.225761,1.201252
1.545000,9.320711,9.539475,-0.218764,1.202788
1.546000,9.316151,9.527928,-0.211776,1.204303
1.547000,9.311577,9.516375,-0.204799,1.205796
1.548000,9.306987,9.504818,-0.197831,1.207268
1.549000,9.302384,9.493257,-0.190873,1.208719
1.550000,9.297765,9.481690,-0.183925,1.210148
1.551000,9.293132,9.470120,-0.176988,1.211556
1.552000,9.288484,9.458544,-0.170061,1.212942
1.553000,9.283821,9.446965,-0.163144,1.214308
1.554000,9.279144,9.435381,-0.156238,1.215651
1.555000,9.274452,9.423794,-0.149342,1.216974
1.556000,9.269745,9.412202,-0.142457,1.218275
1.557000,9.265024,9.400606,-0.135583,1.219555
1.558000,9.260288,9.389007,-0.128719,1.220814
1.559000,9.255537,9.377404,-0.121867,1.222051
1.560000,9.250772,9.365797,-0.115025,1.223268
1.561000,9.245992,9.354187,-0.108194,1.224463
1.562000,9.241198,9.342573,-0.101375,1.225636
1.563000,9.236389,9.330956,-0.094566,1.226789
1.564000,9.231566,9.319335,-0.087769,1.227920
1.565000,9.226727,9.307711,-0.080984,1.229030
1.566000,9.221875,9.296084,-0.074210,1.230119
1.567000,9.217007,9.284454,-0.067447,1.231187
1.568000,9.212126,9.272822,-0.060696,1.232234
1.569000,9.207229,9.261186,-0.053957,1.233260
1.570000,9.202318,9.249547,-0.047229,1.234264
1.571000,9.197393,9.237906,-0.040513,1.235248
1.572000,9.192453,9.226263,-0.033809,1.236210
1.573000,9.187499,9.214616,-0.027118,1.237151
1.574000,9.182530,9.202968,-0.020438,1.238071
1.575000,9.177546,9.191317,-0.013770,1.238971
1.576000,9.172548,9.179664,-0.007115,1.239849
1.577000,9.167536,9.168008,-0.000472,1.240706
1.578000,9.162509,9.156351,0.006158,1.241542
1.579000,9.157468,9.144691,0.012776,1.242358
1.580000,9.152412,9.133030,0.019382,1.243152
1.581000,9.147341,9.121367,0.025975,1.243926
1.582000,9.142257,9.109702,0.032555,1.244678
1.583000,9.137158,9.098035,0.039123,1.245410
1.584000,9.132044,9.086367,0.045677,1.246121
1.585000,9.126916,9.074697,0.052219,1.246811
1.586000,9.121773,9.063026,0.058747,1.247480
1.587000,9.116617,9.051354,0.065263,1.248129
1.588000,9.111445,9.039680,0.071765,1.248757
1.589000,9.106260,9.028005,0.078255,1.249364
1.590000,9.101060,9.016329,0.084730,1.249950
1.591000,9.095845,9.004652,0.091193,1.250516
1.592000,9.090617,8.992975,0.097642,1.251061
1.593000,9.085373,8.981296,0.104078,1.251585
1.594000,9.080116,8.969617,0.110499,1.252088
1.595000,9.074844,8.957936,0.116908,1.252571
1.596000,9.069558,8.946256,0.123302,1.253034
1.597000,9.064258,8.934575,0.129683,1.253476
1.598000,9.058943,8.922893,0.136050,1.253897
1.599000,9.053614,8.911211,0.142403,1.254298
1.600000,9.048271,8.899529,0.148742,1.254678
1.601000,9.042913,8.887846,0.155067,1.255038
1.602000,9.037541,8.876164,0.161377,1.255378
1.603000,9.032155,8.864481,0.167674,1.255697
1.604000,9.026754,8.852799,0.173956,1.255996
1.605000,9.021340,8.841116,0.180223,1.256274
1.606000,9.015911,8.829434,0.186477,1.256532
1.607000,9.010467,8.817752,0.192716,1.256770
1.608000,9.005010,8.806070,0.198940,1.256987
1.609000,8.999538,8.794389,0.205149,1.257185
1.610000,8.994053,8.782708,0.211344,1.257362
1.611000,8.988552,8.771028,0.217524,1.257519
1.612000,8.983038,8.759348,0.223690,1.257655
1.613000,8.977510,8.747670,0.229840,1.257772
1.614000,8.971967,8.735992,0.235975,1.257868
1.615000,8.966410,8.724315,0.242096,1.257945
1.616000,8.960839,8.712638,0.248201,1.258001
1.617000,8.955254,8.700963,0.254291,1.258037
1.618000,8.949655,8.689289,0.260366,1.258054
1.619000,8.944042,8.677616,0.266426,1.258050
1.620000,8.938414,8.665945,0.272470,1.258027
1.621000,8.932773,8.654274,0.278498,1.257983
1.622000,8.927117,8.642605,0.284512,1.257920
1.623000,8.921447,8.630938,0.290509,1.257837
1.624000,8.915763,8.619272,0.296491,1.257734
1.625000,8.910065,8.607607,0.302458,1.257612
1.626000,8.904353,8.595945,0.308409,1.257469
1.627000,8.898627,8.584284,0.314343,1.257307
1.628000,8.892887,8.572625,0.320262,1.257126
1.629000,8.887133,8.560967,0.326165,1.256924
1.630000,8.881364,8.549312,0.332053,1.256704
1.631000,8.875582,8.537659,0.337924,1.256463
1.632000,8.869786,8.526007,0.343778,1.256203
1.633000,8.863976,8.514358,0.349617,1.255924
1.634000,8.858151,8.502712,0.355440,1.255625
1.635000,8.852313,8.491067,0.361246,1.255306
1.636000,8.846461,8.479425,0.367036,1.254969
1.637000,8.840595,8.467785,0.372809,1.254612
1.638000,8.834714,8.456148,0.378566,1.254235
1.639000,8.828820,8.444513,0.384307,1.253840
1.640000,8.822912,8.432882,0.390031,1.253425
1.641000,8.816990,8.421252,0.395738,1.252991
1.642000,8.811054,8.409626,0.401429,1.252537
1.643000,8.805104,8.398002,0.407102,1.252065
1.644000,8.799141,8.386381,0.412759,1.251573
1.645000,8.793163,8.374763,0.418400,1.251063
1.646000,8.787172,8.363149,0.424023,1.250533
1.647000,8.781166,8.351537,0.429629,1.249985
1.648000,8.775147,8.339928,0.435218,1.249417
1.649000,8.769114,8.328323,0.440791,1.248831
1.650000,8.763067,8.316721,0.446346,1.248226
1.651000,8.757006,8.305123,0.451883,1.247602
1.652000,8.750931,8.293527,0.457404,1.246959
1.653000,8.744843,8.281936,0.462907,1.246297
1.654000,8.738741,8.270347,0.468393,1.245617
1.655000,8.732625,8.258763,0.473862,1.244918
1.656000,8.726495,8.247182,0.479313,1.244200
1.657000,8.720351,8.235605,0.484746,1.243464
1.658000,8.714194,8.224031,0.490163,1.242709
1.659000,8.708022,8.212462,0.495561,1.241936
1.660000,8.701838,8.200896,0.500942,1.241145
1.661000,8.695639,8.189334,0.506305,1.240334
1.662000,8.689426,8.177777,0.511650,1.239506
1.663000,8.683200,8.166223,0.516977,1.238659
1.664000,8.676961,8.154673,0.522287,1.237794
1.665000,8.670707,8.143128,0.527579,1.236911
1.666000,8.664440,8.131587,0.532852,1.236009
1.667000,8.658159,8.120051,0.538108,1.235089
1.668000,8.651864,8.108518,0.543346,1.234152
1.669000,8.645556,8.096991,0.548565,1.233196
1.670000,8.639234,8.085467,0.553767,1.232222
1.671000,8.632899,8.073949,0.558950,1.231230
1.672000,8.626549,8.062434,0.564115,1.230220
1.673000,8.620187,8.050925,0.569262,1.229192
1.674000,8.613810,8.039420,0.574390,1.228146
1.675000,8.607420,8.027920,0.579500,1.227083
1.676000,8.601017,8.016425,0.584592,1.226002
1.677000,8.594599,8.004935,0.589665,1.224903
1.678000,8.588169,7.993449,0.594719,1.223786
1.679000,8.581724,7.981969,0.599755,1.222652
1.680000,8.575267,7.970494,0.604773,1.221500
1.681000,8.568795,7.959024,0.609771,1.220331
1.682000,8.562310,7.947559,0.614751,1.219144
1.683000,8.555812,7.936099,0.619713,1.217940
1.684000,8.549300,7.924645,0.624655,1.216718
1.685000,8.542774,7.913195,0.629579,1.215479
1.686000,8.536235,7.901751,0.634484,1.214223
1.687000,8.529683,7.890313,0.639370,1.212949
1.688000,8.523117,7.878880,0.644237,1.211658
1.689000,8.516538,7.867453,0.649085,1.210350
1.690000,8.509945,7.856031,0.653914,1.209025
1.691000,8.503339,7.844615,0.658724,1.207683
1.692000,8.496719,7.833204,0.663515,1.206324
1.693000,8.490086,7.821799,0.668286,1.204948
1.694000,8.483439,7.810400,0.673039,1.203555
1.695000,8.476779,7.799007,0.677772,1.202145
1.696000,8.470106,7.787620,0.682486,1.200719
1.697000,8.463419,7.776239,0.687181,1.199275
1.698000,8.456719,7.764863,0.691856,1.197815
1.699000,8.450006,7.753494,0.696512,1.196338
1.700000,8.443279,7.742130,0.701149,1.194845
1.701000,8.436539,7.730773,0.705766,1.193335
1.702000,8.429786,7.719422,0.710364,1.191808
1.703000,8.423019,7.708077,0.714942,1.190265
1.704000,8.416239,7.696739,0.719501,1.188706
1.705000,8.409446,7.685406,0.724040,1.187130
1.706000,8.402639,7.674080,0.728559,1.185538
1.707000,8.395819,7.662761,0.733059,1.183930
1.708000,8.388986,7.651448,0.737539,1.182305
1.709000,8.382140,7.640141,0.741999,1.180665
1.710000,8.375280,7.628841,0.746440,1.179008
1.711000,8.368408,7.617547,0.750860,1.177335
1.712000,8.361522,7.606260,0.755261,1.175646
1.713000,8.354622,7.594980,0.759642,1.173941
1.714000,8.347710,7.583706,0.764004,1.172221
1.715000,8.340784,7.572439,0.768345,1.170484
1.716000,8.333846,7.561179,0.772666,1.168732
1.717000,8.326894,7.549926,0.776968,1.166964
1.718000,8.319929,7.538680,0.781249,1.165180
1.719000,8.312950,7.527440,0.785510,1.163381
1.720000,8.305959,7.516207,0.789752,1.161566
1.721000,8.298955,7.504982,0.793973,1.159736
1.722000,8.291937,7.493763,0.798174,1.157890
1.723000,8.284906,7.482552,0.802354,1.156029
1.724000,8.277863,7.471347,0.806515,1.154152
1.725000,8.270806,7.460150,0.810656,1.152261
1.726000,8.263736,7.448960,0.814776,1.150354
1.727000,8.256653,7.437777,0.818876,1.148431
1.728000,8.249557,7.426602,0.822955,1.146494
1.729000,8.242448,7.415433,0.827015,1.144541
1.730000,8.235326,7.404272,0.831054,1.142574
1.731000,8.228191,7.393119,0.835072,1.140592
1.732000,8.221043,7.381973,0.839070,1.138594
1.733000,8.213882,7.370834,0.843048,1.136582
1.734000,8.206708,7.359703,0.847005,1.134555
1.735000,8.199521,7.348579,0.850942,1.132514
1.736000,8.192321,7.337463,0.854858,1.130457
1.737000,8.185108,7.326354,0.858754,1.128386
1.738000,8.177883,7.315253,0.862630,1.126301
1.739000,8.170644,7.304160,0.866484,1.124201
1.740000,8.163393,7.293074,0.870318,1.122086
1.741000,8.156128,7.281996,0.874132,1.119957
1.742000,8.148851,7.270926,0.877925,1.117814
1.743000,8.141561,7.259864,0.881697,1.115657
1.744000,8.134258,7.248809,0.885448,1.113485
1.745000,8.126942,7.237763,0.889179,1.111299
1.746000,8.119613,7.226724,0.892889,1.109099
1.747000,8.112271,7.215693,0.896578,1.106885
1.748000,8.104917,7.204670,0.900247,1.104657
1.749000,8.097550,7.193655,0.903895,1.102416
1.750000,8.090170,7.182648,0.907522,1.100160
1.751000,8.082777,7.171649,0.911128,1.097890
1.752000,8.075372,7.160658,0.914713,1.095607
1.753000,8.067954,7.149676,0.918278,1.093310
1.754000,8.060523,7.138701,0.921821,1.091000
1.755000,8.053079,7.127735,0.925344,1.088676
1.756000,8.045622,7.116777,0.928846,1.086338
1.757000,8.038153,7.105827,0.932327,1.083987
1.758000,8.030672,7.094885,0.935787,1.081623
1.759000,8.023177,7.083951,0.939226,1.079245
1.760000,8.015670,7.073026,0.942644,1.076854
1.761000,8.008150,7.062109,0.946041,1.074450
1.762000,8.000618,7.051201,0.949417,1.072032
1.763000,7.993072,7.040301,0.952772,1.069602
1.764000,7.985515,7.029409,0.956106,1.067159
1.765000,7.977944,7.018526,0.959419,1.064702
1.766000,7.970361,7.007651,0.962711,1.062233
1.767000,7.962766,6.996784,0.965981,1.059751
1.768000,7.955158,6.985927,0.969231,1.057256
1.769000,7.947537,6.975077,0.972460,1.054749
1.770000,7.939904,6.964237,0.975667,1.052228
1.771000,7.932258,6.953404,0.978854,1.049696
1.772000,7.924600,6.942581,0.982019,1.047150
1.773000,7.916929,6.931766,0.985163,1.044593
1.774000,7.909246,6.920960,0.988286,1.042023
1.775000,7.901550,6.910162,0.991388,1.039440
1.776000,7.893842,6.899373,0.994469,1.036845
1.777000,7.886121,6.888593,0.997528,1.034238
1.778000,7.878388,6.877822,1.000566,1.031619
1.779000,7.870642,6.867059,1.003583,1.028988
1.780000,7.862884,6.856305,1.006579,1.026345
1.781000,7.855114,6.845560,1.009554,1.023690
1.782000,7.847331,6.834824,1.012507,1.021023
1.783000,7.839536,6.824096,1.015440,1.018344
1.784000,7.831728,6.813378,1.018351,1.015653
1.785000,7.823908,6.802668,1.021240,1.012951
1.786000,7.816076,6.791967,1.024109,1.010237
1.787000,7.808231,6.781275,1.026956,1.007512
1.788000,7.800374,6.770592,1.029782,1.004774
1.789000,7.792505,6.759918,1.032586,1.002026
1.790000,7.784623,6.749253,1.035370,0.999266
1.791000,7.776729,6.738597,1.038132,0.996495
1.792000,7.768823,6.727950,1.040873,0.993713
1.793000,7.760904,6.717312,1.043592,0.990919
1.794000,7.752974,6.706683,1.046291,0.988114
1.795000,7.745031,6.696063,1.048967,0.985299
1.796000,7.737075,6.685452,1.051623,0.982472
1.797000,7.729108,6.674850,1.054257,0.979634
1.798000,7.721128,6.664258,1.056871,0.976786
1.799000,7.713136,6.653674,1.059462,0.973926
1.800000,7.705132,6.643100,1.062033,0.971056
1.801000,7.697116,6.632534,1.064582,0.968175
1.802000,7.689088,6.621978,1.067110,0.965284
1.803000,7.681047,6.611431,1.069616,0.962382
1.804000,7.672995,6.600894,1.072101,0.959470
1.805000,7.664930,6.590365,1.074565,0.956547
1.806000,7.656853,6.579846,1.077008,0.953614
1.807000,7.648764,6.569335,1.079429,0.950671
1.808000,7.640663,6.558834,1.081829,0.947717
1.809000,7.632550,6.548343,1.084208,0.944753
1.810000,7.624425,6.537860,1.086565,0.941780
1.811000,7.616288,6.527387,1.088901,0.938796
1.812000,7.608139,6.516923,1.091216,0.935802
1.813000,7.599978,6.506468,1.093509,0.932799
1.814000,7.591804,6.496023,1.095781,0.929785
1.815000,7.583619,6.485587,1.098032,0.926762
1.816000,7.575422,6.475160,1.100262,0.923729
1.817000,7.567213,6.464743,1.102470,0.920687
1.818000,7.558992,6.454335,1.104657,0.917635
1.819000,7.550759,6.443936,1.106823,0.914573
1.820000,7.542514,6.433547,1.108967,0.911503
1.821000,7.534257,6.423167,1.111090,0.908422
1.822000,7.525988,6.412796,1.113192,0.905333
1.823000,7.517708,6.402435,1.115273,0.902234
1.824000,7.509415,6.392083,1.117332,0.899127
1.825000,7.501111,6.381740,1.119370,0.896010
1.826000,7.492794,6.371407,1.121387,0.892884
1.827000,7.484466,6.361083,1.123383,0.889749
1.828000,7.476127,6.350769,1.125358,0.886605
1.829000,7.467775,6.340464,1.127311,0.883453
1.830000,7.459411,6.330168,1.129243,0.880292
1.831000,7.451036,6.319882,1.131154,0.877122
1.832000,7.442649,6.309606,1.133044,0.873943
1.833000,7.434250,6.299338,1.134912,0.870756
1.834000,7.425840,6.289080,1.136760,0.867561
1.835000,7.417418,6.278832,1.138586,0.864357
1.836000,7.408984,6.268593,1.140391,0.861145
1.837000,7.400538,6.258363,1.142175,0.857924
1.838000,7.392081,6.248143,1.143938,0.854696
1.839000,7.383612,6.237932,1.145679,0.851459
1.840000,7.375131,6.227731,1.147400,0.848214
1.841000,7.366639,6.217539,1.149100,0.844961
1.842000,7.358135,6.207357,1.150778,0.841701
1.843000,7.349619,6.197184,1.152435,0.838432
1.844000,7.341092,6.187020,1.154072,0.835156
1.845000,7.332553,6.176866,1.155687,0.831871
1.846000,7.324003,6.166722,1.157281,0.828580
1.847000,7.315441,6.156587,1.158855,0.825280
1.848000,7.306868,6.146461,1.160407,0.821974
1.849000,7.298283,6.136345,1.161938,0.818659
1.850000,7.289686,6.126238,1.163449,0.815338
1.851000,7.281078,6.116140,1.164938,0.812009
1.852000,7.272459,6.106052,1.166406,0.808673
1.853000,7.263828,6.095974,1.167854,0.805329
1.854000,7.255185,6.085905,1.169281,0.801979
1.855000,7.246531,6.075845,1.170686,0.798621
1.856000,7.237866,6.065795,1.172071,0.795257
1.857000,7.229189,6.055754,1.173435,0.791885
1.858000,7.220501,6.045722,1.174778,0.788507
1.859000,7.211801,6.035700,1.176101,0.785122
1.860000,7.203090,6.025688,1.177402,0.781731
1.861000,7.194368,6.015685,1.178683,0.778333
1.862000,7.185634,6.005691,1.179943,0.774928
1.863000,7.176889,5.995707,1.181182,0.771516
1.864000,7.168133,5.985732,1.182401,0.768099
1.865000,7.159365,5.975766,1.183599,0.764675
1.866000,7.150586,5.965810,1.184776,0.761244
1.867000,7.141795,5.955863,1.185932,0.757808
1.868000,7.132994,5.945925,1.187068,0.754365
1.869000,7.124181,5.935997,1.188184,0.750917
1.870000,7.115357,5.926079,1.189278,0.747462
1.871000,7.106521,5.916169,1.190352,0.744001
1.872000,7.097675,5.906269,1.191406,0.740535
1.873000,7.088817,5.896378,1.192439,0.737062
1.874000,7.079948,5.886497,1.193451,0.733584
1.875000,7.071068,5.876625,1.194443,0.730101
1.876000,7.062176,5.866762,1.195414,0.726612
1.877000,7.053274,5.856909,1.196365,0.723117
1.878000,7.044360,5.847064,1.197296,0.719617
1.879000,7.035436,5.837230,1.198206,0.716111
1.880000,7.026500,5.827404,1.199096,0.712600
1.881000,7.017553,5.817588,1.199965,0.709084
1.882000,7.008595,5.807780,1.200814,0.705563
1.883000,6.999626,5.797982,1.201643,0.702036
1.884000,6.990645,5.788194,1.202452,0.698505
1.885000,6.981654,5.778414,1.203240,0.694968
1.886000,6.972652,5.768644,1.204008,0.691427
1.887000,6.963639,5.758883,1.204756,0.687881
1.888000,6.954614,5.749131,1.205483,0.684330
1.889000,6.945579,5.739388,1.206191,0.680774
1.890000,6.936533,5.729655,1.206878,0.677214
1.891000,6.927476,5.719930,1.207546,0.673649
1.892000,6.918408,5.710215,1.208193,0.670080
1.893000,6.909329,5.700509,1.208820,0.666506
1.894000,6.900239,5.690812,1.209427,0.662928
1.895000,6.891138,5.681124,1.210014,0.659346
1.896000,6.882026,5.671445,1.210581,0.655759
1.897000,6.872904,5.661775,1.211129,0.652169
1.898000,6.863770,5.652114,1.211656,0.648574
1.899000,6.854626,5.642462,1.212164,0.644975
1.900000,6.845471,5.632820,1.212651,0.641373
1.901000,6.836305,5.623186,1.213119,0.637766
1.902000,6.827128,5.613561,1.213567,0.634156
1.903000,6.817941,5.603945,1.213996,0.630542
1.904000,6.808743,5.594338,1.214404,0.626924
1.905000,6.799534,5.584741,1.214793,0.623303
1.906000,6.790314,5.575151,1.215163,0.619678
1.907000,6.781084,5.565571,1.215512,0.616050
1.908000,6.771842,5.556000,1.215842,0.612418
1.909000,6.762591,5.546438,1.216153,0.608783
1.910000,6.753328,5.536884,1.216444,0.605145
1.911000,6.744055,5.527340,1.216715,0.601504
1.912000,6.734771,5.517804,1.216967,0.597859
1.913000,6.725477,5.508277,1.217200,0.594212
1.914000,6.716171,5.498758,1.217413,0.590561
1.915000,6.706856,5.489249,1.217607,0.586908
1.916000,6.697529,5.479748,1.217782,0.583251
1.917000,6.688193,5.470256,1.217937,0.579592
1.918000,6.678845,5.460772,1.218073,0.575931
1.919000,6.669487,5.451298,1.218190,0.572266
1.920000,6.660119,5.441832,1.218287,0.568599
1.921000,6.650740,5.432374,1.218366,0.564930
1.922000,6.641350,5.422925,1.218425,0.561258
1.923000,6.631950,5.413485,1.218465,0.557584
1.924000,6.622540,5.404053,1.218486,0.553908
1.925000,6.613119,5.394630,1.218488,0.550229
1.926000,6.603687,5.385216,1.218472,0.546548
1.927000,6.594245,5.375810,1.218436,0.542865
1.928000,6.584793,5.366412,1.218381,0.539180
1.929000,6.575331,5.357023,1.218308,0.535493
1.930000,6.565858,5.347642,1.218215,0.531804
1.931000,6.556374,5.338270,1.218104,0.528114
1.932000,6.546880,5.328906,1.217974,0.524421
1.933000,6.537376,5.319550,1.217826,0.520727
1.934000,6.527862,5.310203,1.217659,0.517032
1.935000,6.518337,5.300864,1.217473,0.513334
1.936000,6.508802,5.291534,1.217268,0.509636
1.937000,6.499257,5.282212,1.217045,0.505935
1.938000,6.489701,5.272898,1.216804,0.502234
1.939000,6.480136,5.263592,1.216544,0.498531
1.940000,6.470560,5.254294,1.216265,0.494827
1.941000,6.460973,5.245005,1.215969,0.491122
1.942000,6.451377,5.235723,1.215653,0.487416
1.943000,6.441770,5.226450,1.215320,0.483709
1.944000,6.432153,5.217185,1.214968,0.480001
1.945000,6.422527,5.207928,1.214598,0.476292
1.946000,6.412889,5.198679,1.214210,0.472582
1.947000,6.403242,5.189438,1.213804,0.468871
1.948000,6.393585,5.180205,1.213379,0.465160
1.949000,6.383917,5.170980,1.212937,0.461448
1.950000,6.374240,5.161763,1.212477,0.457736
1.951000,6.364552,5.152554,1.211998,0.454023
1.952000,6.354855,5.143353,1.211502,0.450309
1.953000,6.345147,5.134160,1.210987,0.446596
1.954000,6.335429,5.124974,1.210455,0.442882
1.955000,6.325702,5.115796,1.209905,0.439168
1.956000,6.315964,5.106626,1.209338,0.435453
1.957000,6.306216,5.097464,1.208752,0.431739
1.958000,6.296459,5.088309,1.208149,0.428025
1.959000,6.286691,5.079162,1.207529,0.424310
1.960000,6.276914,5.070023,1.206890,0.420596
1.961000,6.267126,5.060892,1.206235,0.416882
1.962000,6.257329,5.051768,1.205561,0.413168
1.963000,6.247522,5.042651,1.204871,0.409455
1.964000,6.237705,5.033542,1.204162,0.405742
1.965000,6.227878,5.024441,1.203437,0.402029
1.966000,6.218041,5.015347,1.202694,0.398317
1.967000,6.208195,5.006260,1.201934,0.394605
1.968000,6.198338,4.997181,1.201157,0.390894
1.969000,6.188472,4.988110,1.200363,0.387184
1.970000,6.178596,4.979045,1.199551,0.383474
1.971000,6.168710,4.969988,1.198722,0.379766
1.972000,6.158815,4.960938,1.197877,0.376058
1.973000,6.148910,4.951896,1.197014,0.372351
1.974000,6.138995,4.942860,1.196135,0.368645
1.975000,6.129071,4.933832,1.195238,0.364941
1.976000,6.119136,4.924811,1.194325,0.361237
1.977000,6.109192,4.915797,1.193395,0.357535
1.978000,6.099239,4.906791,1.192448,0.353834
1.979000,6.089276,4.897791,1.191485,0.350134
1.980000,6.079303,4.888798,1.190505,0.346436
1.981000,6.069321,4.879813,1.189508,0.342739
1.982000,6.059329,4.870834,1.188495,0.339043
1.983000,6.049327,4.861862,1.187465,0.335350
1.984000,6.039316,4.852897,1.186419,0.331658
1.985000,6.029295,4.843939,1.185356,0.327967
1.986000,6.019265,4.834988,1.184278,0.324279
1.987000,6.009226,4.826043,1.183182,0.320592
1.988000,5.999177,4.817105,1.182071,0.316907
1.989000,5.989118,4.808174,1.180944,0.313224
1.990000,5.979050,4.799250,1.179800,0.309544
1.991000,5.968972,4.790332,1.178640,0.305865
1.992000,5.958885,4.781421,1.177464,0.302189
1.993000,5.948789,4.772517,1.176272,0.298514
1.994000,5.938683,4.763619,1.175065,0.294842
1.995000,5.928568,4.754727,1.173841,0.291173
1.996000,5.918444,4.745842,1.172602,0.287505
1.997000,5.908310,4.736963,1.171346,0.283841
1.998000,5.898167,4.728091,1.170076,0.280178
1.999000,5.888014,4.719225,1.168789,0.276519
2.000000,5.877853,4.710366,1.167487,0.272862
2.001000,5.867681,4.701512,1.166169,0.269208
2.002000,5.857501,4.692665,1.164836,0.265556
2.003000,5.847312,4.683825,1.163487,0.261908
2.004000,5.837113,4.674990,1.162123,0.258262
2.005000,5.826905,4.666161,1.160743,0.254619
2.006000,5.816688,4.657339,1.159349,0.250979
2.007000,5.806461,4.648522,1.157939,0.247343
2.008000,5.796226,4.639712,1.156514,0.243709
2.009000,5.785981,4.630908,1.155073,0.240079
2.010000,5.775727,4.622109,1.153618,0.236452
2.011000,5.765464,4.613317,1.152148,0.232828
2.012000,5.755192,4.604530,1.150662,0.229208
2.013000,5.744911,4.595749,1.149162,0.225591
2.014000,5.734621,4.586974,1.147647,0.221978
2.015000,5.724321,4.578204,1.146117,0.218368
2.016000,5.714013,4.569441,1.144572,0.214762
2.017000,5.703696,4.560683,1.143013,0.211160
2.018000,5.693369,4.551930,1.141439,0.207561
2.019000,5.683034,4.543183,1.139850,0.203966
2.020000,5.672689,4.534442,1.138247,0.200375
2.021000,5.662336,4.525706,1.136630,0.196788
2.022000,5.651974,4.516976,1.134998,0.193205
2.023000,5.641603,4.508251,1.133352,0.189626
2.024000,5.631223,4.499532,1.131691,0.186051
2.025000,5.620834,4.490817,1.130016,0.182480
2.026000,5.610436,4.482109,1.128327,0.178913
2.027000,5.600029,4.473405,1.126624,0.175351
2.028000,5.589614,4.464707,1.124907,0.171793
2.029000,5.579189,4.456013,1.123176,0.168239
2.030000,5.568756,4.447325,1.121431,0.164690
2.031000,5.558314,4.438642,1.119672,0.161146
2.032000,5.547863,4.429964,1.117899,0.157606
2.033000,5.537404,4.421291,1.116113,0.154070
2.034000,5.526936,4.412623,1.114312,0.150539
2.035000,5.516459,4.403960,1.112498,0.147013
2.036000,5.505973,4.395302,1.110671,0.143492
2.037000,5.495479,4.386649,1.108830,0.139975
2.038000,5.484976,4.378000,1.106975,0.136464
2.039000,5.474464,4.369357,1.105107,0.132957
2.040000,5.463943,4.360717,1.103226,0.129456
2.041000,5.453414,4.352083,1.101331,0.125959
2.042000,5.442877,4.343453,1.099424,0.122468
2.043000,5.432331,4.334828,1.097503,0.118982
2.044000,5.421776,4.326207,1.095568,0.115501
2.045000,5.411213,4.317591,1.093621,0.112025
2.046000,5.400641,4.308980,1.091661,0.108555
2.047000,5.390060,4.300372,1.089688,0.105090
2.048000,5.379471,4.291769,1.087702,0.101631
2.049000,5.368874,4.283171,1.085703,0.098177
2.050000,5.358268,4.274576,1.083692,0.094728
2.051000,5.347654,4.265986,1.081667,0.091286
2.052000,5.337031,4.257400,1.079630,0.087849
2.053000,5.326400,4.248819,1.077581,0.084417
2.054000,5.315760,4.240241,1.075519,0.080992
2.055000,5.305112,4.231667,1.073445,0.077572
2.056000,5.294455,4.223098,1.071358,0.074158
2.057000,5.283791,4.214532,1.069259,0.070750
2.058000,5.273118,4.205970,1.067147,0.067348
2.059000,5.262436,4.197413,1.065024,0.063953
2.060000,5.251746,4.188858,1.062888,0.060563
2.061000,5.241048,4.180308,1.060740,0.057179
2.062000,5.230342,4.171762,1.058580,0.053802
2.063000,5.219627,4.163219,1.056408,0.050431
2.064000,5.208904,4.154680,1.054225,0.047066
2.065000,5.198173,4.146144,1.052029,0.043708
2.066000,5.187434,4.137612,1.049822,0.040356
2.067000,5.176687,4.129084,1.047603,0.037010
2.068000,5.165931,4.120559,1.045372,0.033671
2.069000,5.155167,4.112037,1.043130,0.030339
2.070000,5.144395,4.103519,1.040876,0.027013
2.071000,5.133615,4.095004,1.038611,0.023694
2.072000,5.122827,4.086493,1.036335,0.020382
2.073000,5.112031,4.077984,1.034047,0.017076
2.074000,5.101227,4.069479,1.031748,0.013778
2.075000,5.090414,4.060977,1.029437,0.010486
2.076000,5.079594,4.052478,1.027116,0.007201
2.077000,5.068765,4.043982,1.024783,0.003923
2.078000,5.057929,4.035489,1.022440,0.000652
2.079000,5.047084,4.026999,1.020085,-0.002612
2.080000,5.036232,4.018512,1.017720,-0.005869
2.081000,5.025372,4.010028,1.015344,-0.009118
2.082000,5.014503,4.001547,1.012957,-0.012361
2.083000,5.003627,3.993068,1.010559,-0.015596
2.084000,4.992743,3.984592,1.008151,-0.018823
2.085000,4.981851,3.976119,1.005732,-0.022044
2.086000,4.970951,3.967649,1.003303,-0.025256
2.087000,4.960043,3.959181,1.000863,-0.028462
2.088000,4.949128,3.950715,0.998413,-0.031660
2.089000,4.938205,3.942252,0.995952,-0.034850
2.090000,4.927273,3.933792,0.993482,-0.038033
2.091000,4.916334,3.925334,0.991001,-0.041208
2.092000,4.905388,3.916878,0.988510,-0.044375
2.093000,4.894433,3.908424,0.986009,-0.047535
2.094000,4.883471,3.899973,0.983498,-0.050687
2.095000,4.872501,3.891524,0.980977,-0.053831
2.096000,4.861524,3.883077,0.978447,-0.056967
2.097000,4.850538,3.874632,0.975906,-0.060095
2.098000,4.839545,3.866189,0.973356,-0.063215
2.099000,4.828545,3.857749,0.970796,-0.066327
2.100000,4.817537,3.849310,0.968227,-0.069431
2.101000,4.806521,3.840873,0.965648,-0.072527
2.102000,4.795498,3.832438,0.963060,-0.075614
2.103000,4.784467,3.824005,0.960462,-0.078694
2.104000,4.773428,3.815573,0.957855,-0.081765
2.105000,4.762382,3.807143,0.955239,-0.084828
2.106000,4.751328,3.798715,0.952613,-0.087882
2.107000,4.740267,3.790289,0.949979,-0.090928
2.108000,4.729199,3.781864,0.947335,-0.093966
2.109000,4.718123,3.773440,0.944682,-0.096995
2.110000,4.707039,3.765019,0.942021,-0.100016
2.111000,4.695948,3.756598,0.939350,-0.103028
2.112000,4.684850,3.748179,0.936671,-0.106031
2.113000,4.673744,3.739761,0.933983,-0.109026
2.114000,4.662631,3.731345,0.931287,-0.112012
2.115000,4.651511,3.722929,0.928581,-0.114989
2.116000,4.640383,3.714515,0.925868,-0.117958
2.117000,4.629248,3.706102,0.923146,-0.120918
2.118000,4.618105,3.697690,0.920415,-0.123869
2.119000,4.606956,3.689279,0.917676,-0.126810
2.120000,4.595799,3.680869,0.914929,-0.129743
2.121000,4.584634,3.672460,0.912174,-0.132667
2.122000,4.573463,3.664052,0.909410,-0.135582
2.123000,4.562284,3.655645,0.906639,-0.138488
2.124000,4.551098,3.647239,0.903860,-0.141385
2.125000,4.539905,3.638833,0.901072,-0.144272
2.126000,4.528705,3.630428,0.898277,-0.147150
2.127000,4.517497,3.622023,0.895474,-0.150019
2.128000,4.506283,3.613619,0.892663,-0.152879
2.129000,4.495061,3.605216,0.889845,-0.155729
2.130000,4.483832,3.596813,0.887019,-0.158570
2.131000,4.472596,3.588411,0.884185,-0.161402
2.132000,4.461353,3.580009,0.881344,-0.164224
2.133000,4.450103,3.571607,0.878496,-0.167037
2.134000,4.438846,3.563206,0.875641,-0.169840
2.135000,4.427582,3.554805,0.872778,-0.172634
2.136000,4.416311,3.546404,0.869908,-0.175418
2.137000,4.405033,3.538003,0.867030,-0.178192
2.138000,4.393748,3.529602,0.864146,-0.180956
2.139000,4.382456,3.521201,0.861255,-0.183711
2.140000,4.371158,3.512801,0.858357,-0.186456
2.141000,4.359852,3.504400,0.855452,-0.189192
2.142000,4.348539,3.495999,0.852540,-0.191917
2.143000,4.337220,3.487598,0.849622,-0.194633
2.144000,4.325894,3.479197,0.846697,-0.197339
2.145000,4.314560,3.470795,0.843765,-0.200034
2.146000,4.303221,3.462393,0.840827,-0.202720
2.147000,4.291874,3.453991,0.837883,-0.205396
2.148000,4.280520,3.445589,0.834932,-0.208061
2.149000,4.269160,3.437186,0.831974,-0.210717
2.150000,4.257793,3.428782,0.829011,-0.213363
2.151000,4.246419,3.420378,0.826041,-0.215998
2.152000,4.235039,3.411973,0.823066,-0.218623
2.153000,4.223652,3.403568,0.820084,-0.221238
2.154000,4.212258,3.395162,0.817096,-0.223842
2.155000,4.200857,3.386755,0.814102,-0.226437
2.156000,4.189450,3.378347,0.811103,-0.229020
2.157000,4.178036,3.369939,0.808098,-0.231594
2.158000,4.166616,3.361529,0.805087,-0.234157
2.159000,4.155189,3.353119,0.802070,-0.236710
2.160000,4.143756,3.344707,0.799048,-0.239252
2.161000,4.132316,3.336295,0.796021,-0.241784
2.162000,4.120869,3.327882,0.792988,-0.244305
2.163000,4.109416,3.319467,0.789949,-0.246815
2.164000,4.097957,3.311051,0.786906,-0.249315
2.165000,4.086491,3.302634,0.783857,-0.251805
2.166000,4.075018,3.294215,0.780803,-0.254283
2.167000,4.063539,3.285795,0.777744,-0.256751
2.168000,4.052054,3.277374,0.774680,-0.259208
2.169000,4.040562,3.268952,0.771611,-0.261655
2.170000,4.029064,3.260527,0.768537,-0.264090
2.171000,4.017560,3.252102,0.765458,-0.266515
2.172000,4.006049,3.243674,0.762375,-0.268929
2.173000,3.994532,3.235245,0.759287,-0.271332
2.174000,3.983009,3.226815,0.756194,-0.273724
2.175000,3.971479,3.218382,0.753097,-0.276105
2.176000,3.959943,3.209948,0.749995,-0.278475
2.177000,3.948401,3.201512,0.746889,-0.280834
2.178000,3.936852,3.193074,0.743778,-0.283182
2.179000,3.925298,3.184634,0.740664,-0.285519
2.180000,3.913737,3.176192,0.737545,-0.287845
2.181000,3.902170,3.167748,0.734422,-0.290159
2.182000,3.890596,3.159302,0.731294,-0.292463
2.183000,3.879017,3.150854,0.728163,-0.294755
2.184000,3.867432,3.142403,0.725028,-0.297036
2.185000,3.855840,3.133951,0.721889,-0.299306
2.186000,3.844242,3.125496,0.718747,-0.301564
2.187000,3.832638,3.117038,0.715600,-0.303812
2.188000,3.821029,3.108579,0.712450,-0.306047
2.189000,3.809413,3.100117,0.709296,-0.308272
2.190000,3.797791,3.091652,0.706139,-0.310485
2.191000,3.786163,3.083185,0.702978,-0.312687
2.192000,3.774529,3.074715,0.699814,-0.314877
2.193000,3.762889,3.066243,0.696647,-0.317056
2.194000,3.751244,3.057768,0.693476,-0.319223
2.195000,3.739592,3.049290,0.690302,-0.321378
2.196000,3.727934,3.040809,0.687125,-0.323523
2.197000,3.716271,3.032326,0.683945,-0.325655
2.198000,3.704602,3.023839,0.680762,-0.327776
2.199000,3.692927,3.015350,0.677576,-0.329885
2.200000,3.681246,3.006858,0.674388,-0.331983
2.201000,3.669559,2.998363,0.671196,-0.334069
2.202000,3.657866,2.989864,0.668002,-0.336143
2.203000,3.646168,2.981363,0.664805,-0.338206
2.204000,3.634464,2.972858,0.661605,-0.340257
2.205000,3.622754,2.964350,0.658403,-0.342296
2.206000,3.611038,2.955839,0.655199,-0.344323
2.207000,3.599317,2.947325,0.651992,-0.346338
2.208000,3.587590,2.938807,0.648783,-0.348342
2.209000,3.575857,2.930286,0.645571,-0.350333
2.210000,3.564119,2.921761,0.642357,-0.352313
2.211000,3.552375,2.913233,0.639142,-0.354281
2.212000,3.540625,2.904701,0.635924,-0.356237
2.213000,3.528870,2.896166,0.632704,-0.358180
2.214000,3.517109,2.887627,0.629482,-0.360112
2.215000,3.505343,2.879084,0.626259,-0.362032
2.216000,3.493571,2.870538,0.623033,-0.363940
2.217000,3.481794,2.861988,0.619806,-0.365836
2.218000,3.470011,2.853434,0.616578,-0.367720
2.219000,3.458223,2.844876,0.613347,-0.369591
2.220000,3.446429,2.836314,0.610115,-0.371451
2.221000,3.434630,2.827748,0.606882,-0.373298
2.222000,3.422825,2.819178,0.603647,-0.375133
2.223000,3.411015,2.810604,0.600411,-0.376957
2.224000,3.399200,2.802026,0.597174,-0.378767
2.225000,3.387379,2.793444,0.593936,-0.380566
2.226000,3.375553,2.784857,0.590696,-0.382352
2.227000,3.363722,2.776266,0.587455,-0.384127
2.228000,3.351885,2.767671,0.584214,-0.385888
2.229000,3.340043,2.759072,0.580971,-0.387638
2.230000,3.328195,2.750468,0.577728,-0.389375
2.231000,3.316343,2.741860,0.574483,-0.391100
2.232000,3.304485,2.733247,0.571238,-0.392813
2.233000,3.292622,2.724629,0.567993,-0.394513
2.234000,3.280754,2.716007,0.564746,-0.396201
2.235000,3.268880,2.707381,0.561499,-0.397876
2.236000,3.257002,2.698750,0.558252,-0.399539
2.237000,3.245118,2.690114,0.555004,-0.401190
2.238000,3.233229,2.681473,0.551756,-0.402828
2.239000,3.221335,2.672827,0.548508,-0.404454
2.240000,3.209436,2.664177,0.545259,-0.406067
2.241000,3.197532,2.655521,0.542011,-0.407668
2.242000,3.185623,2.646861,0.538762,-0.409256
2.243000,3.173709,2.638195,0.535513,-0.410832
2.244000,3.161789,2.629525,0.532264,-0.412395
2.245000,3.149865,2.620850,0.529016,-0.413945
2.246000,3.137936,2.612169,0.525767,-0.415483
2.247000,3.126002,2.603483,0.522519,-0.417009
2.248000,3.114063,2.594792,0.519271,-0.418521
2.249000,3.102119,2.586096,0.516023,-0.420021
2.250000,3.090170,2.577394,0.512776,-0.421509
2.251000,3.078216,2.568687,0.509529,-0.422984
2.252000,3.066258,2.559974,0.506283,-0.424446
2.253000,3.054294,2.551256,0.503038,-0.425896
2.254000,3.042326,2.542533,0.499793,-0.427332
2.255000,3.030353,2.533804,0.496549,-0.428757
2.256000,3.018375,2.525069,0.493305,-0.430168
2.257000,3.006392,2.516329,0.490063,-0.431567
2.258000,2.994405,2.507583,0.486821,-0.432953
2.259000,2.982413,2.498832,0.483581,-0.434326
2.260000,2.970416,2.490074,0.480341,-0.435686
2.261000,2.958414,2.481311,0.477103,-0.437034
2.262000,2.946408,2.472542,0.473866,-0.438369
2.263000,2.934397,2.463767,0.470630,-0.439691
2.264000,2.922382,2.454986,0.467395,-0.441000
2.265000,2.910362,2.446200,0.464162,-0.442297
2.266000,2.898337,2.437407,0.460930,-0.443580
2.267000,2.886308,2.428608,0.457700,-0.444851
2.268000,2.874274,2.419803,0.454471,-0.446109
2.269000,2.862236,2.410991,0.451244,-0.447354
2.270000,2.850193,2.402174,0.448019,-0.448586
2.271000,2.838145,2.393350,0.444795,-0.449806
2.272000,2.826093,2.384520,0.441573,-0.451012
2.273000,2.814037,2.375684,0.438353,-0.452206
2.274000,2.801976,2.366842,0.435135,-0.453386
2.275000,2.789911,2.357993,0.431919,-0.454554
2.276000,2.777841,2.349137,0.428704,-0.455709
2.277000,2.765767,2.340275,0.425492,-0.456851
2.278000,2.753689,2.331407,0.422283,-0.457980
2.279000,2.741606,2.322531,0.419075,-0.459096
2.280000,2.729519,2.313650,0.415870,-0.460199
2.281000,2.717428,2.304761,0.412667,-0.461289
2.282000,2.705332,2.295866,0.409466,-0.462366
2.283000,2.693232,2.286964,0.406268,-0.463430
2.284000,2.681128,2.278056,0.403072,-0.464482
2.285000,2.669020,2.269140,0.399879,-0.465520
2.286000,2.656907,2.260218,0.396689,-0.466545
2.287000,2.644790,2.251289,0.393502,-0.467557
2.288000,2.632669,2.242353,0.390317,-0.468556
2.289000,2.620544,2.233410,0.387135,-0.469543
2.290000,2.608415,2.224459,0.383956,-0.470516
2.291000,2.596282,2.215502,0.380779,-0.471476
2.292000,2.584144,2.206538,0.377606,-0.472423
2.293000,2.572003,2.197566,0.374436,-0.473357
2.294000,2.559857,2.188588,0.371269,-0.474279
2.295000,2.547707,2.179602,0.368106,-0.475187
2.296000,2.535554,2.170609,0.364945,-0.476082
2.297000,2.523396,2.161608,0.361788,-0.476964
2.298000,2.511234,2.152600,0.358634,-0.477833
2.299000,2.499068,2.143585,0.355483,-0.478689
2.300000,2.486899,2.134562,0.352336,-0.479531
2.301000,2.474725,2.125532,0.349193,-0.480361
2.302000,2.462548,2.116495,0.346053,-0.481178
2.303000,2.450367,2.107450,0.342917,-0.481982
2.304000,2.438181,2.098397,0.339784,-0.482772
2.305000,2.425992,2.089337,0.336656,-0.483550
2.306000,2.413799,2.080269,0.333531,-0.484314
2.307000,2.401603,2.071193,0.330410,-0.485066
2.308000,2.389402,2.062109,0.327293,-0.485804
2.309000,2.377198,2.053018,0.324180,-0.486529
2.310000,2.364990,2.043919,0.321071,-0.487242
2.311000,2.352778,2.034812,0.317966,-0.487941
2.312000,2.340563,2.025698,0.314865,-0.488627
2.313000,2.328344,2.016575,0.311768,-0.489300
2.314000,2.316121,2.007445,0.308676,-0.489960
2.315000,2.303894,1.998306,0.305588,-0.490607
2.316000,2.291664,1.989159,0.302505,-0.491241
2.317000,2.279430,1.980005,0.299426,-0.491861
2.318000,2.267193,1.970842,0.296351,-0.492469
2.319000,2.254952,1.961671,0.293281,-0.493064
2.320000,2.242708,1.952492,0.290216,-0.493645
2.321000,2.230460,1.943305,0.287155,-0.494214
2.322000,2.218208,1.934109,0.284099,-0.494769
2.323000,2.205953,1.924906,0.281047,-0.495311
2.324000,2.193694,1.915693,0.278001,-0.495841
2.325000,2.181432,1.906473,0.274959,-0.496357
2.326000,2.169167,1.897244,0.271923,-0.496860
2.327000,2.156898,1.888007,0.268891,-0.497350
2.328000,2.144626,1.878761,0.265865,-0.497828
2.329000,2.132350,1.869507,0.262843,-0.498292
2.330000,2.120071,1.860244,0.259827,-0.498743
2.331000,2.107789,1.850973,0.256816,-0.499181
2.332000,2.095503,1.841693,0.253810,-0.499606
2.333000,2.083214,1.832405,0.250809,-0.500018
2.334000,2.070922,1.823108,0.247814,-0.500416
2.335000,2.058626,1.813802,0.244824,-0.500802
2.336000,2.046327,1.804487,0.241840,-0.501175
2.337000,2.034025,1.795164,0.238861,-0.501535
2.338000,2.021720,1.785832,0.235888,-0.501882
2.339000,2.009411,1.776491,0.232921,-0.502216
2.340000,1.997100,1.767141,0.229959,-0.502537
2.341000,1.984785,1.757782,0.227003,-0.502845
2.342000,1.972467,1.748415,0.224053,-0.503140
2.343000,1.960146,1.739038,0.221108,-0.503422
2.344000,1.947822,1.729652,0.218169,-0.503691
2.345000,1.935495,1.720258,0.215237,-0.503947
2.346000,1.923164,1.710854,0.212310,-0.504190
2.347000,1.910831,1.701441,0.209390,-0.504420
2.348000,1.898495,1.692020,0.206475,-0.504637
2.349000,1.886155,1.682589,0.203567,-0.504841
2.350000,1.873813,1.673149,0.200665,-0.505033
2.351000,1.861468,1.663699,0.197769,-0.505211
2.352000,1.849120,1.654241,0.194879,-0.505376
2.353000,1.836769,1.644773,0.191996,-0.505529
2.354000,1.824415,1.635296,0.189119,-0.505669
2.355000,1.812058,1.625809,0.186249,-0.505796
2.356000,1.799698,1.616313,0.183385,-0.505910
2.357000,1.787335,1.606808,0.180527,-0.506011
2.358000,1.774970,1.597293,0.177677,-0.506099
2.359000,1.762602,1.587769,0.174832,-0.506174
2.360000,1.750231,1.578236,0.171995,-0.506237
2.361000,1.737857,1.568692,0.169164,-0.506286
2.362000,1.725480,1.559140,0.166341,-0.506323
2.363000,1.713101,1.549578,0.163523,-0.506347
2.364000,1.700719,1.540006,0.160713,-0.506359
2.365000,1.688334,1.530424,0.157910,-0.506357
2.366000,1.675947,1.520833,0.155114,-0.506343
2.367000,1.663557,1.511233,0.152325,-0.506316
2.368000,1.651165,1.501622,0.149543,-0.506276
2.369000,1.638769,1.492002,0.146768,-0.506224
2.370000,1.626372,1.482372,0.144000,-0.506158
2.371000,1.613971,1.472732,0.141239,-0.506080
2.372000,1.601568,1.463083,0.138486,-0.505990
2.373000,1.589163,1.453423,0.135740,-0.505886
2.374000,1.576755,1.443754,0.133001,-0.505770
2.375000,1.564345,1.434075,0.130270,-0.505642
2.376000,1.551932,1.424386,0.127546,-0.505500
2.377000,1.539516,1.414687,0.124830,-0.505346
2.378000,1.527099,1.404978,0.122121,-0.505180
2.379000,1.514678,1.395259,0.119420,-0.505000
2.380000,1.502256,1.385530,0.116726,-0.504809
2.381000,1.489831,1.375791,0.114040,-0.504604
2.382000,1.477404,1.366041,0.111362,-0.504387
2.383000,1.464974,1.356282,0.108692,-0.504158
2.384000,1.452542,1.346513,0.106029,-0.503915
2.385000,1.440108,1.336733,0.103375,-0.503661
2.386000,1.427671,1.326943,0.100728,-0.503394
2.387000,1.415233,1.317143,0.098089,-0.503114
2.388000,1.402792,1.307333,0.095458,-0.502822
2.389000,1.390348,1.297513,0.092835,-0.502517
2.390000,1.377903,1.287682,0.090221,-0.502200
2.391000,1.365455,1.277841,0.087614,-0.501871
2.392000,1.353006,1.267990,0.085016,-0.501529
2.393000,1.340554,1.258128,0.082425,-0.501174
2.394000,1.328100,1.248256,0.079843,-0.500807
2.395000,1.315644,1.238374,0.077270,-0.500428
2.396000,1.303185,1.228481,0.074704,-0.500037
2.397000,1.290725,1.218578,0.072147,-0.499633
2.398000,1.278263,1.208664,0.069599,-0.499217
2.399000,1.265799,1.198740,0.067059,-0.498788
2.400000,1.253332,1.188805,0.064527,-0.498348
2.401000,1.240864,1.178860,0.062004,-0.497895
2.402000,1.228394,1.168904,0.059489,-0.497429
2.403000,1.215922,1.158938,0.056984,-0.496952
2.404000,1.203448,1.148961,0.054486,-0.496462
2.405000,1.190972,1.138974,0.051998,-0.495960
2.406000,1.178494,1.128976,0.049518,-0.495446
2.407000,1.166014,1.118967,0.047047,-0.494920
2.408000,1.153532,1.108948,0.044585,-0.494382
2.409000,1.141049,1.098917,0.042132,-0.493831
2.410000,1.128564,1.088877,0.039687,-0.493268
2.411000,1.116077,1.078825,0.037252,-0.492694
2.412000,1.103588,1.068763,0.034825,-0.492107
2.413000,1.091098,1.058690,0.032408,-0.491508
2.414000,1.078605,1.048606,0.030000,-0.490897
2.415000,1.066112,1.038511,0.027600,-0.490274
2.416000,1.053616,1.028406,0.025210,-0.489639
2.417000,1.041119,1.018289,0.022829,-0.488993
2.418000,1.028620,1.008162,0.020457,-0.488334
2.419000,1.016119,0.998024,0.018095,-0.487663
2.420000,1.003617,0.987875,0.015742,-0.486981
2.421000,0.991113,0.977716,0.013398,-0.486286
2.422000,0.978608,0.967545,0.011063,-0.485580
2.423000,0.966101,0.957363,0.008738,-0.484862
2.424000,0.953593,0.947170,0.006423,-0.484131
2.425000,0.941083,0.936967,0.004116,-0.483390
2.426000,0.928572,0.926752,0.001820,-0.482636
2.427000,0.916059,0.916527,-0.000468,-0.481871
2.428000,0.903545,0.906290,-0.002745,-0.481094
2.429000,0.891029,0.896042,-0.005013,-0.480305
2.430000,0.878512,0.885783,-0.007271,-0.479504
2.431000,0.865993,0.875513,-0.009520,-0.478692
2.432000,0.853474,0.865233,-0.011759,-0.477869
2.433000,0.840952,0.854941,-0.013988,-0.477033
2.434000,0.828430,0.844637,-0.016207,-0.476186
2.435000,0.815906,0.834323,-0.018417,-0.475328
2.436000,0.803381,0.823998,-0.020617,-0.474458
2.437000,0.790855,0.813661,-0.022806,-0.473576
2.438000,0.778327,0.803313,-0.024986,-0.472683
2.439000,0.765798,0.792954,-0.027156,-0.471778
2.440000,0.753268,0.782584,-0.029316,-0.470862
2.441000,0.740737,0.772203,-0.031466,-0.469935
2.442000,0.728204,0.761810,-0.033606,-0.468996
2.443000,0.715671,0.751406,-0.035735,-0.468046
2.444000,0.703136,0.740991,-0.037855,-0.467084
2.445000,0.690600,0.730565,-0.039964,-0.466111
2.446000,0.678063,0.720127,-0.042064,-0.465127
2.447000,0.665525,0.709678,-0.044153,-0.464131
2.448000,0.652986,0.699218,-0.046231,-0.463125
2.449000,0.640446,0.688746,-0.048300,-0.462107
2.450000,0.627905,0.678263,-0.050358,-0.461077
2.451000,0.615363,0.667769,-0.052406,-0.460037
2.452000,0.602820,0.657263,-0.054443,-0.458986
2.453000,0.590276,0.646746,-0.056470,-0.457923
2.454000,0.577731,0.636218,-0.058487,-0.456849
2.455000,0.565185,0.625678,-0.060493,-0.455764
2.456000,0.552639,0.615127,-0.062489,-0.454669
2.457000,0.540091,0.604565,-0.064474,-0.453562
2.458000,0.527543,0.593991,-0.066448,-0.452444
2.459000,0.514993,0.583405,-0.068412,-0.451315
2.460000,0.502443,0.572809,-0.070365,-0.450175
2.461000,0.489892,0.562200,-0.072308,-0.449025
2.462000,0.477341,0.551581,-0.074240,-0.447863
2.463000,0.464788,0.540950,-0.076161,-0.446691
2.464000,0.452235,0.530307,-0.078072,-0.445508
2.465000,0.439681,0.519653,-0.079972,-0.444314
2.466000,0.427127,0.508987,-0.081861,-0.443109
2.467000,0.414571,0.498310,-0.083739,-0.441894
2.468000,0.402015,0.487622,-0.085606,-0.440668
2.469000,0.389459,0.476922,-0.087463,-0.439431
2.470000,0.376902,0.466210,-0.089308,-0.438183
2.471000,0.364344,0.455487,-0.091143,-0.436925
2.472000,0.351786,0.444753,-0.092967,-0.435656
2.473000,0.339227,0.434007,-0.094780,-0.434377
2.474000,0.326668,0.423249,-0.096581,-0.433087
2.475000,0.314108,0.412480,-0.098372,-0.431787
2.476000,0.301547,0.401699,-0.100152,-0.430476
2.477000,0.288986,0.390907,-0.101920,-0.429155
2.478000,0.276425,0.380103,-0.103678,-0.427823
2.479000,0.263863,0.369287,-0.105424,-0.426481
2.480000,0.251301,0.358460,-0.107159,-0.425129
2.481000,0.238738,0.347622,-0.108883,-0.423766
2.482000,0.226175,0.336772,-0.110596,-0.422393
2.483000,0.213612,0.325910,-0.112298,-0.421010
2.484000,0.201048,0.315037,-0.113988,-0.419617
2.485000,0.188484,0.304152,-0.115667,-0.418213
2.486000,0.175920,0.293255,-0.117335,-0.416799
2.487000,0.163356,0.282347,-0.118991,-0.415375
2.488000,0.150791,0.271427,-0.120637,-0.413941
2.489000,0.138226,0.260496,-0.122270,-0.412497
2.490000,0.125660,0.249553,-0.123893,-0.411043
2.491000,0.113095,0.238599,-0.125504,-0.409578
2.492000,0.100529,0.227632,-0.127103,-0.408104
2.493000,0.087963,0.216655,-0.128691,-0.406620
2.494000,0.075398,0.205665,-0.130268,-0.405126
2.495000,0.062831,0.194664,-0.131833,-0.403622
2.496000,0.050265,0.183652,-0.133386,-0.402108
2.497000,0.037699,0.172627,-0.134928,-0.400584
2.498000,0.025133,0.161592,-0.136459,-0.399051
2.499000,0.012566,0.150544,-0.137978,-0.397508
2.500000,0.000000,0.139485,-0.139485,-0.395955
2.501000,-0.012566,0.128414,-0.140981,-0.394392
2.502000,-0.025133,0.117332,-0.142465,-0.392820
2.503000,-0.037699,0.106238,-0.143937,-0.391238
2.504000,-0.050265,0.095132,-0.145398,-0.389647
2.505000,-0.062831,0.084015,-0.146847,-0.388046
2.506000,-0.075398,0.072886,-0.148284,-0.386435
2.507000,-0.087963,0.061746,-0.149709,-0.384815
2.508000,-0.100529,0.050594,-0.151123,-0.383186
2.509000,-0.113095,0.039430,-0.152525,-0.381547
2.510000,-0.125660,0.028255,-0.153915,-0.379899
2.511000,-0.138226,0.017068,-0.155294,-0.378241
2.512000,-0.150791,0.005870,-0.156660,-0.376574
2.513000,-0.163356,-0.005341,-0.158015,-0.374898
2.514000,-0.175920,-0.016562,-0.159358,-0.373213
2.515000,-0.188484,-0.027796,-0.160689,-0.371518
2.516000,-0.201048,-0.039041,-0.162008,-0.369814
2.517000,-0.213612,-0.050297,-0.163315,-0.368101
2.518000,-0.226175,-0.061565,-0.164610,-0.366379
2.519000,-0.238738,-0.072845,-0.165893,-0.364648
2.520000,-0.251301,-0.084136,-0.167165,-0.362908
2.521000,-0.263863,-0.095439,-0.168424,-0.361159
2.522000,-0.276425,-0.106754,-0.169671,-0.359400
2.523000,-0.288986,-0.118080,-0.170907,-0.357633
2.524000,-0.301547,-0.129417,-0.172130,-0.355857
2.525000,-0.314108,-0.140766,-0.173341,-0.354073
2.526000,-0.326668,-0.152127,-0.174540,-0.352279
2.527000,-0.339227,-0.163499,-0.175727,-0.350476
2.528000,-0.351786,-0.174883,-0.176903,-0.348665
2.529000,-0.364344,-0.186279,-0.178065,-0.346845
2.530000,-0.376902,-0.197686,-0.179216,-0.345017
2.531000,-0.389459,-0.209104,-0.180355,-0.343179
2.532000,-0.402015,-0.220534,-0.181482,-0.341334
2.533000,-0.414571,-0.231975,-0.182596,-0.339479
2.534000,-0.427127,-0.243428,-0.183698,-0.337616
2.535000,-0.439681,-0.254893,-0.184788,-0.335745
2.536000,-0.452235,-0.266369,-0.185866,-0.333865
2.537000,-0.464788,-0.277856,-0.186932,-0.331977
2.538000,-0.477341,-0.289355,-0.187986,-0.330080
2.539000,-0.489892,-0.300865,-0.189027,-0.328175
2.540000,-0.502443,-0.312387,-0.190056,-0.326261
2.541000,-0.514993,-0.323921,-0.191073,-0.324340
2.542000,-0.527543,-0.335465,-0.192077,-0.322410
2.543000,-0.540091,-0.347022,-0.193069,-0.320472
2.544000,-0.552639,-0.358589,-0.194049,-0.318526
2.545000,-0.565185,-0.370168,-0.195017,-0.316571
2.546000,-0.577731,-0.381759,-0.195973,-0.314609
2.547000,-0.590276,-0.393360,-0.196916,-0.312638
2.548000,-0.602820,-0.404974,-0.197846,-0.310660
2.549000,-0.615363,-0.416598,-0.198765,-0.308673
2.550000,-0.627905,-0.428234,-0.199671,-0.306679
2.551000,-0.640446,-0.439882,-0.200565,-0.304677
2.552000,-0.652986,-0.451540,-0.201446,-0.302667
2.553000,-0.665525,-0.463210,-0.202315,-0.300649
2.554000,-0.678063,-0.474891,-0.203172,-0.298623
2.555000,-0.690600,-0.486584,-0.204016,-0.296589
2.556000,-0.703136,-0.498288,-0.204848,-0.294548
2.557000,-0.715671,-0.510003,-0.205668,-0.292499
2.558000,-0.728204,-0.521730,-0.206475,-0.290443
2.559000,-0.740737,-0.533467,-0.207269,-0.288379
2.560000,-0.753268,-0.545216,-0.208052,-0.286307
2.561000,-0.765798,-0.556977,-0.208822,-0.284228
2.562000,-0.778327,-0.568748,-0.209579,-0.282142
2.563000,-0.790855,-0.580531,-0.210324,-0.280048
2.564000,-0.803381,-0.592325,-0.211056,-0.277946
2.565000,-0.815906,-0.604130,-0.211777,-0.275838
2.566000,-0.828430,-0.615946,-0.212484,-0.273722
2.567000,-0.840952,-0.627773,-0.213179,-0.271598
2.568000,-0.853474,-0.639612,-0.213862,-0.269468
2.569000,-0.865993,-0.651461,-0.214532,-0.267330
2.570000,-0.878512,-0.663322,-0.215190,-0.265185
2.571000,-0.891029,-0.675194,-0.215835,-0.263033
2.572000,-0.903545,-0.687077,-0.216468,-0.260874
2.573000,-0.916059,-0.698971,-0.217088,-0.258708
2.574000,-0.928572,-0.710876,-0.217696,-0.256535
2.575000,-0.941083,-0.722792,-0.218292,-0.254355
2.576000,-0.953593,-0.734719,-0.218874,-0.252168
2.577000,-0.966101,-0.746657,-0.219445,-0.249974
2.578000,-0.978608,-0.758606,-0.220003,-0.247774
2.579000,-0.991113,-0.770566,-0.220548,-0.245567
2.580000,-1.003617,-0.782537,-0.221081,-0.243352
2.581000,-1.016119,-0.794518,-0.221601,-0.241132
2.582000,-1.028620,-0.806511,-0.222109,-0.238904
2.583000,-1.041119,-0.818515,-0.222604,-0.236670
2.584000,-1.053616,-0.830529,-0.223087,-0.234429
2.585000,-1.066112,-0.842555,-0.223557,-0.232182
2.586000,-1.078605,-0.854591,-0.224014,-0.229928
2.587000,-1.091098,-0.866638,-0.224460,-0.227668
2.588000,-1.103588,-0.878696,-0.224892,-0.225401
2.589000,-1.116077,-0.890765,-0.225312,-0.223129
2.590000,-1.128564,-0.902844,-0.225720,-0.220849
2.591000,-1.141049,-0.914934,-0.226115,-0.218564
2.592000,-1.153532,-0.927035,-0.226497,-0.216272
2.593000,-1.166014,-0.939147,-0.226867,-0.213974
2.594000,-1.178494,-0.951269,-0.227225,-0.211669
2.595000,-1.190972,-0.963402,-0.227570,-0.209359
2.596000,-1.203448,-0.975546,-0.227902,-0.207043
2.597000,-1.215922,-0.987700,-0.228222,-0.204720
2.598000,-1.228394,-0.999865,-0.228529,-0.202392
2.599000,-1.240864,-1.012040,-0.228824,-0.200057
2.600000,-1.253332,-1.024226,-0.229106,-0.197717
2.601000,-1.265799,-1.036423,-0.229376,-0.195370
2.602000,-1.278263,-1.048630,-0.229633,-0.193018
2.603000,-1.290725,-1.060847,-0.229878,-0.190660
2.604000,-1.303185,-1.073075,-0.230110,-0.188297
2.605000,-1.315644,-1.085314,-0.230330,-0.185927
2.606000,-1.328100,-1.097563,-0.230537,-0.183552
2.607000,-1.340554,-1.109822,-0.230732,-0.181172
2.608000,-1.353006,-1.122092,-0.230914,-0.178786
2.609000,-1.365455,-1.134372,-0.231084,-0.176394
2.610000,-1.377903,-1.146662,-0.231241,-0.173997
2.611000,-1.390348,-1.158963,-0.231385,-0.171594
2.612000,-1.402792,-1.171274,-0.231518,-0.169186
2.613000,-1.415233,-1.183595,-0.231637,-0.166772
2.614000,-1.427671,-1.195927,-0.231745,-0.164353
2.615000,-1.440108,-1.208268,-0.231839,-0.161929
2.616000,-1.452542,-1.220620,-0.231922,-0.159500
2.617000,-1.464974,-1.232982,-0.231992,-0.157065
2.618000,-1.477404,-1.245355,-0.232049,-0.154626
2.619000,-1.489831,-1.257737,-0.232094,-0.152181
2.620000,-1.502256,-1.270129,-0.232126,-0.149731
2.621000,-1.514678,-1.282532,-0.232146,-0.147276
2.622000,-1.527099,-1.294945,-0.232154,-0.144816
2.623000,-1.539516,-1.307367,-0.232149,-0.142351
2.624000,-1.551932,-1.319800,-0.232132,-0.139882
2.625000,-1.564345,-1.332242,-0.232102,-0.137407
2.626000,-1.576755,-1.344695,-0.232060,-0.134928
2.627000,-1.589163,-1.357157,-0.232006,-0.132443
2.628000,-1.601568,-1.369629,-0.231939,-0.129955
2.629000,-1.613971,-1.382112,-0.231860,-0.127461
2.630000,-1.626372,-1.394603,-0.231768,-0.124963
2.631000,-1.638769,-1.407105,-0.231664,-0.122460
2.632000,-1.651165,-1.419617,-0.231548,-0.119952
2.633000,-1.663557,-1.432138,-0.231419,-0.117441
2.634000,-1.675947,-1.444669,-0.231278,-0.114924
2.635000,-1.688334,-1.457210,-0.231125,-0.112403
2.636000,-1.700719,-1.469760,-0.230959,-0.109878
2.637000,-1.713101,-1.482320,-0.230781,-0.107349
2.638000,-1.725480,-1.494890,-0.230591,-0.104815
2.639000,-1.737857,-1.507469,-0.230388,-0.102277
2.640000,-1.750231,-1.520058,-0.230173,-0.099735
2.641000,-1.762602,-1.532656,-0.229946,-0.097188
2.642000,-1.774970,-1.545263,-0.229706,-0.094638
2.643000,-1.787335,-1.557881,-0.229455,-0.092083
2.644000,-1.799698,-1.570507,-0.229191,-0.089524
2.645000,-1.812058,-1.583143,-0.228914,-0.086962
2.646000,-1.824415,-1.595789,-0.228626,-0.084395
2.647000,-1.836769,-1.608443,-0.228325,-0.081825
2.648000,-1.849120,-1.621107,-0.228013,-0.079250
2.649000,-1.861468,-1.633780,-0.227687,-0.076672
2.650000,-1.873813,-1.646463,-0.227350,-0.074090
2.651000,-1.886155,-1.659155,-0.227001,-0.071504
2.652000,-1.898495,-1.671856,-0.226639,-0.068915
2.653000,-1.910831,-1.684566,-0.226266,-0.066322
2.654000,-1.923164,-1.697285,-0.225880,-0.063726
2.655000,-1.935495,-1.710013,-0.225482,-0.061125
2.656000,-1.947822,-1.722750,-0.225072,-0.058522
2.657000,-1.960146,-1.735496,-0.224650,-0.055915
2.658000,-1.972467,-1.748252,-0.224215,-0.053304
2.659000,-1.984785,-1.761016,-0.223769,-0.050690
2.660000,-1.997100,-1.773789,-0.223311,-0.048073
2.661000,-2.009411,-1.786571,-0.222840,-0.045452
2.662000,-2.021720,-1.799362,-0.222358,-0.042829
2.663000,-2.034025,-1.812162,-0.221863,-0.040202
2.664000,-2.046327,-1.824970,-0.221357,-0.037571
2.665000,-2.058626,-1.837787,-0.220839,-0.034938
2.666000,-2.070922,-1.850613,-0.220308,-0.032302
2.667000,-2.083214,-1.863448,-0.219766,-0.029662
2.668000,-2.095503,-1.876291,-0.219212,-0.027020
2.669000,-2.107789,-1.889143,-0.218646,-0.024375
2.670000,-2.120071,-1.902004,-0.218068,-0.021727
2.671000,-2.132350,-1.914873,-0.217478,-0.019076
2.672000,-2.144626,-1.927750,-0.216876,-0.016422
2.673000,-2.156898,-1.940636,-0.216262,-0.013765
2.674000,-2.169167,-1.953530,-0.215637,-0.011106
2.675000,-2.181432,-1.966433,-0.214999,-0.008444
2.676000,-2.193694,-1.979344,-0.214350,-0.005779
2.677000,-2.205953,-1.992264,-0.213689,-0.003112
2.678000,-2.218208,-2.005192,-0.213016,-0.000442
2.679000,-2.230460,-2.018128,-0.212332,0.002230
2.680000,-2.242708,-2.031072,-0.211636,0.004905
2.681000,-2.254952,-2.044024,-0.210928,0.007582
2.682000,-2.267193,-2.056985,-0.210208,0.010262
2.683000,-2.279430,-2.069954,-0.209477,0.012943
2.684000,-2.291664,-2.082930,-0.208734,0.015628
2.685000,-2.303894,-2.095915,-0.207979,0.018314
2.686000,-2.316121,-2.108908,-0.207213,0.021002
2.687000,-2.328344,-2.121909,-0.206435,0.023693
2.688000,-2.340563,-2.134917,-0.205645,0.026386
2.689000,-2.352778,-2.147934,-0.204844,0.029081
2.690000,-2.364990,-2.160958,-0.204032,0.031778
2.691000,-2.377198,-2.173990,-0.203208,0.034477
2.692000,-2.389402,-2.187030,-0.202372,0.037177
2.693000,-2.401603,-2.200078,-0.201525,0.039880
2.694000,-2.413799,-2.213133,-0.200666,0.042585
2.695000,-2.425992,-2.226196,-0.199796,0.045291
2.696000,-2.438181,-2.239267,-0.198914,0.047999
2.697000,-2.450367,-2.252345,-0.198021,0.050709
2.698000,-2.462548,-2.265431,-0.197117,0.053420
2.699000,-2.474725,-2.278524,-0.196201,0.056133
2.700000,-2.486899,-2.291625,-0.195274,0.058848
2.701000,-2.499068,-2.304733,-0.194336,0.061564
2.702000,-2.511234,-2.317848,-0.193386,0.064282
2.703000,-2.523396,-2.330971,-0.192425,0.067001
2.704000,-2.535554,-2.344101,-0.191453,0.069722
2.705000,-2.547707,-2.357238,-0.190469,0.072444
2.706000,-2.559857,-2.370382,-0.189475,0.075167
2.707000,-2.572003,-2.383534,-0.188469,0.077891
2.708000,-2.584144,-2.396693,-0.187452,0.080617
2.709000,-2.596282,-2.409858,-0.186423,0.083344
2.710000,-2.608415,-2.423031,-0.185384,0.086072
2.711000,-2.620544,-2.436211,-0.184333,0.088801
2.712000,-2.632669,-2.449398,-0.183272,0.091532
2.713000,-2.644790,-2.462591,-0.182199,0.094263
2.714000,-2.656907,-2.475792,-0.181115,0.096995
2.715000,-2.669020,-2.488999,-0.180021,0.099728
2.716000,-2.681128,-2.502213,-0.178915,0.102462
2.717000,-2.693232,-2.515434,-0.177798,0.105197
2.718000,-2.705332,-2.528662,-0.176671,0.107933
2.719000,-2.717428,-2.541896,-0.175532,0.110669
2.720000,-2.729519,-2.555137,-0.174383,0.113406
2.721000,-2.741606,-2.568384,-0.173222,0.116144
2.722000,-2.753689,-2.581638,-0.172051,0.118883
2.723000,-2.765767,-2.594899,-0.170869,0.121622
2.724000,-2.777841,-2.608165,-0.169676,0.124361
2.725000,-2.789911,-2.621439,-0.168472,0.127101
2.726000,-2.801976,-2.634718,-0.167258,0.129842
2.727000,-2.814037,-2.648004,-0.166033,0.132583
2.728000,-2.826093,-2.661296,-0.164797,0.135324
2.729000,-2.838145,-2.674594,-0.163551,0.138066
2.730000,-2.850193,-2.687899,-0.162294,0.140807
2.731000,-2.862236,-2.701210,-0.161026,0.143550
2.732000,-2.874274,-2.714526,-0.159748,0.146292
2.733000,-2.886308,-2.727849,-0.158459,0.149034
2.734000,-2.898337,-2.741178,-0.157159,0.151777
2.735000,-2.910362,-2.754512,-0.155849,0.154520
2.736000,-2.922382,-2.767853,-0.154529,0.157262
2.737000,-2.934397,-2.781199,-0.153198,0.160005
2.738000,-2.946408,-2.794551,-0.151857,0.162748
2.739000,-2.958414,-2.807909,-0.150505,0.165490
2.740000,-2.970416,-2.821273,-0.149143,0.168232
2.741000,-2.982413,-2.834642,-0.147770,0.170975
2.742000,-2.994405,-2.848017,-0.146388,0.173716
2.743000,-3.006392,-2.861398,-0.144994,0.176458
2.744000,-3.018375,-2.874784,-0.143591,0.179199
2.745000,-3.030353,-2.888175,-0.142178,0.181940
2.746000,-3.042326,-2.901572,-0.140754,0.184681
2.747000,-3.054294,-2.914974,-0.139320,0.187421
2.748000,-3.066258,-2.928382,-0.137876,0.190161
2.749000,-3.078216,-2.941795,-0.136421,0.192900
2.750000,-3.090170,-2.955213,-0.134957,0.195639
2.751000,-3.102119,-2.968636,-0.133482,0.198377
2.752000,-3.114063,-2.982065,-0.131998,0.201114
2.753000,-3.126002,-2.995499,-0.130503,0.203851
2.754000,-3.137936,-3.008937,-0.128999,0.206586
2.755000,-3.149865,-3.022381,-0.127484,0.209322
2.756000,-3.161789,-3.035829,-0.125960,0.212056
2.757000,-3.173709,-3.049283,-0.124426,0.214789
2.758000,-3.185623,-3.062741,-0.122882,0.217522
2.759000,-3.197532,-3.076204,-0.121328,0.220253
2.760000,-3.209436,-3.089672,-0.119764,0.222984
2.761000,-3.221335,-3.103145,-0.118190,0.225714
2.762000,-3.233229,-3.116622,-0.116607,0.228442
2.763000,-3.245118,-3.130104,-0.115014,0.231169
2.764000,-3.257002,-3.143590,-0.113411,0.233896
2.765000,-3.268880,-3.157081,-0.111799,0.236621
2.766000,-3.280754,-3.170577,-0.110177,0.239345
2.767000,-3.292622,-3.184077,-0.108545,0.242067
2.768000,-3.304485,-3.197581,-0.106904,0.244788
2.769000,-3.316343,-3.211089,-0.105254,0.247508
2.770000,-3.328195,-3.224602,-0.103594,0.250227
2.771000,-3.340043,-3.238119,-0.101924,0.252944
2.772000,-3.351885,-3.251640,-0.100245,0.255659
2.773000,-3.363722,-3.265165,-0.098557,0.258373
2.774000,-3.375553,-3.278694,-0.096859,0.261086
2.775000,-3.387379,-3.292227,-0.095152,0.263797
2.776000,-3.399200,-3.305765,-0.093435,0.266506
2.777000,-3.411015,-3.319306,-0.091710,0.269213
2.778000,-3.422825,-3.332851,-0.089975,0.271919
2.779000,-3.434630,-3.346399,-0.088231,0.274623
2.780000,-3.446429,-3.359952,-0.086477,0.277326
2.781000,-3.458223,-3.373508,-0.084715,0.280026
2.782000,-3.470011,-3.387068,-0.082943,0.282725
2.783000,-3.481794,-3.400631,-0.081163,0.285421
2.784000,-3.493571,-3.414198,-0.079373,0.288116
2.785000,-3.505343,-3.427769,-0.077574,0.290809
2.786000,-3.517109,-3.441343,-0.075767,0.293499
2.787000,-3.528870,-3.454920,-0.073950,0.296188
2.788000,-3.540625,-3.468501,-0.072125,0.298874
2.789000,-3.552375,-3.482084,-0.070290,0.301558
2.790000,-3.564119,-3.495672,-0.068447,0.304240
2.791000,-3.575857,-3.509262,-0.066595,0.306920
2.792000,-3.587590,-3.522855,-0.064735,0.309598
2.793000,-3.599317,-3.536452,-0.062865,0.312273
2.794000,-3.611038,-3.550051,-0.060987,0.314946
2.795000,-3.622754,-3.563654,-0.059100,0.317616
2.796000,-3.634464,-3.577259,-0.057205,0.320284
2.797000,-3.646168,-3.590867,-0.055300,0.322950
2.798000,-3.657866,-3.604478,-0.053388,0.325613
2.799000,-3.669559,-3.618092,-0.051467,0.328273
2.800000,-3.681246,-3.631708,-0.049537,0.330931
2.801000,-3.692927,-3.645328,-0.047599,0.333586
2.802000,-3.704602,-3.658949,-0.045652,0.336239
2.803000,-3.716271,-3.672573,-0.043698,0.338889
2.804000,-3.727934,-3.686200,-0.041734,0.341536
2.805000,-3.739592,-3.699829,-0.039763,0.344180
2.806000,-3.751244,-3.713461,-0.037783,0.346822
2.807000,-3.762889,-3.727095,-0.035795,0.349460
2.808000,-3.774529,-3.740731,-0.033799,0.352096
2.809000,-3.786163,-3.754369,-0.031794,0.354729
2.810000,-3.797791,-3.768009,-0.029781,0.357358
2.811000,-3.809413,-3.781652,-0.027761,0.359985
2.812000,-3.821029,-3.795297,-0.025732,0.362609
2.813000,-3.832638,-3.808943,-0.023695,0.365230
2.814000,-3.844242,-3.822592,-0.021651,0.367847
2.815000,-3.855840,-3.836242,-0.019598,0.370462
2.816000,-3.867432,-3.849894,-0.017537,0.373073
2.817000,-3.879017,-3.863548,-0.015469,0.375681
2.818000,-3.890596,-3.877204,-0.013392,0.378285
2.819000,-3.902170,-3.890861,-0.011308,0.380887
2.820000,-3.913737,-3.904520,-0.009216,0.383484
2.821000,-3.925298,-3.918181,-0.007117,0.386079
2.822000,-3.936852,-3.931843,-0.005009,0.388670
2.823000,-3.948401,-3.945506,-0.002894,0.391258
2.824000,-3.959943,-3.959171,-0.000772,0.393842
2.825000,-3.971479,-3.972837,0.001358,0.396423
2.826000,-3.983009,-3.986505,0.003496,0.399000
2.827000,-3.994532,-4.000173,0.005641,0.401573
2.828000,-4.006049,-4.013843,0.007794,0.404143
2.829000,-4.017560,-4.027514,0.009954,0.406709
2.830000,-4.029064,-4.041186,0.012121,0.409271
2.831000,-4.040562,-4.054859,0.014296,0.411830
2.832000,-4.052054,-4.068532,0.016478,0.414385
2.833000,-4.063539,-4.082207,0.018668,0.416936
2.834000,-4.075018,-4.095883,0.020864,0.419483
2.835000,-4.086491,-4.109559,0.023068,0.422026
2.836000,-4.097957,-4.123236,0.025279,0.424566
2.837000,-4.109416,-4.136914,0.027497,0.427101
2.838000,-4.120869,-4.150592,0.029722,0.429632
2.839000,-4.132316,-4.164271,0.031955,0.432160
2.840000,-4.143756,-4.177950,0.034194,0.434683
2.841000,-4.155189,-4.191629,0.036440,0.437202
2.842000,-4.166616,-4.205309,0.038693,0.439717
2.843000,-4.178036,-4.218990,0.040953,0.442228
2.844000,-4.189450,-4.232670,0.043220,0.444734
2.845000,-4.200857,-4.246351,0.045494,0.447236
2.846000,-4.212258,-4.260032,0.047774,0.449734
2.847000,-4.223652,-4.273713,0.050061,0.452228
2.848000,-4.235039,-4.287394,0.052355,0.454717
2.849000,-4.246419,-4.301075,0.054656,0.457202
2.850000,-4.257793,-4.314756,0.056963,0.459683
2.851000,-4.269160,-4.328436,0.059276,0.462159
2.852000,-4.280520,-4.342117,0.061596,0.464630
2.853000,-4.291874,-4.355797,0.063923,0.467097
2.854000,-4.303221,-4.369477,0.066256,0.469560
2.855000,-4.314560,-4.383156,0.068596,0.472018
2.856000,-4.325894,-4.396835,0.070942,0.474471
2.857000,-4.337220,-4.410514,0.073294,0.476920
2.858000,-4.348539,-4.424192,0.075652,0.479363
2.859000,-4.359852,-4.437869,0.078017,0.481803
2.860000,-4.371158,-4.451546,0.080388,0.484237
2.861000,-4.382456,-4.465221,0.082765,0.486666
2.862000,-4.393748,-4.478897,0.085148,0.489091
2.863000,-4.405033,-4.492571,0.087538,0.491511
2.864000,-4.416311,-4.506244,0.089933,0.493926
2.865000,-4.427582,-4.519917,0.092334,0.496336
2.866000,-4.438846,-4.533588,0.094741,0.498741
2.867000,-4.450103,-4.547258,0.097155,0.501141
2.868000,-4.461353,-4.560927,0.099574,0.503536
2.869000,-4.472596,-4.574595,0.101999,0.505926
2.870000,-4.483832,-4.588262,0.104429,0.508311
2.871000,-4.495061,-4.601927,0.106866,0.510691
2.872000,-4.506283,-4.615591,0.109308,0.513066
2.873000,-4.517497,-4.629253,0.111756,0.515435
2.874000,-4.528705,-4.642914,0.114210,0.517799
2.875000,-4.539905,-4.656574,0.116669,0.520158
2.876000,-4.551098,-4.670231,0.119133,0.522512
2.877000,-4.562284,-4.683887,0.121603,0.524861
2.878000,-4.573463,-4.697542,0.124079,0.527204
2.879000,-4.584634,-4.711194,0.126560,0.529541
2.880000,-4.595799,-4.724845,0.129046,0.531873
2.881000,-4.606956,-4.738494,0.131538,0.534200
2.882000,-4.618105,-4.752141,0.134035,0.536522
2.883000,-4.629248,-4.765785,0.136538,0.538837
2.884000,-4.640383,-4.779428,0.139045,0.541148
2.885000,-4.651511,-4.793069,0.141558,0.543453
2.886000,-4.662631,-4.806707,0.144076,0.545752
2.887000,-4.673744,-4.820343,0.146598,0.548045
2.888000,-4.684850,-4.833977,0.149126,0.550333
2.889000,-4.695948,-4.847608,0.151659,0.552615
2.890000,-4.707039,-4.861237,0.154197,0.554892
2.891000,-4.718123,-4.874863,0.156740,0.557163
2.892000,-4.729199,-4.888487,0.159288,0.559427
2.893000,-4.740267,-4.902108,0.161840,0.561687
2.894000,-4.751328,-4.915726,0.164398,0.563940
2.895000,-4.762382,-4.929342,0.166960,0.566187
2.896000,-4.773428,-4.942955,0.169527,0.568429
2.897000,-4.784467,-4.956565,0.172098,0.570665
2.898000,-4.795498,-4.970172,0.174674,0.572894
2.899000,-4.806521,-4.983776,0.177255,0.575118
2.900000,-4.817537,-4.997377,0.179840,0.577336
2.901000,-4.828545,-5.010975,0.182430,0.579548
2.902000,-4.839545,-5.024569,0.185024,0.581753
2.903000,-4.850538,-5.038161,0.187622,0.583953
2.904000,-4.861524,-5.051749,0.190225,0.586146
2.905000,-4.872501,-5.065334,0.192832,0.588333
2.906000,-4.883471,-5.078915,0.195444,0.590515
2.907000,-4.894433,-5.092493,0.198060,0.592689
2.908000,-4.905388,-5.106067,0.200680,0.594858
2.909000,-4.916334,-5.119638,0.203304,0.597021
2.910000,-4.927273,-5.133205,0.205932,0.599177
2.911000,-4.938205,-5.146769,0.208564,0.601326
2.912000,-4.949128,-5.160328,0.211200,0.603470
2.913000,-4.960043,-5.173884,0.213841,0.605607
2.914000,-4.970951,-5.187436,0.216485,0.607738
2.915000,-4.981851,-5.200984,0.219133,0.609862
2.916000,-4.992743,-5.214528,0.221785,0.611980
2.917000,-5.003627,-5.228068,0.224440,0.614091
2.918000,-5.014503,-5.241603,0.227100,0.616196
2.919000,-5.025372,-5.255135,0.229763,0.618294
2.920000,-5.036232,-5.268662,0.232430,0.620386
2.921000,-5.047084,-5.282185,0.235101,0.622471
2.922000,-5.057929,-5.295704,0.237775,0.624550
2.923000,-5.068765,-5.309218,0.240452,0.626622
2.924000,-5.079594,-5.322727,0.243133,0.628687
2.925000,-5.090414,-5.336232,0.245818,0.630745
2.926000,-5.101227,-5.349733,0.248506,0.632797
2.927000,-5.112031,-5.363228,0.251198,0.634842
2.928000,-5.122827,-5.376719,0.253892,0.636881
2.929000,-5.133615,-5.390206,0.256590,0.638912
2.930000,-5.144395,-5.403687,0.259292,0.640937
2.931000,-5.155167,-5.417163,0.261996,0.642955
2.932000,-5.165931,-5.430635,0.264704,0.644966
2.933000,-5.176687,-5.444101,0.267414,0.646970
2.934000,-5.187434,-5.457562,0.270128,0.648967
2.935000,-5.198173,-5.471018,0.272845,0.650958
2.936000,-5.208904,-5.484469,0.275565,0.652941
2.937000,-5.219627,-5.497915,0.278287,0.654918
2.938000,-5.230342,-5.511355,0.281013,0.656887
2.939000,-5.241048,-5.524790,0.283741,0.658849
2.940000,-5.251746,-5.538219,0.286473,0.660804
2.941000,-5.262436,-5.551643,0.289207,0.662753
2.942000,-5.273118,-5.565061,0.291943,0.664694
2.943000,-5.283791,-5.578474,0.294683,0.666628
2.944000,-5.294455,-5.591880,0.297425,0.668555
2.945000,-5.305112,-5.605281,0.300170,0.670474
2.946000,-5.315760,-5.618677,0.302917,0.672387
2.947000,-5.326400,-5.632066,0.305666,0.674292
2.948000,-5.337031,-5.645449,0.308419,0.676190
2.949000,-5.347654,-5.658827,0.311173,0.678081
2.950000,-5.358268,-5.672198,0.313930,0.679964
2.951000,-5.368874,-5.685563,0.316689,0.681840
2.952000,-5.379471,-5.698922,0.319451,0.683709
2.953000,-5.390060,-5.712275,0.322214,0.685570
2.954000,-5.400641,-5.725621,0.324980,0.687424
2.955000,-5.411213,-5.738961,0.327749,0.689271
2.956000,-5.421776,-5.752295,0.330519,0.691110
2.957000,-5.432331,-5.765622,0.333291,0.692942
2.958000,-5.442877,-5.778942,0.336065,0.694767
2.959000,-5.453414,-5.792256,0.338842,0.696583
2.960000,-5.463943,-5.805563,0.341620,0.698393
2.961000,-5.474464,-5.818864,0.344400,0.700195
2.962000,-5.484976,-5.832157,0.347182,0.701989
2.963000,-5.495479,-5.845444,0.349965,0.703776
2.964000,-5.505973,-5.858724,0.352751,0.705555
2.965000,-5.516459,-5.871997,0.355538,0.707326
2.966000,-5.526936,-5.885263,0.358327,0.709090
2.967000,-5.537404,-5.898521,0.361117,0.710846
2.968000,-5.547863,-5.911773,0.363909,0.712595
2.969000,-5.558314,-5.925017,0.366703,0.714336
2.970000,-5.568756,-5.938254,0.369498,0.716069
2.971000,-5.579189,-5.951484,0.372295,0.717795
2.972000,-5.589614,-5.964706,0.375093,0.719512
2.973000,-5.600029,-5.977921,0.377892,0.721222
2.974000,-5.610436,-5.991128,0.380693,0.722924
2.975000,-5.620834,-6.004328,0.383494,0.724619
2.976000,-5.631223,-6.017520,0.386298,0.726305
2.977000,-5.641603,-6.030705,0.389102,0.727984
2.978000,-5.651974,-6.043881,0.391907,0.729655
2.979000,-5.662336,-6.057050,0.394714,0.731318
2.980000,-5.672689,-6.070211,0.397522,0.732973
2.981000,-5.683034,-6.083364,0.400330,0.734620
2.982000,-5.693369,-6.096509,0.403140,0.736259
2.983000,-5.703696,-6.109646,0.405950,0.737890
2.984000,-5.714013,-6.122775,0.408762,0.739514
2.985000,-5.724321,-6.135895,0.411574,0.741129
2.986000,-5.734621,-6.149008,0.414387,0.742736
2.987000,-5.744911,-6.162112,0.417201,0.744335
2.988000,-5.755192,-6.175207,0.420015,0.745927
2.989000,-5.765464,-6.188295,0.422831,0.747510
2.990000,-5.775727,-6.201373,0.425646,0.749085
2.991000,-5.785981,-6.214444,0.428463,0.750652
2.992000,-5.796226,-6.227505,0.431280,0.752211
2.993000,-5.806461,-6.240558,0.434097,0.753762
2.994000,-5.816688,-6.253602,0.436915,0.755304
2.995000,-5.826905,-6.266638,0.439733,0.756839
2.996000,-5.837113,-6.279665,0.442552,0.758365
2.997000,-5.847312,-6.292682,0.445371,0.759883
2.998000,-5.857501,-6.305691,0.448190,0.761393
2.999000,-5.867681,-6.318691,0.451009,0.762895
3.000000,-5.877853,-6.331682,0.453829,0.764388
3.001000,-5.888014,-6.344663,0.456649,0.765873
3.002000,-5.898167,-6.357636,0.459469,0.767350
3.003000,-5.908310,-6.370599,0.462289,0.768819
3.004000,-5.918444,-6.383553,0.465109,0.770279
3.005000,-5.928568,-6.396497,0.467929,0.771731
3.006000,-5.938683,-6.409432,0.470749,0.773175
3.007000,-5.948789,-6.422358,0.473568,0.774611
3.008000,-5.958885,-6.435274,0.476388,0.776038
3.009000,-5.968972,-6.448180,0.479208,0.777456
3.010000,-5.979050,-6.461077,0.482027,0.778867
3.011000,-5.989118,-6.473964,0.484846,0.780268
3.012000,-5.999177,-6.486841,0.487664,0.781662
3.013000,-6.009226,-6.499708,0.490483,0.783047
3.014000,-6.019265,-6.512566,0.493300,0.784423
3.015000,-6.029295,-6.525413,0.496118,0.785792
3.016000,-6.039316,-6.538251,0.498935,0.787151
3.017000,-6.049327,-6.551078,0.501751,0.788502
3.018000,-6.059329,-6.563895,0.504567,0.789845
3.019000,-6.069321,-6.576703,0.507382,0.791179
3.020000,-6.079303,-6.589499,0.510196,0.792505
3.021000,-6.089276,-6.602286,0.513010,0.793822
3.022000,-6.099239,-6.615062,0.515823,0.795131
3.023000,-6.109192,-6.627828,0.518635,0.796431
3.024000,-6.119136,-6.640583,0.521447,0.797722
3.025000,-6.129071,-6.653328,0.524257,0.799005
3.026000,-6.138995,-6.666062,0.527067,0.800280
3.027000,-6.148910,-6.678786,0.529876,0.801545
3.028000,-6.158815,-6.691498,0.532683,0.802802
3.029000,-6.168710,-6.704200,0.535490,0.804051
3.030000,-6.178596,-6.716892,0.538296,0.805291
3.031000,-6.188472,-6.729572,0.541100,0.806522
3.032000,-6.198338,-6.742241,0.543903,0.807744
3.033000,-6.208195,-6.754900,0.546705,0.808958
3.034000,-6.218041,-6.767547,0.549506,0.810163
3.035000,-6.227878,-6.780183,0.552306,0.811360
3.036000,-6.237705,-6.792808,0.555104,0.812548
3.037000,-6.247522,-6.805422,0.557901,0.813727
3.038000,-6.257329,-6.818025,0.560696,0.814897
3.039000,-6.267126,-6.830616,0.563490,0.816059
3.040000,-6.276914,-6.843196,0.566282,0.817211
3.041000,-6.286691,-6.855764,0.569073,0.818356
3.042000,-6.296459,-6.868321,0.571862,0.819491
3.043000,-6.306216,-6.880866,0.574650,0.820617
3.044000,-6.315964,-6.893400,0.577436,0.821735
3.045000,-6.325702,-6.905922,0.580220,0.822844
3.046000,-6.335429,-6.918432,0.583003,0.823944
3.047000,-6.345147,-6.930931,0.585784,0.825036
3.048000,-6.354855,-6.943417,0.588563,0.826118
3.049000,-6.364552,-6.955892,0.591340,0.827192
3.050000,-6.374240,-6.968355,0.594115,0.828257
3.051000,-6.383917,-6.980805,0.596888,0.829313
3.052000,-6.393585,-6.993244,0.599659,0.830360
3.053000,-6.403242,-7.005671,0.602428,0.831399
3.054000,-6.412889,-7.018085,0.605195,0.832428
3.055000,-6.422527,-7.030487,0.607960,0.833449
3.056000,-6.432153,-7.042877,0.610723,0.834460
3.057000,-6.441770,-7.055254,0.613484,0.835463
3.058000,-6.451377,-7.067619,0.616242,0.836457
3.059000,-6.460973,-7.079972,0.618998,0.837442
3.060000,-6.470560,-7.092312,0.621752,0.838418
3.061000,-6.480136,-7.104639,0.624504,0.839385
3.062000,-6.489701,-7.116954,0.627253,0.840344
3.063000,-6.499257,-7.129256,0.629999,0.841293
3.064000,-6.508802,-7.141546,0.632744,0.842233
3.065000,-6.518337,-7.153822,0.635485,0.843165
3.066000,-6.527862,-7.166086,0.638224,0.844087
3.067000,-6.537376,-7.178337,0.640961,0.845001
3.068000,-6.546880,-7.190575,0.643695,0.845905
3.069000,-6.556374,-7.202800,0.646426,0.846801
3.070000,-6.565858,-7.215012,0.649154,0.847688
3.071000,-6.575331,-7.227211,0.651880,0.848565
3.072000,-6.584793,-7.239396,0.654603,0.849434
3.073000,-6.594245,-7.251568,0.657323,0.850293
3.074000,-6.603687,-7.263728,0.660040,0.851144
3.075000,-6.613119,-7.275873,0.662755,0.851986
3.076000,-6.622540,-7.288006,0.665466,0.852818
3.077000,-6.631950,-7.300124,0.668174,0.853642
3.078000,-6.641350,-7.312230,0.670880,0.854457
3.079000,-6.650740,-7.324322,0.673582,0.855262
3.080000,-6.660119,-7.336400,0.676281,0.856059
3.081000,-6.669487,-7.348464,0.678977,0.856846
3.082000,-6.678845,-7.360515,0.681670,0.857625
3.083000,-6.688193,-7.372552,0.684360,0.858394
3.084000,-6.697529,-7.384576,0.687046,0.859155
3.085000,-6.706856,-7.396585,0.689729,0.859906
3.086000,-6.716171,-7.408580,0.692409,0.860648
3.087000,-6.725477,-7.420562,0.695085,0.861382
3.088000,-6.734771,-7.432529,0.697758,0.862106
3.089000,-6.744055,-7.444483,0.700428,0.862821
3.090000,-6.753328,-7.456422,0.703094,0.863527
3.091000,-6.762591,-7.468347,0.705756,0.864224
3.092000,-6.771842,-7.480258,0.708415,0.864912
3.093000,-6.781084,-7.492154,0.711071,0.865591
3.094000,-6.790314,-7.504037,0.713723,0.866261
3.095000,-6.799534,-7.515904,0.716371,0.866922
3.096000,-6.808743,-7.527758,0.719015,0.867574
3.097000,-6.817941,-7.539596,0.721655,0.868216
3.098000,-6.827128,-7.551421,0.724292,0.868850
3.099000,-6.836305,-7.563230,0.726925,0.869474
3.100000,-6.845471,-7.575025,0.729554,0.870090
3.101000,-6.854626,-7.586806,0.732180,0.870696
3.102000,-6.863770,-7.598571,0.734801,0.871293
3.103000,-6.872904,-7.610322,0.737418,0.871881
3.104000,-6.882026,-7.622058,0.740032,0.872460
3.105000,-6.891138,-7.633779,0.742641,0.873030
3.106000,-6.900239,-7.645485,0.745246,0.873591
3.107000,-6.909329,-7.657176,0.747847,0.874143
3.108000,-6.918408,-7.668852,0.750444,0.874685
3.109000,-6.927476,-7.680513,0.753037,0.875219
3.110000,-6.936533,-7.692158,0.755625,0.875743
3.111000,-6.945579,-7.703789,0.758209,0.876259
3.112000,-6.954614,-7.715404,0.760789,0.876765
3.113000,-6.963639,-7.727004,0.763365,0.877262
3.114000,-6.972652,-7.738588,0.765936,0.877751
3.115000,-6.981654,-7.750157,0.768503,0.878230
3.116000,-6.990645,-7.761711,0.771065,0.878700
3.117000,-6.999626,-7.773249,0.773623,0.879160
3.118000,-7.008595,-7.784771,0.776177,0.879612
3.119000,-7.017553,-7.796278,0.778725,0.880055
3.120000,-7.026500,-7.807769,0.781270,0.880489
3.121000,-7.035436,-7.819245,0.783809,0.880913
3.122000,-7.044360,-7.830705,0.786344,0.881329
3.123000,-7.053274,-7.842149,0.788875,0.881735
3.124000,-7.062176,-7.853577,0.791400,0.882132
3.125000,-7.071068,-7.864989,0.793921,0.882521
3.126000,-7.079948,-7.876385,0.796437,0.882900
3.127000,-7.088817,-7.887765,0.798948,0.883270
3.128000,-7.097675,-7.899129,0.801455,0.883631
3.129000,-7.106521,-7.910477,0.803956,0.883983
3.130000,-7.115357,-7.921809,0.806452,0.884326
3.131000,-7.124181,-7.933125,0.808944,0.884659
3.132000,-7.132994,-7.944424,0.811431,0.884984
3.133000,-7.141795,-7.955708,0.813912,0.885300
3.134000,-7.150586,-7.966974,0.816389,0.885607
3.135000,-7.159365,-7.978225,0.818860,0.885904
3.136000,-7.168133,-7.989459,0.821326,0.886193
3.137000,-7.176889,-8.000676,0.823787,0.886472
3.138000,-7.185634,-8.011877,0.826243,0.886743
3.139000,-7.194368,-8.023061,0.828694,0.887004
3.140000,-7.203090,-8.034229,0.831139,0.887256
3.141000,-7.211801,-8.045380,0.833579,0.887500
3.142000,-7.220501,-8.056515,0.836014,0.887734
3.143000,-7.229189,-8.067632,0.838443,0.887960
3.144000,-7.237866,-8.078733,0.840867,0.888176
3.145000,-7.246531,-8.089817,0.843286,0.888383
3.146000,-7.255185,-8.100884,0.845699,0.888581
3.147000,-7.263828,-8.111934,0.848106,0.888771
3.148000,-7.272459,-8.122967,0.850508,0.888951
3.149000,-7.281078,-8.133983,0.852905,0.889122
3.150000,-7.289686,-8.144982,0.855296,0.889285
3.151000,-7.298283,-8.155964,0.857681,0.889438
3.152000,-7.306868,-8.166928,0.860060,0.889582
3.153000,-7.315441,-8.177875,0.862434,0.889718
3.154000,-7.324003,-8.188806,0.864802,0.889844
3.155000,-7.332553,-8.199718,0.867165,0.889962
3.156000,-7.341092,-8.210614,0.869522,0.890070
3.157000,-7.349619,-8.221492,0.871872,0.890170
3.158000,-7.358135,-8.232352,0.874217,0.890260
3.159000,-7.366639,-8.243195,0.876556,0.890342
3.160000,-7.375131,-8.254021,0.878890,0.890415
3.161000,-7.383612,-8.264829,0.881217,0.890479
3.162000,-7.392081,-8.275619,0.883538,0.890534
3.163000,-7.400538,-8.286392,0.885853,0.890580
3.164000,-7.408984,-8.297147,0.888163,0.890617
3.165000,-7.417418,-8.307884,0.890466,0.890645
3.166000,-7.425840,-8.318603,0.892763,0.890665
3.167000,-7.434250,-8.329304,0.895054,0.890675
3.168000,-7.442649,-8.339988,0.897339,0.890677
3.169000,-7.451036,-8.350654,0.899617,0.890669
3.170000,-7.459411,-8.361301,0.901890,0.890653
3.171000,-7.467775,-8.371931,0.904156,0.890628
3.172000,-7.476127,-8.382543,0.906416,0.890594
3.173000,-7.484466,-8.393136,0.908670,0.890552
3.174000,-7.492794,-8.403711,0.910917,0.890500
3.175000,-7.501111,-8.414269,0.913158,0.890440
3.176000,-7.509415,-8.424807,0.915392,0.890371
3.177000,-7.517708,-8.435328,0.917620,0.890293
3.178000,-7.525988,-8.445830,0.919842,0.890206
3.179000,-7.534257,-8.456314,0.922057,0.890111
3.180000,-7.542514,-8.466780,0.924266,0.890007
3.181000,-7.550759,-8.477227,0.926468,0.889894
3.182000,-7.558992,-8.487656,0.928664,0.889772
3.183000,-7.567213,-8.498066,0.930853,0.889641
3.184000,-7.575422,-8.508457,0.933035,0.889502
3.185000,-7.583619,-8.518830,0.935211,0.889354
3.186000,-7.591804,-8.529184,0.937380,0.889198
3.187000,-7.599978,-8.539520,0.939542,0.889032
3.188000,-7.608139,-8.549837,0.941698,0.888858
3.189000,-7.616288,-8.560135,0.943847,0.888675
3.190000,-7.624425,-8.570414,0.945989,0.888484
3.191000,-7.632550,-8.580674,0.948124,0.888284
3.192000,-7.640663,-8.590916,0.950253,0.888075
3.193000,-7.648764,-8.601138,0.952374,0.887858
3.194000,-7.656853,-8.611342,0.954489,0.887632
3.195000,-7.664930,-8.621527,0.956597,0.887397
3.196000,-7.672995,-8.631692,0.958697,0.887154
3.197000,-7.681047,-8.641839,0.960791,0.886902
3.198000,-7.689088,-8.651966,0.962878,0.886641
3.199000,-7.697116,-8.662074,0.964958,0.886372
3.200000,-7.705132,-8.672163,0.967031,0.886094
3.201000,-7.713136,-8.682233,0.969096,0.885808
3.202000,-7.721128,-8.692283,0.971155,0.885513
3.203000,-7.729108,-8.702314,0.973206,0.885210
3.204000,-7.737075,-8.712326,0.975250,0.884898
3.205000,-7.745031,-8.722318,0.977288,0.884578
3.206000,-7.752974,-8.732291,0.979317,0.884249
3.207000,-7.760904,-8.742244,0.981340,0.883912
3.208000,-7.768823,-8.752178,0.983355,0.883566
3.209000,-7.776729,-8.762093,0.985364,0.883212
3.210000,-7.784623,-8.771987,0.987364,0.882849
3.211000,-7.792505,-8.781863,0.989358,0.882478
3.212000,-7.800374,-8.791718,0.991344,0.882099
3.213000,-7.808231,-8.801554,0.993323,0.881711
3.214000,-7.816076,-8.811370,0.995294,0.881314
3.215000,-7.823908,-8.821166,0.997258,0.880909
3.216000,-7.831728,-8.830942,0.999214,0.880496
3.217000,-7.839536,-8.840699,1.001163,0.880075
3.218000,-7.847331,-8.850436,1.003105,0.879645
3.219000,-7.855114,-8.860152,1.005039,0.879207
3.220000,-7.862884,-8.869849,1.006965,0.878760
3.221000,-7.870642,-8.879526,1.008884,0.878305
3.222000,-7.878388,-8.889183,1.010795,0.877842
3.223000,-7.886121,-8.898820,1.012698,0.877371
3.224000,-7.893842,-8.908436,1.014594,0.876891
3.225000,-7.901550,-8.918033,1.016483,0.876403
3.226000,-7.909246,-8.927609,1.018363,0.875907
3.227000,-7.916929,-8.937165,1.020236,0.875403
3.228000,-7.924600,-8.946701,1.022101,0.874890
3.229000,-7.932258,-8.956217,1.023958,0.874369
3.230000,-7.939904,-8.965712,1.025808,0.873840
3.231000,-7.947537,-8.975187,1.027650,0.873303
3.232000,-7.955158,-8.984642,1.029484,0.872758
3.233000,-7.962766,-8.994076,1.031310,0.872205
3.234000,-7.970361,-9.003489,1.033128,0.871643
3.235000,-7.977944,-9.012883,1.034938,0.871073
3.236000,-7.985515,-9.022255,1.036741,0.870496
3.237000,-7.993072,-9.031608,1.038535,0.869910
3.238000,-8.000618,-9.040939,1.040322,0.869316
3.239000,-8.008150,-9.050250,1.042100,0.868714
3.240000,-8.015670,-9.059541,1.043871,0.868104
3.241000,-8.023177,-9.068810,1.045633,0.867486
3.242000,-8.030672,-9.078059,1.047388,0.866860
3.243000,-8.038153,-9.087288,1.049134,0.866226
3.244000,-8.045622,-9.096495,1.050873,0.865584
3.245000,-8.053079,-9.105682,1.052603,0.864935
3.246000,-8.060523,-9.114847,1.054325,0.864277
3.247000,-8.067954,-9.123992,1.056039,0.863611
3.248000,-8.075372,-9.133116,1.057745,0.862937
3.249000,-8.082777,-9.142220,1.059442,0.862256
3.250000,-8.090170,-9.151302,1.061132,0.861567
3.251000,-8.097550,-9.160363,1.062813,0.860869
3.252000,-8.104917,-9.169403,1.064486,0.860164
3.253000,-8.112271,-9.178422,1.066151,0.859451
3.254000,-8.119613,-9.187420,1.067807,0.858731
3.255000,-8.126942,-9.196397,1.069455,0.858002
3.256000,-8.134258,-9.205353,1.071095,0.857266
3.257000,-8.141561,-9.214287,1.072727,0.856522
3.258000,-8.148851,-9.223200,1.074350,0.855770
3.259000,-8.156128,-9.232093,1.075964,0.855011
3.260000,-8.163393,-9.240963,1.077571,0.854244
3.261000,-8.170644,-9.249813,1.079169,0.853469
3.262000,-8.177883,-9.258641,1.080758,0.852687
3.263000,-8.185108,-9.267448,1.082339,0.851897
3.264000,-8.192321,-9.276233,1.083912,0.851099
3.265000,-8.199521,-9.284997,1.085476,0.850294
3.266000,-8.206708,-9.293740,1.087032,0.849481
3.267000,-8.213882,-9.302461,1.088579,0.848660
3.268000,-8.221043,-9.311161,1.090118,0.847832
3.269000,-8.228191,-9.319839,1.091648,0.846997
3.270000,-8.235326,-9.328495,1.093169,0.846153
3.271000,-8.242448,-9.337130,1.094682,0.845303
3.272000,-8.249557,-9.345743,1.096186,0.844445
3.273000,-8.256653,-9.354335,1.097682,0.843579
3.274000,-8.263736,-9.362905,1.099169,0.842706
3.275000,-8.270806,-9.371453,1.100648,0.841826
3.276000,-8.277863,-9.379980,1.102117,0.840938
3.277000,-8.284906,-9.388485,1.103578,0.840043
3.278000,-8.291937,-9.396968,1.105031,0.839140
3.279000,-8.298955,-9.405429,1.106474,0.838231
3.280000,-8.305959,-9.413868,1.107909,0.837313
3.281000,-8.312950,-9.422286,1.109336,0.836389
3.282000,-8.319929,-9.430682,1.110753,0.835457
3.283000,-8.326894,-9.439055,1.112162,0.834518
3.284000,-8.333846,-9.447407,1.113562,0.833572
3.285000,-8.340784,-9.455737,1.114953,0.832618
3.286000,-8.347710,-9.464045,1.116335,0.831657
3.287000,-8.354622,-9.472331,1.117708,0.830689
3.288000,-8.361522,-9.480595,1.119073,0.829714
3.289000,-8.368408,-9.488836,1.120429,0.828732
3.290000,-8.375280,-9.497056,1.121775,0.827742
3.291000,-8.382140,-9.505253,1.123113,0.826746
3.292000,-8.388986,-9.513429,1.124442,0.825742
3.293000,-8.395819,-9.521582,1.125763,0.824732
3.294000,-8.402639,-9.529713,1.127074,0.823714
3.295000,-8.409446,-9.537822,1.128376,0.822689
3.296000,-8.416239,-9.545908,1.129669,0.821657
3.297000,-8.423019,-9.553973,1.130954,0.820619
3.298000,-8.429786,-9.562015,1.132229,0.819573
3.299000,-8.436539,-9.570035,1.133495,0.818520
3.300000,-8.443279,-9.578032,1.134753,0.817461
3.301000,-8.450006,-9.586007,1.136001,0.816394
3.302000,-8.456719,-9.593960,1.137240,0.815321
3.303000,-8.463419,-9.601890,1.138471,0.814241
3.304000,-8.470106,-9.609798,1.139692,0.813154
3.305000,-8.476779,-9.617683,1.140904,0.812060
3.306000,-8.483439,-9.625546,1.142107,0.810959
3.307000,-8.490086,-9.633387,1.143301,0.809852
3.308000,-8.496719,-9.641205,1.144486,0.808737
3.309000,-8.503339,-9.649000,1.145661,0.807617
3.310000,-8.509945,-9.656773,1.146828,0.806489
3.311000,-8.516538,-9.664523,1.147985,0.805355
3.312000,-8.523117,-9.672251,1.149134,0.804214
3.313000,-8.529683,-9.679956,1.150273,0.803066
3.314000,-8.536235,-9.687638,1.151403,0.801912
3.315000,-8.542774,-9.695298,1.152524,0.800751
3.316000,-8.549300,-9.702935,1.153635,0.799584
3.317000,-8.555812,-9.710549,1.154738,0.798410
3.318000,-8.562310,-9.718141,1.155831,0.797229
3.319000,-8.568795,-9.725710,1.156915,0.796042
3.320000,-8.575267,-9.733256,1.157989,0.794849
3.321000,-8.581724,-9.740779,1.159055,0.793649
3.322000,-8.588169,-9.748280,1.160111,0.792442
3.323000,-8.594599,-9.755758,1.161158,0.791229
3.324000,-8.601017,-9.763212,1.162196,0.790010
3.325000,-8.607420,-9.770644,1.163224,0.788785
3.326000,-8.613810,-9.778054,1.164243,0.787553
3.327000,-8.620187,-9.785440,1.165253,0.786314
3.328000,-8.626549,-9.792803,1.166254,0.785070
3.329000,-8.632899,-9.800143,1.167245,0.783819
3.330000,-8.639234,-9.807461,1.168227,0.782562
3.331000,-8.645556,-9.814755,1.169199,0.781298
3.332000,-8.651864,-9.822027,1.170162,0.780029
3.333000,-8.658159,-9.829275,1.171116,0.778753
3.334000,-8.664440,-9.836501,1.172061,0.777471
3.335000,-8.670707,-9.843703,1.172996,0.776183
3.336000,-8.676961,-9.850882,1.173922,0.774889
3.337000,-8.683200,-9.858038,1.174838,0.773589
3.338000,-8.689426,-9.865172,1.175745,0.772282
3.339000,-8.695639,-9.872282,1.176643,0.770970
3.340000,-8.701838,-9.879368,1.177531,0.769652
3.341000,-8.708022,-9.886432,1.178410,0.768327
3.342000,-8.714194,-9.893473,1.179279,0.766997
3.343000,-8.720351,-9.900490,1.180139,0.765660
3.344000,-8.726495,-9.907484,1.180989,0.764318
3.345000,-8.732625,-9.914455,1.181831,0.762970
3.346000,-8.738741,-9.921403,1.182662,0.761616
3.347000,-8.744843,-9.928327,1.183484,0.760256
3.348000,-8.750931,-9.935228,1.184297,0.758890
3.349000,-8.757006,-9.942106,1.185100,0.757519
3.350000,-8.763067,-9.948961,1.185894,0.756141
3.351000,-8.769114,-9.955792,1.186679,0.754758
3.352000,-8.775147,-9.962600,1.187453,0.753369
3.353000,-8.781166,-9.969385,1.188219,0.751975
3.354000,-8.787172,-9.976146,1.188975,0.750575
3.355000,-8.793163,-9.982884,1.189721,0.749169
3.356000,-8.799141,-9.989599,1.190458,0.747757
3.357000,-8.805104,-9.996290,1.191186,0.746340
3.358000,-8.811054,-10.002958,1.191904,0.744917
3.359000,-8.816990,-10.009602,1.192612,0.743489
3.360000,-8.822912,-10.016223,1.193311,0.742055
3.361000,-8.828820,-10.022821,1.194000,0.740616
3.362000,-8.834714,-10.029395,1.194680,0.739171
3.363000,-8.840595,-10.035945,1.195350,0.737721
3.364000,-8.846461,-10.042472,1.196011,0.736265
3.365000,-8.852313,-10.048976,1.196662,0.734804
3.366000,-8.858151,-10.055456,1.197304,0.733337
3.367000,-8.863976,-10.061912,1.197936,0.731866
3.368000,-8.869786,-10.068345,1.198559,0.730388
3.369000,-8.875582,-10.074754,1.199172,0.728906
3.370000,-8.881364,-10.081140,1.199776,0.727418
3.371000,-8.887133,-10.087503,1.200370,0.725925
3.372000,-8.892887,-10.093841,1.200954,0.724427
3.373000,-8.898627,-10.100156,1.201529,0.722923
3.374000,-8.904353,-10.106448,1.202095,0.721414
3.375000,-8.910065,-10.112716,1.202650,0.719901
3.376000,-8.915763,-10.118960,1.203197,0.718382
3.377000,-8.921447,-10.125180,1.203733,0.716857
3.378000,-8.927117,-10.131377,1.204260,0.715328
3.379000,-8.932773,-10.137550,1.204778,0.713794
3.380000,-8.938414,-10.143700,1.205286,0.712255
3.381000,-8.944042,-10.149826,1.205784,0.710711
3.382000,-8.949655,-10.155928,1.206273,0.709161
3.383000,-8.955254,-10.162007,1.206752,0.707607
3.384000,-8.960839,-10.168061,1.207222,0.706048
3.385000,-8.966410,-10.174092,1.207682,0.704484
3.386000,-8.971967,-10.180100,1.208133,0.702915
3.387000,-8.977510,-10.186083,1.208573,0.701341
3.388000,-8.983038,-10.192043,1.209005,0.699763
3.389000,-8.988552,-10.197979,1.209427,0.698180
3.390000,-8.994053,-10.203891,1.209839,0.696591
3.391000,-8.999538,-10.209780,1.210242,0.694999
3.392000,-9.005010,-10.215645,1.210635,0.693401
3.393000,-9.010467,-10.221486,1.211018,0.691799
3.394000,-9.015911,-10.227303,1.211392,0.690192
3.395000,-9.021340,-10.233096,1.211756,0.688580
3.396000,-9.026754,-10.238865,1.212111,0.686964
3.397000,-9.032155,-10.244611,1.212456,0.685343
3.398000,-9.037541,-10.250333,1.212792,0.683718
3.399000,-9.042913,-10.256031,1.213118,0.682088
3.400000,-9.048271,-10.261705,1.213435,0.680454
3.401000,-9.053614,-10.267355,1.213741,0.678815
3.402000,-9.058943,-10.272982,1.214039,0.677172
3.403000,-9.064258,-10.278584,1.214327,0.675524
3.404000,-9.069558,-10.284163,1.214605,0.673872
3.405000,-9.074844,-10.289718,1.214873,0.672216
3.406000,-9.080116,-10.295249,1.215133,0.670555
3.407000,-9.085373,-10.300756,1.215382,0.668890
3.408000,-9.090617,-10.306239,1.215622,0.667220
3.409000,-9.095845,-10.311698,1.215853,0.665547
3.410000,-9.101060,-10.317133,1.216073,0.663869
3.411000,-9.106260,-10.322544,1.216285,0.662187
3.412000,-9.111445,-10.327932,1.216487,0.660500
3.413000,-9.116617,-10.333295,1.216679,0.658810
3.414000,-9.121773,-10.338635,1.216862,0.657115
3.415000,-9.126916,-10.343951,1.217035,0.655416
3.416000,-9.132044,-10.349242,1.217198,0.653714
3.417000,-9.137158,-10.354510,1.217353,0.652007
3.418000,-9.142257,-10.359754,1.217497,0.650296
3.419000,-9.147341,-10.364974,1.217632,0.648581
3.420000,-9.152412,-10.370169,1.217758,0.646862
3.421000,-9.157468,-10.375341,1.217874,0.645140
3.422000,-9.162509,-10.380489,1.217980,0.643413
3.423000,-9.167536,-10.385613,1.218077,0.641683
3.424000,-9.172548,-10.390713,1.218165,0.639948
3.425000,-9.177546,-10.395789,1.218243,0.638210
3.426000,-9.182530,-10.400841,1.218311,0.636468
3.427000,-9.187499,-10.405869,1.218371,0.634722
3.428000,-9.192453,-10.410873,1.218420,0.632973
3.429000,-9.197393,-10.415853,1.218460,0.631219
3.430000,-9.202318,-10.420809,1.218491,0.629462
3.431000,-9.207229,-10.425741,1.218512,0.627702
3.432000,-9.212126,-10.430649,1.218524,0.625938
3.433000,-9.217007,-10.435534,1.218526,0.624170
3.434000,-9.221875,-10.440394,1.218519,0.622398
3.435000,-9.226727,-10.445230,1.218502,0.620623
3.436000,-9.231566,-10.450042,1.218476,0.618845
3.437000,-9.236389,-10.454830,1.218441,0.617063
3.438000,-9.241198,-10.459594,1.218396,0.615277
3.439000,-9.245992,-10.464334,1.218341,0.613488
3.440000,-9.250772,-10.469050,1.218278,0.611696
3.441000,-9.255537,-10.473742,1.218204,0.609900
3.442000,-9.260288,-10.478410,1.218122,0.608101
3.443000,-9.265024,-10.483054,1.218030,0.606299
3.444000,-9.269745,-10.487674,1.217929,0.604493
3.445000,-9.274452,-10.492269,1.217818,0.602684
3.446000,-9.279144,-10.496841,1.217698,0.600872
3.447000,-9.283821,-10.501389,1.217568,0.599056
3.448000,-9.288484,-10.505913,1.217430,0.597237
3.449000,-9.293132,-10.510413,1.217281,0.595415
3.450000,-9.297765,-10.514889,1.217124,0.593590
3.451000,-9.302384,-10.519341,1.216957,0.591762
3.452000,-9.306987,-10.523768,1.216781,0.589931
3.453000,-9.311577,-10.528172,1.216596,0.588097
3.454000,-9.316151,-10.532552,1.216401,0.586259
3.455000,-9.320711,-10.536908,1.216197,0.584419
3.456000,-9.325256,-10.541240,1.215983,0.582576
3.457000,-9.329787,-10.545547,1.215761,0.580730
3.458000,-9.334302,-10.549831,1.215529,0.578880
3.459000,-9.338803,-10.554091,1.215288,0.577028
3.460000,-9.343289,-10.558327,1.215037,0.575174
3.461000,-9.347761,-10.562538,1.214777,0.573316
3.462000,-9.352218,-10.566726,1.214509,0.571455
3.463000,-9.356659,-10.570890,1.214230,0.569592
3.464000,-9.361087,-10.575030,1.213943,0.567726
3.465000,-9.365499,-10.579145,1.213646,0.565857
3.466000,-9.369896,-10.583237,1.213341,0.563985
3.467000,-9.374279,-10.587305,1.213026,0.562111
3.468000,-9.378647,-10.591349,1.212702,0.560235
3.469000,-9.383000,-10.595369,1.212368,0.558355
3.470000,-9.387339,-10.599364,1.212026,0.556473
3.471000,-9.391662,-10.603336,1.211674,0.554588
3.472000,-9.395971,-10.607284,1.211313,0.552701
3.473000,-9.400265,-10.611208,1.210944,0.550812
3.474000,-9.404544,-10.615108,1.210565,0.548920
3.475000,-9.408808,-10.618984,1.210176,0.547025
3.476000,-9.413057,-10.622836,1.209779,0.545128
3.477000,-9.417291,-10.626664,1.209373,0.543229
3.478000,-9.421511,-10.630468,1.208958,0.541327
3.479000,-9.425716,-10.634249,1.208533,0.539423
3.480000,-9.429905,-10.638005,1.208100,0.537517
3.481000,-9.434080,-10.641737,1.207657,0.535608
3.482000,-9.438240,-10.645446,1.207205,0.533697
3.483000,-9.442385,-10.649130,1.206745,0.531784
3.484000,-9.446515,-10.652791,1.206275,0.529869
3.485000,-9.450631,-10.656428,1.205797,0.527951
3.486000,-9.454731,-10.660040,1.205309,0.526032
3.487000,-9.458816,-10.663629,1.204813,0.524110
3.488000,-9.462887,-10.667194,1.204307,0.522186
3.489000,-9.466942,-10.670735,1.203793,0.520261
3.490000,-9.470983,-10.674252,1.203269,0.518333
3.491000,-9.475009,-10.677746,1.202737,0.516403
3.492000,-9.479019,-10.681215,1.202196,0.514471
3.493000,-9.483015,-10.684661,1.201646,0.512537
3.494000,-9.486996,-10.688083,1.201087,0.510601
3.495000,-9.490961,-10.691480,1.200519,0.508664
3.496000,-9.494912,-10.694855,1.199942,0.506724
3.497000,-9.498848,-10.698205,1.199357,0.504783
3.498000,-9.502769,-10.701531,1.198762,0.502840
3.499000,-9.506674,-10.704834,1.198159,0.500895
3.500000,-9.510565,-10.708112,1.197547,0.498948
3.501000,-9.514441,-10.711367,1.196926,0.497000
3.502000,-9.518302,-10.714599,1.196297,0.495050
3.503000,-9.522147,-10.717806,1.195659,0.493098
3.504000,-9.525978,-10.720989,1.195012,0.491145
3.505000,-9.529793,-10.724149,1.194356,0.489190
3.506000,-9.533594,-10.727285,1.193691,0.487233
3.507000,-9.537379,-10.730398,1.193018,0.485275
3.508000,-9.541150,-10.733486,1.192336,0.483315
3.509000,-9.544905,-10.736551,1.191646,0.481354
3.510000,-9.548645,-10.739592,1.190946,0.479392
3.511000,-9.552371,-10.742609,1.190239,0.477428
3.512000,-9.556081,-10.745603,1.189522,0.475462
3.513000,-9.559776,-10.748573,1.188797,0.473495
3.514000,-9.563456,-10.751519,1.188063,0.471527
3.515000,-9.567121,-10.754441,1.187321,0.469557
3.516000,-9.570770,-10.757340,1.186570,0.467586
3.517000,-9.574405,-10.760215,1.185811,0.465614
3.518000,-9.578024,-10.763067,1.185043,0.463641
3.519000,-9.581629,-10.765895,1.184266,0.461666
3.520000,-9.585218,-10.768699,1.183481,0.459690
3.521000,-9.588792,-10.771480,1.182688,0.457713
3.522000,-9.592351,-10.774236,1.181886,0.455735
3.523000,-9.595895,-10.776970,1.181075,0.453756
3.524000,-9.599423,-10.779680,1.180256,0.451775
3.525000,-9.602937,-10.782366,1.179429,0.449794
3.526000,-9.606435,-10.785028,1.178593,0.447811
3.527000,-9.609918,-10.787667,1.177749,0.445828
3.528000,-9.613386,-10.790283,1.176897,0.443843
3.529000,-9.616839,-10.792875,1.176036,0.441858
3.530000,-9.620277,-10.795443,1.175166,0.439871
3.531000,-9.623699,-10.797988,1.174289,0.437884
3.532000,-9.627106,-10.800509,1.173403,0.435896
3.533000,-9.630498,-10.803007,1.172509,0.433907
3.534000,-9.633875,-10.805482,1.171607,0.431917
3.535000,-9.637237,-10.807933,1.170696,0.429927
3.536000,-9.640583,-10.810360,1.169777,0.427935
3.537000,-9.643914,-10.812764,1.168850,0.425943
3.538000,-9.647230,-10.815145,1.167914,0.423950
3.539000,-9.650531,-10.817502,1.166971,0.421957
3.540000,-9.653816,-10.819835,1.166019,0.419963
3.541000,-9.657087,-10.822146,1.165059,0.417968
3.542000,-9.660342,-10.824433,1.164091,0.415972
3.543000,-9.663581,-10.826696,1.163115,0.413976
3.544000,-9.666806,-10.828936,1.162131,0.411980
3.545000,-9.670015,-10.831153,1.161138,0.409983
3.546000,-9.673209,-10.833347,1.160138,0.407985
3.547000,-9.676387,-10.835517,1.159129,0.405987
3.548000,-9.679551,-10.837664,1.158113,0.403989
3.549000,-9.682699,-10.839787,1.157088,0.401990
3.550000,-9.685832,-10.841888,1.156056,0.399991
3.551000,-9.688949,-10.843965,1.155016,0.397991
3.552000,-9.692051,-10.846018,1.153967,0.395991
3.553000,-9.695138,-10.848049,1.152911,0.393991
3.554000,-9.698210,-10.850056,1.151846,0.391990
3.555000,-9.701266,-10.852040,1.150774,0.389990
3.556000,-9.704307,-10.854001,1.149694,0.387989
3.557000,-9.707333,-10.855939,1.148606,0.385987
3.558000,-9.710343,-10.857853,1.147511,0.383986
3.559000,-9.713338,-10.859745,1.146407,0.381984
3.560000,-9.716317,-10.861613,1.145296,0.379983
3.561000,-9.719282,-10.863458,1.144176,0.377981
3.562000,-9.722231,-10.865280,1.143049,0.375979
3.563000,-9.725164,-10.867079,1.141915,0.373977
3.564000,-9.728082,-10.868855,1.140772,0.371975
3.565000,-9.730985,-10.870607,1.139622,0.369973
3.566000,-9.733873,-10.872337,1.138465,0.367971
3.567000,-9.736745,-10.874044,1.137299,0.365970
3.568000,-9.739601,-10.875727,1.136126,0.363968
3.569000,-9.742443,-10.877388,1.134945,0.361966
3.570000,-9.745269,-10.879026,1.133757,0.359965
3.571000,-9.748079,-10.880640,1.132561,0.357963
3.572000,-9.750874,-10.882232,1.131358,0.355962
3.573000,-9.753654,-10.883801,1.130147,0.353961
3.574000,-9.756419,-10.885347,1.128928,0.351961
3.575000,-9.759168,-10.886870,1.127702,0.349960
3.576000,-9.761901,-10.888370,1.126468,0.347960
3.577000,-9.764619,-10.889847,1.125227,0.345960
3.578000,-9.767322,-10.891301,1.123979,0.343961
3.579000,-9.770009,-10.892733,1.122723,0.341962
3.580000,-9.772681,-10.894141,1.121460,0.339963
3.581000,-9.775338,-10.895527,1.120189,0.337965
3.582000,-9.777979,-10.896890,1.118911,0.335967
3.583000,-9.780604,-10.898230,1.117626,0.333970
3.584000,-9.783214,-10.899548,1.116334,0.331973
3.585000,-9.785809,-10.900843,1.115034,0.329977
3.586000,-9.788388,-10.902115,1.113727,0.327981
3.587000,-9.790952,-10.903364,1.112412,0.325986
3.588000,-9.793500,-10.904591,1.111091,0.323991
3.589000,-9.796033,-10.905795,1.109762,0.321997
3.590000,-9.798551,-10.906976,1.108426,0.320004
3.591000,-9.801052,-10.908135,1.107083,0.318011
3.592000,-9.803539,-10.909271,1.105732,0.316019
3.593000,-9.806010,-10.910385,1.104375,0.314028
3.594000,-9.808465,-10.911476,1.103010,0.312037
3.595000,-9.810905,-10.912544,1.101639,0.310048
3.596000,-9.813330,-10.913590,1.100260,0.308059
3.597000,-9.815739,-10.914613,1.098874,0.306071
3.598000,-9.818132,-10.915614,1.097482,0.304083
3.599000,-9.820510,-10.916592,1.096082,0.302097
3.600000,-9.822873,-10.917548,1.094676,0.300112
3.601000,-9.825219,-10.918481,1.093262,0.298127
3.602000,-9.827551,-10.919392,1.091842,0.296143
3.603000,-9.829867,-10.920281,1.090414,0.294161
3.604000,-9.832167,-10.921147,1.088980,0.292179
3.605000,-9.834452,-10.921991,1.087539,0.290198
3.606000,-9.836721,-10.922813,1.086091,0.288219
3.607000,-9.838975,-10.923612,1.084636,0.286240
3.608000,-9.841213,-10.924388,1.083175,0.284263
3.609000,-9.843436,-10.925143,1.081707,0.282287
3.610000,-9.845643,-10.925875,1.080232,0.280312
3.611000,-9.847835,-10.926585,1.078750,0.278338
3.612000,-9.850011,-10.927273,1.077262,0.276365
3.613000,-9.852172,-10.927939,1.075767,0.274393
3.614000,-9.854317,-10.928582,1.074265,0.272423
3.615000,-9.856446,-10.929203,1.072757,0.270454
3.616000,-9.858560,-10.929802,1.071242,0.268486
3.617000,-9.860658,-10.930379,1.069721,0.266519
3.618000,-9.862741,-10.930934,1.068193,0.264554
3.619000,-9.864808,-10.931467,1.066659,0.262590
3.620000,-9.866859,-10.931977,1.065118,0.260628
3.621000,-9.868895,-10.932466,1.063570,0.258667
3.622000,-9.870916,-10.932932,1.062017,0.256707
3.623000,-9.872921,-10.933377,1.060456,0.254749
3.624000,-9.874910,-10.933799,1.058890,0.252793
3.625000,-9.876883,-10.934200,1.057317,0.250837
3.626000,-9.878841,-10.934579,1.055737,0.248884
3.627000,-9.880784,-10.934935,1.054152,0.246932
3.628000,-9.882711,-10.935270,1.052560,0.244981
3.629000,-9.884622,-10.935583,1.050961,0.243032
3.630000,-9.886517,-10.935874,1.049357,0.241085
3.631000,-9.888397,-10.936144,1.047746,0.239139
3.632000,-9.890262,-10.936391,1.046129,0.237195
3.633000,-9.892111,-10.936617,1.044506,0.235253
3.634000,-9.893944,-10.936821,1.042877,0.233313
3.635000,-9.895761,-10.937003,1.041241,0.231372
3.636000,-9.897563,-10.937163,1.039600,0.229413
3.637000,-9.899349,-10.937301,1.037952,0.227414
3.638000,-9.901120,-10.937417,1.036297,0.225370
3.639000,-9.902875,-10.937511,1.034636,0.223284
3.640000,-9.904614,-10.937582,1.032968,0.221172
3.641000,-9.906338,-10.937630,1.031292,0.218953
3.642000,-9.908046,-10.937654,1.029608,0.216639
3.643000,-9.909738,-10.937654,1.027916,0.214128
3.644000,-9.911415,-10.937629,1.026214,0.211445
3.645000,-9.913076,-10.937579,1.024502,0.208834
3.646000,-9.914722,-10.937504,1.022782,0.206298
3.647000,-9.916352,-10.937405,1.021053,0.203836
3.648000,-9.917966,-10.937282,1.019316,0.201434
3.649000,-9.919564,-10.937135,1.017571,0.199066
3.650000,-9.921147,-10.936966,1.015819,0.196786
3.651000,-9.922714,-10.936773,1.014059,0.194517
3.652000,-9.924266,-10.936557,1.012292,0.192294
3.653000,-9.925801,-10.936319,1.010518,0.190128
3.654000,-9.927322,-10.936059,1.008737,0.188004
3.655000,-9.928826,-10.935776,1.006950,0.185915
3.656000,-9.930315,-10.935471,1.005156,0.183856
3.657000,-9.931788,-10.935145,1.003357,0.181834
3.658000,-9.933245,-10.934796,1.001551,0.179830
3.659000,-9.934687,-10.934427,0.999739,0.177829
3.660000,-9.936113,-10.934035,0.997922,0.175830
3.661000,-9.937523,-10.933622,0.996098,0.173834
3.662000,-9.938918,-10.933187,0.994269,0.171840
3.663000,-9.940297,-10.932731,0.992434,0.169848
3.664000,-9.941660,-10.932253,0.990593,0.167859
3.665000,-9.943008,-10.931754,0.988746,0.165872
3.666000,-9.944340,-10.931233,0.986893,0.163888
3.667000,-9.945656,-10.930691,0.985035,0.161907
3.668000,-9.946956,-10.930127,0.983171,0.159928
3.669000,-9.948241,-10.929542,0.981301,0.157952
3.670000,-9.949510,-10.928936,0.979425,0.155978
3.671000,-9.950763,-10.928308,0.977544,0.154007
3.672000,-9.952001,-10.927659,0.975657,0.152039
3.673000,-9.953223,-10.926988,0.973765,0.150073
3.674000,-9.954429,-10.926296,0.971867,0.148110
3.675000,-9.955620,-10.925583,0.969964,0.146150
3.676000,-9.956794,-10.924849,0.968055,0.144193
3.677000,-9.957953,-10.924094,0.966140,0.142238
3.678000,-9.959097,-10.923317,0.964221,0.140286
3.679000,-9.960224,-10.922520,0.962295,0.138337
3.680000,-9.961336,-10.921701,0.960365,0.136391
3.681000,-9.962432,-10.920861,0.958429,0.134448
3.682000,-9.963513,-10.920000,0.956487,0.132507
3.683000,-9.964577,-10.919118,0.954541,0.130570
3.684000,-9.965626,-10.918215,0.952589,0.128635
3.685000,-9.966659,-10.917291,0.950632,0.126704
3.686000,-9.967677,-10.916346,0.948670,0.124775
3.687000,-9.968678,-10.915380,0.946702,0.122850
3.688000,-9.969664,-10.914394,0.944729,0.120927
3.689000,-9.970635,-10.913386,0.942752,0.119007
3.690000,-9.971589,-10.912358,0.940769,0.117091
3.691000,-9.972528,-10.911308,0.938781,0.115177
3.692000,-9.973451,-10.910238,0.936788,0.113267
3.693000,-9.974358,-10.909148,0.934790,0.111360
3.694000,-9.975249,-10.908036,0.932787,0.109456
3.695000,-9.976125,-10.906904,0.930779,0.107555
3.696000,-9.976985,-10.905751,0.928766,0.105657
3.697000,-9.977829,-10.904577,0.926748,0.103763
3.698000,-9.978658,-10.903383,0.924726,0.101871
3.699000,-9.979470,-10.902168,0.922698,0.099983
3.700000,-9.980267,-10.900933,0.920666,0.098099
3.701000,-9.981048,-10.899677,0.918629,0.096217
3.702000,-9.981814,-10.898401,0.916587,0.094339
3.703000,-9.982564,-10.897104,0.914541,0.092464
3.704000,-9.983297,-10.895787,0.912489,0.090592
3.705000,-9.984016,-10.894449,0.910434,0.088724
3.706000,-9.984718,-10.893091,0.908373,0.086859
3.707000,-9.985404,-10.891713,0.906308,0.084998
3.708000,-9.986075,-10.890314,0.904239,0.083140
3.709000,-9.986730,-10.888895,0.902164,0.081285
3.710000,-9.987370,-10.887455,0.900086,0.079434
3.711000,-9.987993,-10.885996,0.898003,0.077587
3.712000,-9.988601,-10.884516,0.895915,0.075743
3.713000,-9.989193,-10.883016,0.893823,0.073902
3.714000,-9.989769,-10.881495,0.891727,0.072065
3.715000,-9.990329,-10.879955,0.889626,0.070231
3.716000,-9.990874,-10.878395,0.887521,0.068401
3.717000,-9.991403,-10.876814,0.885411,0.066575
3.718000,-9.991916,-10.875214,0.883298,0.064752
3.719000,-9.992413,-10.873593,0.881180,0.062933
3.720000,-9.992895,-10.871952,0.879058,0.061118
3.721000,-9.993360,-10.870292,0.876931,0.059306
3.722000,-9.993810,-10.868611,0.874801,0.057498
3.723000,-9.994245,-10.866911,0.872666,0.055693
3.724000,-9.994663,-10.865191,0.870528,0.053892
3.725000,-9.995066,-10.863450,0.868385,0.052095
3.726000,-9.995452,-10.861691,0.866238,0.050302
3.727000,-9.995823,-10.859911,0.864087,0.048513
3.728000,-9.996179,-10.858111,0.861933,0.046727
3.729000,-9.996518,-10.856292,0.859774,0.044945
3.730000,-9.996842,-10.854453,0.857611,0.043167
3.731000,-9.997150,-10.852595,0.855445,0.041393
3.732000,-9.997442,-10.850716,0.853275,0.039622
3.733000,-9.997718,-10.848819,0.851100,0.037856
3.734000,-9.997979,-10.846901,0.848922,0.036093
3.735000,-9.998224,-10.844964,0.846741,0.034334
3.736000,-9.998452,-10.843008,0.844555,0.032580
3.737000,-9.998666,-10.841032,0.842366,0.030829
3.738000,-9.998863,-10.839036,0.840173,0.029082
3.739000,-9.999045,-10.837022,0.837977,0.027339
3.740000,-9.999210,-10.834987,0.835777,0.025600
3.741000,-9.999360,-10.832934,0.833573,0.023865
3.742000,-9.999495,-10.830861,0.831366,0.022134
3.743000,-9.999613,-10.828768,0.829155,0.020407
3.744000,-9.999716,-10.826657,0.826941,0.018685
3.745000,-9.999803,-10.824526,0.824723,0.016966
3.746000,-9.999874,-10.822376,0.822502,0.015251
3.747000,-9.999929,-10.820207,0.820278,0.013541
3.748000,-9.999968,-10.818018,0.818050,0.011834
3.749000,-9.999992,-10.815811,0.815819,0.010132
3.750000,-10.000000,-10.813584,0.813584,0.008434
3.751000,-9.999992,-10.811338,0.811346,0.006740
3.752000,-9.999968,-10.809074,0.809105,0.005050
3.753000,-9.999929,-10.806790,0.806861,0.003365
3.754000,-9.999874,-10.804487,0.804613,0.001683
3.755000,-9.999803,-10.802165,0.802363,0.000006
3.756000,-9.999716,-10.799825,0.800109,-0.001667
3.757000,-9.999613,-10.797465,0.797852,-0.003335
3.758000,-9.999495,-10.795087,0.795592,-0.005000
3.759000,-9.999360,-10.792690,0.793329,-0.006660
3.760000,-9.999210,-10.790274,0.791063,-0.008315
3.761000,-9.999045,-10.787839,0.788794,-0.009967
3.762000,-9.998863,-10.785385,0.786522,-0.011614
3.763000,-9.998666,-10.782913,0.784248,-0.013257
3.764000,-9.998452,-10.780422,0.781970,-0.014895
3.765000,-9.998224,-10.777913,0.779689,-0.016529
3.766000,-9.997979,-10.775385,0.777406,-0.018159
3.767000,-9.997718,-10.772838,0.775120,-0.019784
3.768000,-9.997442,-10.770273,0.772831,-0.021405
3.769000,-9.997150,-10.767689,0.770539,-0.023021
3.770000,-9.996842,-10.765086,0.768245,-0.024633
3.771000,-9.996518,-10.762466,0.765947,-0.026240
3.772000,-9.996179,-10.759826,0.763648,-0.027843
3.773000,-9.995823,-10.757169,0.761345,-0.029442
3.774000,-9.995452,-10.754493,0.759040,-0.031036
3.775000,-9.995066,-10.751798,0.756733,-0.032625
3.776000,-9.994663,-10.749086,0.754423,-0.034210
3.777000,-9.994245,-10.746355,0.752110,-0.035790
3.778000,-9.993810,-10.743606,0.749795,-0.037366
3.779000,-9.993360,-10.740838,0.747478,-0.038937
3.780000,-9.992895,-10.738053,0.745158,-0.040504
3.781000,-9.992413,-10.735249,0.742836,-0.042066
3.782000,-9.991916,-10.732427,0.740511,-0.043624
3.783000,-9.991403,-10.729587,0.738184,-0.045176
3.784000,-9.990874,-10.726729,0.735855,-0.046725
3.785000,-9.990329,-10.723853,0.733524,-0.048268
3.786000,-9.989769,-10.720959,0.731190,-0.049807
3.787000,-9.989193,-10.718047,0.728854,-0.051341
3.788000,-9.988601,-10.715117,0.726516,-0.052871
3.789000,-9.987993,-10.712169,0.724176,-0.054396
3.790000,-9.987370,-10.709204,0.721834,-0.055916
3.791000,-9.986730,-10.706220,0.719490,-0.057431
3.792000,-9.986075,-10.703218,0.717143,-0.058942
3.793000,-9.985404,-10.700199,0.714795,-0.060448
3.794000,-9.984718,-10.697162,0.712444,-0.061949
3.795000,-9.984016,-10.694108,0.710092,-0.063445
3.796000,-9.983297,-10.691035,0.707738,-0.064937
3.797000,-9.982564,-10.687945,0.705382,-0.066424
3.798000,-9.981814,-10.684838,0.703024,-0.067906
3.799000,-9.981048,-10.681712,0.700664,-0.069383
3.800000,-9.980267,-10.678570,0.698302,-0.070855
3.801000,-9.979470,-10.675409,0.695939,-0.072323
3.802000,-9.978658,-10.672231,0.693574,-0.073786
3.803000,-9.977829,-10.669036,0.691207,-0.075244
3.804000,-9.976985,-10.665823,0.688838,-0.076697
3.805000,-9.976125,-10.662593,0.686468,-0.078145
3.806000,-9.975249,-10.659345,0.684096,-0.079588
3.807000,-9.974358,-10.656080,0.681723,-0.081026
3.808000,-9.973451,-10.652798,0.679347,-0.082460
3.809000,-9.972528,-10.649499,0.676971,-0.083888
3.810000,-9.971589,-10.646182,0.674593,-0.085312
3.811000,-9.970635,-10.642848,0.672213,-0.086730
3.812000,-9.969664,-10.639497,0.669832,-0.088144
3.813000,-9.968678,-10.636128,0.667450,-0.089553
3.814000,-9.967677,-10.632743,0.665066,-0.090956
3.815000,-9.966659,-10.629340,0.662681,-0.092355
3.816000,-9.965626,-10.625920,0.660294,-0.093749
3.817000,-9.964577,-10.622484,0.657906,-0.095138
3.818000,-9.963513,-10.619030,0.655517,-0.096521
3.819000,-9.962432,-10.615559,0.653127,-0.097900
3.820000,-9.961336,-10.612071,0.650735,-0.099274
3.821000,-9.960224,-10.608567,0.648343,-0.100643
3.822000,-9.959097,-10.605045,0.645949,-0.102006
3.823000,-9.957953,-10.601507,0.643554,-0.103365
3.824000,-9.956794,-10.597952,0.641157,-0.104718
3.825000,-9.955620,-10.594380,0.638760,-0.106067
3.826000,-9.954429,-10.590791,0.636362,-0.107410
3.827000,-9.953223,-10.587186,0.633963,-0.108748
3.828000,-9.952001,-10.583564,0.631563,-0.110082
3.829000,-9.950763,-10.579925,0.629161,-0.111410
3.830000,-9.949510,-10.576269,0.626759,-0.112733
3.831000,-9.948241,-10.572597,0.624356,-0.114050
3.832000,-9.946956,-10.568909,0.621952,-0.115363
3.833000,-9.945656,-10.565204,0.619548,-0.116671
3.834000,-9.944340,-10.561482,0.617142,-0.117973
3.835000,-9.943008,-10.557744,0.614736,-0.119270
3.836000,-9.941660,-10.553989,0.612329,-0.120562
3.837000,-9.940297,-10.550218,0.609921,-0.121849
3.838000,-9.938918,-10.546431,0.607513,-0.123131
3.839000,-9.937523,-10.542627,0.605103,-0.124407
3.840000,-9.936113,-10.538807,0.602694,-0.125679
3.841000,-9.934687,-10.534970,0.600283,-0.126945
3.842000,-9.933245,-10.531118,0.597872,-0.128206
3.843000,-9.931788,-10.527249,0.595461,-0.129462
3.844000,-9.930315,-10.523364,0.593049,-0.130712
3.845000,-9.928826,-10.519463,0.590637,-0.131957
3.846000,-9.927322,-10.515545,0.588224,-0.133197
3.847000,-9.925801,-10.511612,0.585810,-0.134432
3.848000,-9.924266,-10.507662,0.583396,-0.135662
3.849000,-9.922714,-10.503696,0.580982,-0.136886
3.850000,-9.921147,-10.499715,0.578568,-0.138105
3.851000,-9.919564,-10.495717,0.576153,-0.139319
3.852000,-9.917966,-10.491703,0.573738,-0.140527
3.853000,-9.916352,-10.487674,0.571322,-0.141730
3.854000,-9.914722,-10.483629,0.568907,-0.142928
3.855000,-9.913076,-10.479567,0.566491,-0.144121
3.856000,-9.911415,-10.475490,0.564075,-0.145308
3.857000,-9.909738,-10.471397,0.561659,-0.146490
3.858000,-9.908046,-10.467289,0.559243,-0.147667
3.859000,-9.906338,-10.463164,0.556826,-0.148838
3.860000,-9.904614,-10.459024,0.554410,-0.150004
3.861000,-9.902875,-10.454868,0.551993,-0.151165
3.862000,-9.901120,-10.450697,0.549577,-0.152320
3.863000,-9.899349,-10.446510,0.547160,-0.153470
3.864000,-9.897563,-10.442307,0.544744,-0.154615
3.865000,-9.895761,-10.438089,0.542328,-0.155755
3.866000,-9.893944,-10.433855,0.539911,-0.156889
3.867000,-9.892111,-10.429606,0.537495,-0.158017
3.868000,-9.890262,-10.425341,0.535079,-0.159140
3.869000,-9.888397,-10.421061,0.532663,-0.160258
3.870000,-9.886517,-10.416765,0.530248,-0.161371
3.871000,-9.884622,-10.412454,0.527832,-0.162478
3.872000,-9.882711,-10.408128,0.525417,-0.163580
3.873000,-9.880784,-10.403786,0.523003,-0.164676
3.874000,-9.878841,-10.399430,0.520588,-0.165767
3.875000,-9.876883,-10.395058,0.518174,-0.166853
3.876000,-9.874910,-10.390670,0.515760,-0.167933
3.877000,-9.872921,-10.386268,0.513347,-0.169008
3.878000,-9.870916,-10.381850,0.510934,-0.170077
3.879000,-9.868895,-10.377417,0.508522,-0.171141
3.880000,-9.866859,-10.372969,0.506110,-0.172200
3.881000,-9.864808,-10.368506,0.503698,-0.173253
3.882000,-9.862741,-10.364028,0.501287,-0.174301
3.883000,-9.860658,-10.359535,0.498877,-0.175343
3.884000,-9.858560,-10.355027,0.496467,-0.176380
3.885000,-9.856446,-10.350504,0.494058,-0.177411
3.886000,-9.854317,-10.345966,0.491650,-0.178437
3.887000,-9.852172,-10.341413,0.489242,-0.179458
3.888000,-9.850011,-10.336846,0.486835,-0.180473
3.889000,-9.847835,-10.332263,0.484428,-0.181483
3.890000,-9.845643,-10.327666,0.482023,-0.182487
3.891000,-9.843436,-10.323054,0.479618,-0.183486
3.892000,-9.841213,-10.318427,0.477214,-0.184479
3.893000,-9.838975,-10.313786,0.474811,-0.185467
3.894000,-9.836721,-10.309130,0.472408,-0.186450
3.895000,-9.834452,-10.304459,0.470007,-0.187427
3.896000,-9.832167,-10.299773,0.467606,-0.188398
3.897000,-9.829867,-10.295073,0.465207,-0.189364
3.898000,-9.827551,-10.290359,0.462808,-0.190325
3.899000,-9.825219,-10.285630,0.460410,-0.191280
3.900000,-9.822873,-10.280886,0.458014,-0.192230
3.901000,-9.820510,-10.276128,0.455618,-0.193174
3.902000,-9.818132,-10.271355,0.453223,-0.194113
3.903000,-9.815739,-10.266568,0.450830,-0.195046
3.904000,-9.813330,-10.261767,0.448437,-0.195974
3.905000,-9.810905,-10.256951,0.446046,-0.196896
3.906000,-9.808465,-10.252121,0.443656,-0.197813
3.907000,-9.806010,-10.247277,0.441267,-0.198724
3.908000,-9.803539,-10.242419,0.438880,-0.199630
3.909000,-9.801052,-10.237546,0.436493,-0.200530
3.910000,-9.798551,-10.232659,0.434108,-0.201425
3.911000,-9.796033,-10.227758,0.431724,-0.202315
3.912000,-9.793500,-10.222842,0.429342,-0.203199
3.913000,-9.790952,-10.217913,0.426961,-0.204077
3.914000,-9.788388,-10.212969,0.424581,-0.204950
3.915000,-9.785809,-10.208012,0.422203,-0.205818
3.916000,-9.783214,-10.203040,0.419826,-0.206680
3.917000,-9.780604,-10.198054,0.417450,-0.207536
3.918000,-9.777979,-10.193055,0.415076,-0.208387
3.919000,-9.775338,-10.188041,0.412704,-0.209233
3.920000,-9.772681,-10.183014,0.410333,-0.210073
3.921000,-9.770009,-10.177973,0.407963,-0.210908
3.922000,-9.767322,-10.172917,0.405595,-0.211737
3.923000,-9.764619,-10.167848,0.403229,-0.212560
3.924000,-9.761901,-10.162765,0.400864,-0.213379
3.925000,-9.759168,-10.157669,0.398501,-0.214191
3.926000,-9.756419,-10.152559,0.396140,-0.214998
3.927000,-9.753654,-10.147434,0.393780,-0.215800
3.928000,-9.750874,-10.142297,0.391422,-0.216596
3.929000,-9.748079,-10.137145,0.389066,-0.217387
3.930000,-9.745269,-10.131980,0.386712,-0.218172
3.931000,-9.742443,-10.126802,0.384359,-0.218952
3.932000,-9.739601,-10.121609,0.382008,-0.219726
3.933000,-9.736745,-10.116404,0.379659,-0.220495
3.934000,-9.733873,-10.111185,0.377312,-0.221259
3.935000,-9.730985,-10.105952,0.374967,-0.222016
3.936000,-9.728082,-10.100706,0.372623,-0.222769
3.937000,-9.725164,-10.095446,0.370282,-0.223516
3.938000,-9.722231,-10.090173,0.367942,-0.224257
3.939000,-9.719282,-10.084887,0.365605,-0.224993
3.940000,-9.716317,-10.079587,0.363270,-0.225724
3.941000,-9.713338,-10.074274,0.360936,-0.226449
3.942000,-9.710343,-10.068947,0.358605,-0.227168
3.943000,-9.707333,-10.063608,0.356275,-0.227882
3.944000,-9.704307,-10.058255,0.353948,-0.228591
3.945000,-9.701266,-10.052889,0.351623,-0.229294
3.946000,-9.698210,-10.047510,0.349300,-0.229992
3.947000,-9.695138,-10.042118,0.346979,-0.230684
3.948000,-9.692051,-10.036712,0.344661,-0.231371
3.949000,-9.688949,-10.031293,0.342344,-0.232053
3.950000,-9.685832,-10.025862,0.340030,-0.232729
3.951000,-9.682699,-10.020417,0.337718,-0.233399
3.952000,-9.679551,-10.014960,0.335409,-0.234064
3.953000,-9.676387,-10.009489,0.333101,-0.234724
3.954000,-9.673209,-10.004005,0.330796,-0.235378
3.955000,-9.670015,-9.998509,0.328494,-0.236027
3.956000,-9.666806,-9.992999,0.326194,-0.236670
3.957000,-9.663581,-9.987477,0.323896,-0.237308
3.958000,-9.660342,-9.981942,0.321600,-0.237941
3.959000,-9.657087,-9.976394,0.319307,-0.238568
3.960000,-9.653816,-9.970833,0.317017,-0.239190
3.961000,-9.650531,-9.965260,0.314729,-0.239806
3.962000,-9.647230,-9.959673,0.312443,-0.240417
3.963000,-9.643914,-9.954074,0.310160,-0.241022
3.964000,-9.640583,-9.948463,0.307880,-0.241622
3.965000,-9.637237,-9.942838,0.305602,-0.242217
3.966000,-9.633875,-9.937201,0.303326,-0.242806
3.967000,-9.630498,-9.931552,0.301054,-0.243390
3.968000,-9.627106,-9.925890,0.298783,-0.243969
3.969000,-9.623699,-9.920215,0.296516,-0.244542
3.970000,-9.620277,-9.914528,0.294251,-0.245110
3.971000,-9.616839,-9.908828,0.291989,-0.245672
3.972000,-9.613386,-9.903116,0.289730,-0.246229
3.973000,-9.609918,-9.897392,0.287473,-0.246781
3.974000,-9.606435,-9.891655,0.285219,-0.247327
3.975000,-9.602937,-9.885905,0.282968,-0.247868
3.976000,-9.599423,-9.880143,0.280720,-0.248404
3.977000,-9.595895,-9.874369,0.278475,-0.248934
3.978000,-9.592351,-9.868583,0.276232,-0.249459
3.979000,-9.588792,-9.862784,0.273992,-0.249978
3.980000,-9.585218,-9.856973,0.271755,-0.250493
3.981000,-9.581629,-9.851150,0.269521,-0.251002
3.982000,-9.578024,-9.845315,0.267290,-0.251505
3.983000,-9.574405,-9.839467,0.265062,-0.252004
3.984000,-9.570770,-9.833608,0.262837,-0.252497
3.985000,-9.567121,-9.827736,0.260615,-0.252984
3.986000,-9.563456,-9.821852,0.258396,-0.253467
3.987000,-9.559776,-9.815956,0.256180,-0.253944
3.988000,-9.556081,-9.810048,0.253967,-0.254416
3.989000,-9.552371,-9.804128,0.251757,-0.254882
3.990000,-9.548645,-9.798196,0.249550,-0.255344
3.991000,-9.544905,-9.792251,0.247346,-0.255800
3.992000,-9.541150,-9.786295,0.245146,-0.256250
3.993000,-9.537379,-9.780328,0.242948,-0.256696
3.994000,-9.533594,-9.774348,0.240754,-0.257136
3.995000,-9.529793,-9.768356,0.238563,-0.257571
3.996000,-9.525978,-9.762352,0.236375,-0.258001
3.997000,-9.522147,-9.756337,0.234190,-0.258426
3.998000,-9.518302,-9.750310,0.232008,-0.258845
3.999000,-9.514441,-9.744271,0.229830,-0.259259
4.000000,-9.510565,-9.738220,0.227655,-0.259668
4.001000,-9.506674,-9.732158,0.225484,-0.260072
4.002000,-9.502769,-9.726084,0.223315,-0.260470
4.003000,-9.498848,-9.719998,0.221150,-0.260864
4.004000,-9.494912,-9.713901,0.218989,-0.261252
4.005000,-9.490961,-9.707792,0.216830,-0.261635
4.006000,-9.486996,-9.701671,0.214675,-0.262013
4.007000,-9.483015,-9.695539,0.212524,-0.262385
4.008000,-9.479019,-9.689395,0.210376,-0.262753
4.009000,-9.475009,-9.683240,0.208231,-0.263115
4.010000,-9.470983,-9.677073,0.206090,-0.263472
4.011000,-9.466942,-9.670895,0.203952,-0.263825
4.012000,-9.462887,-9.664705,0.201818,-0.264172
4.013000,-9.458816,-9.658504,0.199688,-0.264513
4.014000,-9.454731,-9.652292,0.197560,-0.264850
4.015000,-9.450631,-9.646068,0.195437,-0.265182
4.016000,-9.446515,-9.639832,0.193317,-0.265508
4.017000,-9.442385,-9.633586,0.191201,-0.265830
4.018000,-9.438240,-9.627328,0.189088,-0.266146
4.019000,-9.434080,-9.621059,0.186979,-0.266458
4.020000,-9.429905,-9.614778,0.184873,-0.266764
4.021000,-9.425716,-9.608487,0.182771,-0.267065
4.022000,-9.421511,-9.602184,0.180673,-0.267361
4.023000,-9.417291,-9.595870,0.178578,-0.267652
4.024000,-9.413057,-9.589545,0.176488,-0.267938
4.025000,-9.408808,-9.583208,0.174401,-0.268220
4.026000,-9.404544,-9.576861,0.172317,-0.268496
4.027000,-9.400265,-9.570502,0.170238,-0.268767
4.028000,-9.395971,-9.564133,0.168162,-0.269033
4.029000,-9.391662,-9.557752,0.166090,-0.269294
4.030000,-9.387339,-9.551360,0.164022,-0.269550
4.031000,-9.383000,-9.544958,0.161957,-0.269801
4.032000,-9.378647,-9.538544,0.159897,-0.270048
4.033000,-9.374279,-9.532119,0.157840,-0.270289
4.034000,-9.369896,-9.525684,0.155787,-0.270525
4.035000,-9.365499,-9.519237,0.153738,-0.270757
4.036000,-9.361087,-9.512780,0.151693,-0.270983
4.037000,-9.356659,-9.506312,0.149652,-0.271205
4.038000,-9.352218,-9.499833,0.147615,-0.271421
4.039000,-9.347761,-9.493343,0.145582,-0.271633
4.040000,-9.343289,-9.486842,0.143553,-0.271840
4.041000,-9.338803,-9.480331,0.141527,-0.272042
4.042000,-9.334302,-9.473808,0.139506,-0.272239
4.043000,-9.329787,-9.467275,0.137489,-0.272432
4.044000,-9.325256,-9.460732,0.135476,-0.272619
4.045000,-9.320711,-9.454178,0.133466,-0.272802
4.046000,-9.316151,-9.447613,0.131461,-0.272979
4.047000,-9.311577,-9.441037,0.129460,-0.273152
4.048000,-9.306987,-9.434451,0.127463,-0.273321
4.049000,-9.302384,-9.427854,0.125470,-0.273484
4.050000,-9.297765,-9.421247,0.123482,-0.273643
4.051000,-9.293132,-9.414629,0.121497,-0.273797
4.052000,-9.288484,-9.408000,0.119517,-0.273946
4.053000,-9.283821,-9.401361,0.117540,-0.274090
4.054000,-9.279144,-9.394712,0.115568,-0.274230
4.055000,-9.274452,-9.388052,0.113600,-0.274364
4.056000,-9.269745,-9.381381,0.111636,-0.274495
4.057000,-9.265024,-9.374701,0.109677,-0.274620
4.058000,-9.260288,-9.368009,0.107722,-0.274741
4.059000,-9.255537,-9.361308,0.105771,-0.274857
4.060000,-9.250772,-9.354596,0.103824,-0.274968
4.061000,-9.245992,-9.347874,0.101881,-0.275075
4.062000,-9.241198,-9.341141,0.099943,-0.275177
4.063000,-9.236389,-9.334398,0.098009,-0.275274
4.064000,-9.231566,-9.327645,0.096080,-0.275367
4.065000,-9.226727,-9.320882,0.094154,-0.275455
4.066000,-9.221875,-9.314108,0.092233,-0.275539
4.067000,-9.217007,-9.307324,0.090317,-0.275618
4.068000,-9.212126,-9.300530,0.088404,-0.275692
4.069000,-9.207229,-9.293726,0.086497,-0.275762
4.070000,-9.202318,-9.286912,0.084593,-0.275827
4.071000,-9.197393,-9.280087,0.082694,-0.275888
4.072000,-9.192453,-9.273253,0.080799,-0.275944
4.073000,-9.187499,-9.266408,0.078909,-0.275995
4.074000,-9.182530,-9.259553,0.077023,-0.276042
4.075000,-9.177546,-9.252688,0.075142,-0.276085
4.076000,-9.172548,-9.245814,0.073265,-0.276123
4.077000,-9.167536,-9.238929,0.071393,-0.276157
4.078000,-9.162509,-9.232034,0.069525,-0.276186
4.079000,-9.157468,-9.225129,0.067662,-0.276210
4.080000,-9.152412,-9.218214,0.065803,-0.276231
4.081000,-9.147341,-9.211290,0.063948,-0.276246
4.082000,-9.142257,-9.204355,0.062098,-0.276258
4.083000,-9.137158,-9.197411,0.060253,-0.276265
4.084000,-9.132044,-9.190456,0.058412,-0.276267
4.085000,-9.126916,-9.183492,0.056576,-0.276265
4.086000,-9.121773,-9.176518,0.054745,-0.276259
4.087000,-9.116617,-9.169534,0.052918,-0.276248
4.088000,-9.111445,-9.162541,0.051095,-0.276233
4.089000,-9.106260,-9.155537,0.049278,-0.276214
4.090000,-9.101060,-9.148524,0.047465,-0.276190
4.091000,-9.095845,-9.141501,0.045656,-0.276163
4.092000,-9.090617,-9.134469,0.043852,-0.276130
4.093000,-9.085373,-9.127427,0.042053,-0.276094
4.094000,-9.080116,-9.120375,0.040259,-0.276053
4.095000,-9.074844,-9.113313,0.038469,-0.276008
4.096000,-9.069558,-9.106242,0.036684,-0.275959
4.097000,-9.064258,-9.099161,0.034903,-0.275905
4.098000,-9.058943,-9.092070,0.033128,-0.275847
4.099000,-9.053614,-9.084970,0.031357,-0.275785
4.100000,-9.048271,-9.077861,0.029590,-0.275719
4.101000,-9.042913,-9.070742,0.027829,-0.275649
4.102000,-9.037541,-9.063613,0.026072,-0.275574
4.103000,-9.032155,-9.056475,0.024320,-0.275496
4.104000,-9.026754,-9.049327,0.022573,-0.275413
4.105000,-9.021340,-9.042170,0.020830,-0.275326
4.106000,-9.015911,-9.035003,0.019093,-0.275235
4.107000,-9.010467,-9.027827,0.017360,-0.275140
4.108000,-9.005010,-9.020642,0.015632,-0.275041
4.109000,-8.999538,-9.013447,0.013908,-0.274937
4.110000,-8.994053,-9.006243,0.012190,-0.274830
4.111000,-8.988552,-8.999029,0.010476,-0.274718
4.112000,-8.983038,-8.991806,0.008768,-0.274603
4.113000,-8.977510,-8.984574,0.007064,-0.274483
4.114000,-8.971967,-8.977332,0.005365,-0.274360
4.115000,-8.966410,-8.970081,0.003671,-0.274232
4.116000,-8.960839,-8.962821,0.001981,-0.274101
4.117000,-8.955254,-8.955551,0.000297,-0.273965
4.118000,-8.949655,-8.948273,-0.001382,-0.273826
4.119000,-8.944042,-8.940985,-0.003057,-0.273683
4.120000,-8.938414,-8.933688,-0.004727,-0.273536
4.121000,-8.932773,-8.926381,-0.006391,-0.273384
4.122000,-8.927117,-8.919066,-0.008051,-0.273229
4.123000,-8.921447,-8.911741,-0.009706,-0.273070
4.124000,-8.915763,-8.904407,-0.011356,-0.272908
4.125000,-8.910065,-8.897064,-0.013001,-0.272741
4.126000,-8.904353,-8.889712,-0.014641,-0.272570
4.127000,-8.898627,-8.882351,-0.016276,-0.272396
4.128000,-8.892887,-8.874981,-0.017906,-0.272218
4.129000,-8.887133,-8.867601,-0.019531,-0.272036
4.130000,-8.881364,-8.860213,-0.021151,-0.271850
4.131000,-8.875582,-8.852816,-0.022767,-0.271661
4.132000,-8.869786,-8.845409,-0.024377,-0.271468
4.133000,-8.863976,-8.837994,-0.025982,-0.271271
4.134000,-8.858151,-8.830570,-0.027582,-0.271070
4.135000,-8.852313,-8.823136,-0.029177,-0.270866
4.136000,-8.846461,-8.815694,-0.030767,-0.270658
4.137000,-8.840595,-8.808243,-0.032352,-0.270446
4.138000,-8.834714,-8.800783,-0.033932,-0.270230
4.139000,-8.828820,-8.793314,-0.035507,-0.270011
4.140000,-8.822912,-8.785836,-0.037077,-0.269789
4.141000,-8.816990,-8.778349,-0.038641,-0.269562
4.142000,-8.811054,-8.770853,-0.040201,-0.269332
4.143000,-8.805104,-8.763349,-0.041756,-0.269099
4.144000,-8.799141,-8.755835,-0.043305,-0.268862
4.145000,-8.793163,-8.748313,-0.044850,-0.268621
4.146000,-8.787172,-8.740782,-0.046389,-0.268377
4.147000,-8.781166,-8.733243,-0.047923,-0.268129
4.148000,-8.775147,-8.725694,-0.049453,-0.267878
4.149000,-8.769114,-8.718137,-0.050977,-0.267623
4.150000,-8.763067,-8.710571,-0.052496,-0.267365
4.151000,-8.757006,-8.702997,-0.054009,-0.267104
4.152000,-8.750931,-8.695413,-0.055518,-0.266839
4.153000,-8.744843,-8.687821,-0.057022,-0.266570
4.154000,-8.738741,-8.680221,-0.058520,-0.266298
4.155000,-8.732625,-8.672611,-0.060013,-0.266023
4.156000,-8.726495,-8.664993,-0.061502,-0.265744
4.157000,-8.720351,-8.657367,-0.062985,-0.265462
4.158000,-8.714194,-8.649731,-0.064462,-0.265176
4.159000,-8.708022,-8.642087,-0.065935,-0.264887
4.160000,-8.701838,-8.634435,-0.067403,-0.264595
4.161000,-8.695639,-8.626774,-0.068865,-0.264300
4.162000,-8.689426,-8.619104,-0.070322,-0.264001
4.163000,-8.683200,-8.611426,-0.071774,-0.263699
4.164000,-8.676961,-8.603740,-0.073221,-0.263394
4.165000,-8.670707,-8.596044,-0.074663,-0.263085
4.166000,-8.664440,-8.588341,-0.076099,-0.262773
4.167000,-8.658159,-8.580629,-0.077530,-0.262458
4.168000,-8.651864,-8.572908,-0.078956,-0.262140
4.169000,-8.645556,-8.565179,-0.080377,-0.261819
4.170000,-8.639234,-8.557441,-0.081793,-0.261494
4.171000,-8.632899,-8.549695,-0.083203,-0.261167
4.172000,-8.626549,-8.541941,-0.084609,-0.260836
4.173000,-8.620187,-8.534178,-0.086009,-0.260502
4.174000,-8.613810,-8.526407,-0.087404,-0.260165
4.175000,-8.607420,-8.518627,-0.088793,-0.259825
4.176000,-8.601017,-8.510839,-0.090177,-0.259481
4.177000,-8.594599,-8.503043,-0.091557,-0.259135
4.178000,-8.588169,-8.495238,-0.092931,-0.258786
4.179000,-8.581724,-8.487425,-0.094299,-0.258434
4.180000,-8.575267,-8.479604,-0.095663,-0.258078
4.181000,-8.568795,-8.471774,-0.097021,-0.257720
4.182000,-8.562310,-8.463936,-0.098374,-0.257359
4.183000,-8.555812,-8.456090,-0.099722,-0.256994
4.184000,-8.549300,-8.448236,-0.101064,-0.256627
4.185000,-8.542774,-8.440373,-0.102401,-0.256257
4.186000,-8.536235,-8.432502,-0.103733,-0.255884
4.187000,-8.529683,-8.424623,-0.105060,-0.255508
4.188000,-8.523117,-8.416735,-0.106382,-0.255129
4.189000,-8.516538,-8.408840,-0.107698,-0.254748
4.190000,-8.509945,-8.400936,-0.109009,-0.254363
4.191000,-8.503339,-8.393024,-0.110315,-0.253976
4.192000,-8.496719,-8.385104,-0.111615,-0.253586
4.193000,-8.490086,-8.377175,-0.112911,-0.253193
4.194000,-8.483439,-8.369239,-0.114201,-0.252797
4.195000,-8.476779,-8.361294,-0.115485,-0.252399
4.196000,-8.470106,-8.353341,-0.116765,-0.251998
4.197000,-8.463419,-8.345381,-0.118039,-0.251594
4.198000,-8.456719,-8.337412,-0.119308,-0.251187
4.199000,-8.450006,-8.329435,-0.120571,-0.250778
4.200000,-8.443279,-8.321449,-0.121830,-0.250366
4.201000,-8.436539,-8.313456,-0.123083,-0.249951
4.202000,-8.429786,-8.305455,-0.124331,-0.249534
4.203000,-8.423019,-8.297446,-0.125573,-0.249114
4.204000,-8.416239,-8.289428,-0.126811,-0.248692
4.205000,-8.409446,-8.281403,-0.128043,-0.248266
4.206000,-8.402639,-8.273370,-0.129270,-0.247839
4.207000,-8.395819,-8.265328,-0.130491,-0.247409
4.208000,-8.388986,-8.257279,-0.131707,-0.246976
4.209000,-8.382140,-8.249222,-0.132918,-0.246541
4.210000,-8.375280,-8.241156,-0.134124,-0.246103
4.211000,-8.368408,-8.233083,-0.135324,-0.245662
4.212000,-8.361522,-8.225002,-0.136520,-0.245220
4.213000,-8.354622,-8.216913,-0.137709,-0.244774
4.214000,-8.347710,-8.208816,-0.138894,-0.244327
4.215000,-8.340784,-8.200711,-0.140073,-0.243877
4.216000,-8.333846,-8.192598,-0.141247,-0.243424
4.217000,-8.326894,-8.184477,-0.142416,-0.242969
4.218000,-8.319929,-8.176349,-0.143580,-0.242512
4.219000,-8.312950,-8.168212,-0.144738,-0.242053
4.220000,-8.305959,-8.160068,-0.145891,-0.241591
4.221000,-8.298955,-8.151916,-0.147039,-0.241127
4.222000,-8.291937,-8.143756,-0.148181,-0.240660
4.223000,-8.284906,-8.135588,-0.149319,-0.240191
4.224000,-8.277863,-8.127412,-0.150451,-0.239720
4.225000,-8.270806,-8.119229,-0.151577,-0.239247
4.226000,-8.263736,-8.111037,-0.152699,-0.238771
4.227000,-8.256653,-8.102838,-0.153815,-0.238293
4.228000,-8.249557,-8.094631,-0.154926,-0.237814
4.229000,-8.242448,-8.086416,-0.156031,-0.237331
4.230000,-8.235326,-8.078194,-0.157132,-0.236847
4.231000,-8.228191,-8.069964,-0.158227,-0.236361
4.232000,-8.221043,-8.061726,-0.159317,-0.235872
4.233000,-8.213882,-8.053480,-0.160402,-0.235381
4.234000,-8.206708,-8.045227,-0.161481,-0.234889
4.235000,-8.199521,-8.036966,-0.162555,-0.234394
4.236000,-8.192321,-8.028697,-0.163624,-0.233897
4.237000,-8.185108,-8.020420,-0.164688,-0.233398
4.238000,-8.177883,-8.012136,-0.165747,-0.232897
4.239000,-8.170644,-8.003844,-0.166800,-0.232394
4.240000,-8.163393,-7.995545,-0.167848,-0.231889
4.241000,-8.156128,-7.987237,-0.168891,-0.231382
4.242000,-8.148851,-7.978922,-0.169928,-0.230873
4.243000,-8.141561,-7.970600,-0.170961,-0.230362
4.244000,-8.134258,-7.962270,-0.171988,-0.229850
4.245000,-8.126942,-7.953932,-0.173010,-0.229335
4.246000,-8.119613,-7.945586,-0.174026,-0.228818
4.247000,-8.112271,-7.937233,-0.175038,-0.228300
4.248000,-8.104917,-7.928873,-0.176044,-0.227780
4.249000,-8.097550,-7.920504,-0.177045,-0.227258
4.250000,-8.090170,-7.912129,-0.178041,-0.226734
4.251000,-8.082777,-7.903745,-0.179032,-0.226208
4.252000,-8.075372,-7.895354,-0.180018,-0.225681
4.253000,-8.067954,-7.886956,-0.180998,-0.225151
4.254000,-8.060523,-7.878550,-0.181973,-0.224620
4.255000,-8.053079,-7.870136,-0.182943,-0.224088
4.256000,-8.045622,-7.861715,-0.183908,-0.223553
4.257000,-8.038153,-7.853286,-0.184867,-0.223017
4.258000,-8.030672,-7.844850,-0.185822,-0.222479
4.259000,-8.023177,-7.836406,-0.186771,-0.221940
4.260000,-8.015670,-7.827955,-0.187715,-0.221399
4.261000,-8.008150,-7.819496,-0.188654,-0.220856
4.262000,-8.000618,-7.811029,-0.189588,-0.220312
4.263000,-7.993072,-7.802556,-0.190517,-0.219766
4.264000,-7.985515,-7.794074,-0.191440,-0.219219
4.265000,-7.977944,-7.785586,-0.192359,-0.218670
4.266000,-7.970361,-7.777089,-0.193272,-0.218119
4.267000,-7.962766,-7.768586,-0.194180,-0.217567
4.268000,-7.955158,-7.760075,-0.195083,-0.217014
4.269000,-7.947537,-7.751556,-0.195981,-0.216459
4.270000,-7.939904,-7.743030,-0.196874,-0.215902
4.271000,-7.932258,-7.734497,-0.197762,-0.215344
4.272000,-7.924600,-7.725956,-0.198644,-0.214785
4.273000,-7.916929,-7.717408,-0.199522,-0.214224
4.274000,-7.909246,-7.708852,-0.200394,-0.213662
4.275000,-7.901550,-7.700289,-0.201261,-0.213098
4.276000,-7.893842,-7.691718,-0.202124,-0.212533
4.277000,-7.886121,-7.683140,-0.202981,-0.211967
4.278000,-7.878388,-7.674555,-0.203833,-0.211400
4.279000,-7.870642,-7.665963,-0.204680,-0.210831
4.280000,-7.862884,-7.657363,-0.205522,-0.210261
4.281000,-7.855114,-7.648755,-0.206359,-0.209689
4.282000,-7.847331,-7.640141,-0.207190,-0.209117
4.283000,-7.839536,-7.631518,-0.208017,-0.208543
4.284000,-7.831728,-7.622889,-0.208839,-0.207968
4.285000,-7.823908,-7.614252,-0.209656,-0.207391
4.286000,-7.816076,-7.605608,-0.210468,-0.206814
4.287000,-7.808231,-7.596957,-0.211274,-0.206235
4.288000,-7.800374,-7.588298,-0.212076,-0.205655
4.289000,-7.792505,-7.579632,-0.212873,-0.205075
4.290000,-7.784623,-7.570959,-0.213664,-0.204492
4.291000,-7.776729,-7.562278,-0.214451,-0.203909
4.292000,-7.768823,-7.553590,-0.215233,-0.203325
4.293000,-7.760904,-7.544895,-0.216010,-0.202740
4.294000,-7.752974,-7.536192,-0.216781,-0.202154
4.295000,-7.745031,-7.527482,-0.217548,-0.201566
4.296000,-7.737075,-7.518765,-0.218310,-0.200978
4.297000,-7.729108,-7.510041,-0.219067,-0.200389
4.298000,-7.721128,-7.501309,-0.219819,-0.199798
4.299000,-7.713136,-7.492570,-0.220566,-0.199207
4.300000,-7.705132,-7.483824,-0.221308,-0.198615
4.301000,-7.697116,-7.475071,-0.222045,-0.198022
4.302000,-7.689088,-7.466310,-0.222778,-0.197428
4.303000,-7.681047,-7.457542,-0.223505,-0.196833
4.304000,-7.672995,-7.448767,-0.224228,-0.196237
4.305000,-7.664930,-7.439985,-0.224945,-0.195641
4.306000,-7.656853,-7.431195,-0.225658,-0.195043
4.307000,-7.648764,-7.422399,-0.226366,-0.194445
4.308000,-7.640663,-7.413595,-0.227069,-0.193846
4.309000,-7.632550,-7.404783,-0.227767,-0.193246
4.310000,-7.624425,-7.395965,-0.228460,-0.192645
4.311000,-7.616288,-7.387139,-0.229148,-0.192044
4.312000,-7.608139,-7.378307,-0.229832,-0.191442
4.313000,-7.599978,-7.369467,-0.230511,-0.190839
4.314000,-7.591804,-7.360620,-0.231185,-0.190236
4.315000,-7.583619,-7.351765,-0.231854,-0.189632
4.316000,-7.575422,-7.342904,-0.232518,-0.189027
4.317000,-7.567213,-7.334035,-0.233178,-0.188421
4.318000,-7.558992,-7.325159,-0.233833,-0.187815
4.319000,-7.550759,-7.316276,-0.234483,-0.187209
4.320000,-7.542514,-7.307386,-0.235128,-0.186601
4.321000,-7.534257,-7.298489,-0.235768,-0.185994
4.322000,-7.525988,-7.289584,-0.236404,-0.185385
4.323000,-7.517708,-7.280673,-0.237035,-0.184776
4.324000,-7.509415,-7.271754,-0.237661,-0.184167
4.325000,-7.501111,-7.262828,-0.238283,-0.183557
4.326000,-7.492794,-7.253895,-0.238899,-0.182947
4.327000,-7.484466,-7.244955,-0.239512,-0.182336
4.328000,-7.476127,-7.236008,-0.240119,-0.181724
4.329000,-7.467775,-7.227053,-0.240722,-0.181113
4.330000,-7.459411,-7.218092,-0.241320,-0.180500
4.331000,-7.451036,-7.209123,-0.241913,-0.179888
4.332000,-7.442649,-7.200147,-0.242502,-0.179275
4.333000,-7.434250,-7.191165,-0.243086,-0.178661
4.334000,-7.425840,-7.182175,-0.243665,-0.178048
4.335000,-7.417418,-7.173178,-0.244240,-0.177434
4.336000,-7.408984,-7.164174,-0.244810,-0.176819
4.337000,-7.400538,-7.155162,-0.245376,-0.176205
4.338000,-7.392081,-7.146144,-0.245937,-0.175590
4.339000,-7.383612,-7.137119,-0.246493,-0.174975
4.340000,-7.375131,-7.128086,-0.247045,-0.174359
4.341000,-7.366639,-7.119047,-0.247592,-0.173744
4.342000,-7.358135,-7.110000,-0.248135,-0.173128
4.343000,-7.349619,-7.100946,-0.248673,-0.172512
4.344000,-7.341092,-7.091886,-0.249207,-0.171895
4.345000,-7.332553,-7.082818,-0.249736,-0.171279
4.346000,-7.324003,-7.073743,-0.250260,-0.170663
4.347000,-7.315441,-7.064661,-0.250780,-0.170046
4.348000,-7.306868,-7.055572,-0.251296,-0.169429
4.349000,-7.298283,-7.046476,-0.251807,-0.168812
4.350000,-7.289686,-7.037373,-0.252313,-0.168195
4.351000,-7.281078,-7.028263,-0.252815,-0.167578
4.352000,-7.272459,-7.019146,-0.253313,-0.166961
4.353000,-7.263828,-7.010022,-0.253806,-0.166344
4.354000,-7.255185,-7.000890,-0.254295,-0.165727
4.355000,-7.246531,-6.991752,-0.254779,-0.165110
4.356000,-7.237866,-6.982607,-0.255259,-0.164493
4.357000,-7.229189,-6.973454,-0.255735,-0.163876
4.358000,-7.220501,-6.964295,-0.256206,-0.163259
4.359000,-7.211801,-6.955129,-0.256673,-0.162642
4.360000,-7.203090,-6.945955,-0.257135,-0.162025
4.361000,-7.194368,-6.936775,-0.257593,-0.161408
4.362000,-7.185634,-6.927588,-0.258047,-0.160792
4.363000,-7.176889,-6.918393,-0.258496,-0.160175
4.364000,-7.168133,-6.909192,-0.258941,-0.159559
4.365000,-7.159365,-6.899983,-0.259382,-0.158943
4.366000,-7.150586,-6.890768,-0.259818,-0.158327
4.367000,-7.141795,-6.881545,-0.260250,-0.157711
4.368000,-7.132994,-6.872316,-0.260678,-0.157096
4.369000,-7.124181,-6.863079,-0.261102,-0.156480
4.370000,-7.115357,-6.853836,-0.261521,-0.155865
4.371000,-7.106521,-6.844585,-0.261936,-0.155250
4.372000,-7.097675,-6.835328,-0.262347,-0.154636
4.373000,-7.088817,-6.826064,-0.262753,-0.154022
4.374000,-7.079948,-6.816792,-0.263156,-0.153408
4.375000,-7.071068,-6.807514,-0.263554,-0.152794
4.376000,-7.062176,-6.798228,-0.263948,-0.152181
4.377000,-7.053274,-6.788936,-0.264338,-0.151568
4.378000,-7.044360,-6.779637,-0.264724,-0.150956
4.379000,-7.035436,-6.770330,-0.265105,-0.150344
4.380000,-7.026500,-6.761017,-0.265483,-0.149732
4.381000,-7.017553,-6.751697,-0.265856,-0.149121
4.382000,-7.008595,-6.742370,-0.266225,-0.148510
4.383000,-6.999626,-6.733035,-0.266590,-0.147900
4.384000,-6.990645,-6.723694,-0.266951,-0.147290
4.385000,-6.981654,-6.714346,-0.267308,-0.146681
4.386000,-6.972652,-6.704991,-0.267661,-0.146072
4.387000,-6.963639,-6.695629,-0.268010,-0.145464
4.388000,-6.954614,-6.686260,-0.268355,-0.144856
4.389000,-6.945579,-6.676884,-0.268695,-0.144249
4.390000,-6.936533,-6.667501,-0.269032,-0.143642
4.391000,-6.927476,-6.658111,-0.269365,-0.143036
4.392000,-6.918408,-6.648714,-0.269694,-0.142431
4.393000,-6.909329,-6.639310,-0.270019,-0.141826
4.394000,-6.900239,-6.629899,-0.270339,-0.141222
4.395000,-6.891138,-6.620482,-0.270656,-0.140618
4.396000,-6.882026,-6.611057,-0.270969,-0.140015
4.397000,-6.872904,-6.601625,-0.271278,-0.139413
4.398000,-6.863770,-6.592187,-0.271584,-0.138812
4.399000,-6.854626,-6.582741,-0.271885,-0.138211
4.400000,-6.845471,-6.573289,-0.272182,-0.137611
4.401000,-6.836305,-6.563829,-0.272476,-0.137011
4.402000,-6.827128,-6.554363,-0.272765,-0.136413
4.403000,-6.817941,-6.544890,-0.273051,-0.135815
4.404000,-6.808743,-6.535410,-0.273333,-0.135218
4.405000,-6.799534,-6.525922,-0.273611,-0.134622
4.406000,-6.790314,-6.516428,-0.273886,-0.134027
4.407000,-6.781084,-6.506927,-0.274156,-0.133432
4.408000,-6.771842,-6.497419,-0.274423,-0.132838
4.409000,-6.762591,-6.487904,-0.274686,-0.132245
4.410000,-6.753328,-6.478383,-0.274945,-0.131654
4.411000,-6.744055,-6.468854,-0.275201,-0.131062
4.412000,-6.734771,-6.459318,-0.275453,-0.130472
4.413000,-6.725477,-6.449775,-0.275701,-0.129883
4.414000,-6.716171,-6.440226,-0.275946,-0.129295
4.415000,-6.706856,-6.430669,-0.276186,-0.128708
4.416000,-6.697529,-6.421106,-0.276423,-0.128121
4.417000,-6.688193,-6.411536,-0.276657,-0.127536
4.418000,-6.678845,-6.401958,-0.276887,-0.126951
4.419000,-6.669487,-6.392374,-0.277113,-0.126368
4.420000,-6.660119,-6.382783,-0.277336,-0.125786
4.421000,-6.650740,-6.373185,-0.277555,-0.125204
4.422000,-6.641350,-6.363580,-0.277770,-0.124624
4.423000,-6.631950,-6.353968,-0.277982,-0.124045
4.424000,-6.622540,-6.344349,-0.278190,-0.123467
4.425000,-6.613119,-6.334723,-0.278395,-0.122890
4.426000,-6.603687,-6.325091,-0.278596,-0.122314
4.427000,-6.594245,-6.315451,-0.278794,-0.121739
4.428000,-6.584793,-6.305805,-0.278988,-0.121166
4.429000,-6.575331,-6.296151,-0.279179,-0.120593
4.430000,-6.565858,-6.286491,-0.279367,-0.120022
4.431000,-6.556374,-6.276824,-0.279550,-0.119452
4.432000,-6.546880,-6.267150,-0.279731,-0.118883
4.433000,-6.537376,-6.257468,-0.279908,-0.118315
4.434000,-6.527862,-6.247780,-0.280082,-0.117749
4.435000,-6.518337,-6.238085,-0.280252,-0.117184
4.436000,-6.508802,-6.228384,-0.280419,-0.116620
4.437000,-6.499257,-6.218675,-0.280582,-0.116057
4.438000,-6.489701,-6.208959,-0.280742,-0.115496
4.439000,-6.480136,-6.199237,-0.280899,-0.114936
4.440000,-6.470560,-6.189507,-0.281053,-0.114377
4.441000,-6.460973,-6.179771,-0.281203,-0.113820
4.442000,-6.451377,-6.170027,-0.281350,-0.113264
4.443000,-6.441770,-6.160277,-0.281493,-0.112709
4.444000,-6.432153,-6.150520,-0.281634,-0.112155
4.445000,-6.422527,-6.140756,-0.281771,-0.111603
4.446000,-6.412889,-6.130985,-0.281905,-0.111053
4.447000,-6.403242,-6.121207,-0.282035,-0.110504
4.448000,-6.393585,-6.111422,-0.282163,-0.109956
4.449000,-6.383917,-6.101630,-0.282287,-0.109410
4.450000,-6.374240,-6.091832,-0.282408,-0.108865
4.451000,-6.364552,-6.082026,-0.282526,-0.108321
4.452000,-6.354855,-6.072214,-0.282641,-0.107779
4.453000,-6.345147,-6.062394,-0.282753,-0.107239
4.454000,-6.335429,-6.052568,-0.282861,-0.106700
4.455000,-6.325702,-6.042735,-0.282967,-0.106163
4.456000,-6.315964,-6.032895,-0.283069,-0.105627
4.457000,-6.306216,-6.023048,-0.283169,-0.105092
4.458000,-6.296459,-6.013194,-0.283265,-0.104560
4.459000,-6.286691,-6.003333,-0.283358,-0.104028
4.460000,-6.276914,-5.993465,-0.283449,-0.103499
4.461000,-6.267126,-5.983590,-0.283536,-0.102971
4.462000,-6.257329,-5.973709,-0.283620,-0.102444
4.463000,-6.247522,-5.963820,-0.283702,-0.101919
4.464000,-6.237705,-5.953925,-0.283780,-0.101396
4.465000,-6.227878,-5.944022,-0.283855,-0.100875
4.466000,-6.218041,-5.934113,-0.283928,-0.100355
4.467000,-6.208195,-5.924197,-0.283997,-0.099837
4.468000,-6.198338,-5.914274,-0.284064,-0.099320
4.469000,-6.188472,-5.904344,-0.284128,-0.098805
4.470000,-6.178596,-5.894407,-0.284189,-0.098292
4.471000,-6.168710,-5.884463,-0.284247,-0.097781
4.472000,-6.158815,-5.874513,-0.284302,-0.097271
4.473000,-6.148910,-5.864555,-0.284355,-0.096763
4.474000,-6.138995,-5.854590,-0.284405,-0.096257
4.475000,-6.129071,-5.844619,-0.284452,-0.095753
4.476000,-6.119136,-5.834641,-0.284496,-0.095250
4.477000,-6.109192,-5.824655,-0.284537,-0.094749
4.478000,-6.099239,-5.814663,-0.284576,-0.094250
4.479000,-6.089276,-5.804664,-0.284612,-0.093753
4.480000,-6.079303,-5.794658,-0.284645,-0.093258
4.481000,-6.069321,-5.784645,-0.284676,-0.092764
4.482000,-6.059329,-5.774625,-0.284703,-0.092273
4.483000,-6.049327,-5.764598,-0.284729,-0.091783
4.484000,-6.039316,-5.754565,-0.284751,-0.091295
4.485000,-6.029295,-5.744524,-0.284771,-0.090809
4.486000,-6.019265,-5.734477,-0.284789,-0.090325
4.487000,-6.009226,-5.724422,-0.284803,-0.089843
4.488000,-5.999177,-5.714361,-0.284816,-0.089363
4.489000,-5.989118,-5.704293,-0.284825,-0.088885
4.490000,-5.979050,-5.694217,-0.284832,-0.088408
4.491000,-5.968972,-5.684135,-0.284837,-0.087934
4.492000,-5.958885,-5.674046,-0.284839,-0.087461
4.493000,-5.948789,-5.663950,-0.284839,-0.086991
4.494000,-5.938683,-5.653848,-0.284836,-0.086523
4.495000,-5.928568,-5.643738,-0.284830,-0.086056
4.496000,-5.918444,-5.633621,-0.284823,-0.085592
4.497000,-5.908310,-5.623498,-0.284812,-0.085130
4.498000,-5.898167,-5.613367,-0.284800,-0.084669
4.499000,-5.888014,-5.603230,-0.284785,-0.084211
4.500000,-5.877853,-5.593085,-0.284767,-0.083755
4.501000,-5.867681,-5.582934,-0.284747,-0.083301
4.502000,-5.857501,-5.572776,-0.284725,-0.082849
4.503000,-5.847312,-5.562611,-0.284701,-0.082399
4.504000,-5.837113,-5.552439,-0.284674,-0.081951
4.505000,-5.826905,-5.542260,-0.284645,-0.081505
4.506000,-5.816688,-5.532074,-0.284614,-0.081062
4.507000,-5.806461,-5.521881,-0.284580,-0.080621
4.508000,-5.796226,-5.511681,-0.284544,-0.080181
4.509000,-5.785981,-5.501475,-0.284506,-0.079744
4.510000,-5.775727,-5.491261,-0.284466,-0.079309
4.511000,-5.765464,-5.481041,-0.284423,-0.078877
4.512000,-5.755192,-5.470813,-0.284378,-0.078446
4.513000,-5.744911,-5.460579,-0.284332,-0.078018
4.514000,-5.734621,-5.450338,-0.284283,-0.077592
4.515000,-5.724321,-5.440090,-0.284231,-0.077168
4.516000,-5.714013,-5.429835,-0.284178,-0.076746
4.517000,-5.703696,-5.419573,-0.284123,-0.076327
4.518000,-5.693369,-5.409304,-0.284065,-0.075910
4.519000,-5.683034,-5.399028,-0.284006,-0.075495
4.520000,-5.672689,-5.388745,-0.283944,-0.075082
4.521000,-5.662336,-5.378456,-0.283881,-0.074672
4.522000,-5.651974,-5.368159,-0.283815,-0.074264
4.523000,-5.641603,-5.357855,-0.283747,-0.073858
4.524000,-5.631223,-5.347545,-0.283678,-0.073455
4.525000,-5.620834,-5.337228,-0.283606,-0.073054
4.526000,-5.610436,-5.326903,-0.283533,-0.072655
4.527000,-5.600029,-5.316572,-0.283457,-0.072259
4.528000,-5.589614,-5.306234,-0.283380,-0.071865
4.529000,-5.579189,-5.295889,-0.283301,-0.071473
4.530000,-5.568756,-5.285537,-0.283219,-0.071084
4.531000,-5.558314,-5.275178,-0.283136,-0.070697
4.532000,-5.547863,-5.264812,-0.283051,-0.070313
4.533000,-5.537404,-5.254439,-0.282965,-0.069931
4.534000,-5.526936,-5.244059,-0.282876,-0.069551
4.535000,-5.516459,-5.233673,-0.282786,-0.069174
4.536000,-5.505973,-5.223279,-0.282694,-0.068799
4.537000,-5.495479,-5.212879,-0.282600,-0.068427
4.538000,-5.484976,-5.202471,-0.282504,-0.068057
4.539000,-5.474464,-5.192057,-0.282407,-0.067690
4.540000,-5.463943,-5.181636,-0.282308,-0.067325
4.541000,-5.453414,-5.171208,-0.282207,-0.066962
4.542000,-5.442877,-5.160772,-0.282104,-0.066602
4.543000,-5.432331,-5.150330,-0.282000,-0.066245
4.544000,-5.421776,-5.139881,-0.281894,-0.065890
4.545000,-5.411213,-5.129425,-0.281787,-0.065537
4.546000,-5.400641,-5.118963,-0.281678,-0.065187
4.547000,-5.390060,-5.108493,-0.281567,-0.064840
4.548000,-5.379471,-5.098016,-0.281455,-0.064495
4.549000,-5.368874,-5.087533,-0.281341,-0.064153
4.550000,-5.358268,-5.077042,-0.281226,-0.063813
4.551000,-5.347654,-5.066545,-0.281109,-0.063476
4.552000,-5.337031,-5.056040,-0.280991,-0.063141
4.553000,-5.326400,-5.045529,-0.280871,-0.062809
4.554000,-5.315760,-5.035011,-0.280749,-0.062480
4.555000,-5.305112,-5.024485,-0.280626,-0.062153
4.556000,-5.294455,-5.013953,-0.280502,-0.061829
4.557000,-5.283791,-5.003414,-0.280376,-0.061507
4.558000,-5.273118,-4.992868,-0.280249,-0.061188
4.559000,-5.262436,-4.982315,-0.280121,-0.060872
4.560000,-5.251746,-4.971756,-0.279991,-0.060558
4.561000,-5.241048,-4.961189,-0.279859,-0.060247
4.562000,-5.230342,-4.950615,-0.279727,-0.059939
4.563000,-5.219627,-4.940035,-0.279593,-0.059633
4.564000,-5.208904,-4.929447,-0.279457,-0.059330
4.565000,-5.198173,-4.918853,-0.279321,-0.059029
4.566000,-5.187434,-4.908251,-0.279183,-0.058732
4.567000,-5.176687,-4.897643,-0.279044,-0.058437
4.568000,-5.165931,-4.887028,-0.278903,-0.058144
4.569000,-5.155167,-4.876406,-0.278762,-0.057855
4.570000,-5.144395,-4.865777,-0.278619,-0.057568
4.571000,-5.133615,-4.855141,-0.278475,-0.057283
4.572000,-5.122827,-4.844498,-0.278329,-0.057002
4.573000,-5.112031,-4.833848,-0.278183,-0.056723
4.574000,-5.101227,-4.823191,-0.278035,-0.056447
4.575000,-5.090414,-4.812527,-0.277887,-0.056174
4.576000,-5.079594,-4.801857,-0.277737,-0.055904
4.577000,-5.068765,-4.791179,-0.277586,-0.055636
4.578000,-5.057929,-4.780495,-0.277434,-0.055371
4.579000,-5.047084,-4.769803,-0.277281,-0.055109
4.580000,-5.036232,-4.759105,-0.277127,-0.054850
4.581000,-5.025372,-4.748400,-0.276972,-0.054593
4.582000,-5.014503,-4.737688,-0.276815,-0.054339
4.583000,-5.003627,-4.726969,-0.276658,-0.054088
4.584000,-4.992743,-4.716243,-0.276500,-0.053840
4.585000,-4.981851,-4.705510,-0.276341,-0.053595
4.586000,-4.970951,-4.694770,-0.276181,-0.053352
4.587000,-4.960043,-4.684024,-0.276020,-0.053113
4.588000,-4.949128,-4.673270,-0.275858,-0.052876
4.589000,-4.938205,-4.662509,-0.275695,-0.052642
4.590000,-4.927273,-4.651742,-0.275532,-0.052411
4.591000,-4.916334,-4.640968,-0.275367,-0.052183
4.592000,-4.905388,-4.630186,-0.275202,-0.051957
4.593000,-4.894433,-4.619398,-0.275035,-0.051735
4.594000,-4.883471,-4.608603,-0.274868,-0.051515
4.595000,-4.872501,-4.597801,-0.274700,-0.051298
4.596000,-4.861524,-4.586992,-0.274532,-0.051084
4.597000,-4.850538,-4.576176,-0.274362,-0.050873
4.598000,-4.839545,-4.565353,-0.274192,-0.050665
4.599000,-4.828545,-4.554524,-0.274021,-0.050460
4.600000,-4.817537,-4.543687,-0.273849,-0.050258
4.601000,-4.806521,-4.532844,-0.273677,-0.050058
4.602000,-4.795498,-4.521993,-0.273504,-0.049862
4.603000,-4.784467,-4.511136,-0.273330,-0.049669
4.604000,-4.773428,-4.500272,-0.273156,-0.049478
4.605000,-4.762382,-4.489401,-0.272981,-0.049290
4.606000,-4.751328,-4.478523,-0.272805,-0.049106
4.607000,-4.740267,-4.467638,-0.272629,-0.048924
4.608000,-4.729199,-4.456746,-0.272452,-0.048745
4.609000,-4.718123,-4.445848,-0.272275,-0.048569
4.610000,-4.707039,-4.434942,-0.272097,-0.048396
4.611000,-4.695948,-4.424030,-0.271919,-0.048226
4.612000,-4.684850,-4.413110,-0.271740,-0.048060
4.613000,-4.673744,-4.402184,-0.271560,-0.047896
4.614000,-4.662631,-4.391251,-0.271380,-0.047735
4.615000,-4.651511,-4.380311,-0.271200,-0.047577
4.616000,-4.640383,-4.369364,-0.271019,-0.047422
4.617000,-4.629248,-4.358410,-0.270837,-0.047270
4.618000,-4.618105,-4.347450,-0.270656,-0.047121
4.619000,-4.606956,-4.336482,-0.270473,-0.046975
4.620000,-4.595799,-4.325508,-0.270291,-0.046832
4.621000,-4.584634,-4.314526,-0.270108,-0.046692
4.622000,-4.573463,-4.303538,-0.269925,-0.046555
4.623000,-4.562284,-4.292543,-0.269741,-0.046421
4.624000,-4.551098,-4.281541,-0.269557,-0.046290
4.625000,-4.539905,-4.270532,-0.269373,-0.046162
4.626000,-4.528705,-4.259517,-0.269188,-0.046037
4.627000,-4.517497,-4.248494,-0.269003,-0.045916
4.628000,-4.506283,-4.237465,-0.268818,-0.045797
4.629000,-4.495061,-4.226428,-0.268632,-0.045681
4.630000,-4.483832,-4.215385,-0.268447,-0.045569
4.631000,-4.472596,-4.204335,-0.268261,-0.045459
4.632000,-4.461353,-4.193278,-0.268075,-0.045353
4.633000,-4.450103,-4.182215,-0.267889,-0.045249
4.634000,-4.438846,-4.171144,-0.267702,-0.045149
4.635000,-4.427582,-4.160067,-0.267516,-0.045052
4.636000,-4.416311,-4.148982,-0.267329,-0.044957
4.637000,-4.405033,-4.137891,-0.267142,-0.044866
4.638000,-4.393748,-4.126793,-0.266955,-0.044778
4.639000,-4.382456,-4.115688,-0.266768,-0.044693
4.640000,-4.371158,-4.104577,-0.266581,-0.044611
4.641000,-4.359852,-4.093458,-0.266394,-0.044532
4.642000,-4.348539,-4.082333,-0.266207,-0.044457
4.643000,-4.337220,-4.071200,-0.266019,-0.044384
4.644000,-4.325894,-4.060061,-0.265832,-0.044315
4.645000,-4.314560,-4.048916,-0.265645,-0.044248
4.646000,-4.303221,-4.037763,-0.265458,-0.044185
4.647000,-4.291874,-4.026603,-0.265271,-0.044125
4.648000,-4.280520,-4.015437,-0.265083,-0.044068
4.649000,-4.269160,-4.004264,-0.264896,-0.044014
4.650000,-4.257793,-3.993084,-0.264709,-0.043963
4.651000,-4.246419,-3.981897,-0.264522,-0.043915
4.652000,-4.235039,-3.970703,-0.264336,-0.043871
4.653000,-4.223652,-3.959503,-0.264149,-0.043829
4.654000,-4.212258,-3.948295,-0.263962,-0.043791
4.655000,-4.200857,-3.937081,-0.263776,-0.043756
4.656000,-4.189450,-3.925860,-0.263590,-0.043724
4.657000,-4.178036,-3.914633,-0.263404,-0.043695
4.658000,-4.166616,-3.903398,-0.263218,-0.043669
4.659000,-4.155189,-3.892157,-0.263033,-0.043646
4.660000,-4.143756,-3.880909,-0.262847,-0.043627
4.661000,-4.132316,-3.869654,-0.262662,-0.043610
4.662000,-4.120869,-3.858392,-0.262477,-0.043597
4.663000,-4.109416,-3.847123,-0.262293,-0.043587
4.664000,-4.097957,-3.835848,-0.262109,-0.043580
4.665000,-4.086491,-3.824566,-0.261925,-0.043576
4.666000,-4.075018,-3.813277,-0.261741,-0.043576
4.667000,-4.063539,-3.801982,-0.261558,-0.043578
4.668000,-4.052054,-3.790679,-0.261375,-0.043584
4.669000,-4.040562,-3.779370,-0.261192,-0.043593
4.670000,-4.029064,-3.768054,-0.261010,-0.043605
4.671000,-4.017560,-3.756732,-0.260828,-0.043620
4.672000,-4.006049,-3.745402,-0.260647,-0.043638
4.673000,-3.994532,-3.734066,-0.260466,-0.043660
4.674000,-3.983009,-3.722723,-0.260286,-0.043684
4.675000,-3.971479,-3.711373,-0.260106,-0.043712
4.676000,-3.959943,-3.700017,-0.259926,-0.043743
4.677000,-3.948401,-3.688654,-0.259747,-0.043778
4.678000,-3.936852,-3.677284,-0.259568,-0.043815
4.679000,-3.925298,-3.665907,-0.259390,-0.043855
4.680000,-3.913737,-3.654524,-0.259213,-0.043899
4.681000,-3.902170,-3.643134,-0.259036,-0.043946
4.682000,-3.890596,-3.631737,-0.258860,-0.043996
4.683000,-3.879017,-3.620333,-0.258684,-0.044049
4.684000,-3.867432,-3.608923,-0.258508,-0.044106
4.685000,-3.855840,-3.597506,-0.258334,-0.044165
4.686000,-3.844242,-3.586082,-0.258160,-0.044228
4.687000,-3.832638,-3.574652,-0.257986,-0.044294
4.688000,-3.821029,-3.563215,-0.257814,-0.044363
4.689000,-3.809413,-3.551771,-0.257642,-0.044435
4.690000,-3.797791,-3.540321,-0.257470,-0.044511
4.691000,-3.786163,-3.528863,-0.257300,-0.044589
4.692000,-3.774529,-3.517400,-0.257130,-0.044671
4.693000,-3.762889,-3.505929,-0.256960,-0.044756
4.694000,-3.751244,-3.494452,-0.256792,-0.044844
4.695000,-3.739592,-3.482968,-0.256624,-0.044936
4.696000,-3.727934,-3.471477,-0.256457,-0.045030
4.697000,-3.716271,-3.459980,-0.256291,-0.045128
4.698000,-3.704602,-3.448476,-0.256125,-0.045229
4.699000,-3.692927,-3.436966,-0.255961,-0.045333
4.700000,-3.681246,-3.425449,-0.255797,-0.045440
4.701000,-3.669559,-3.413925,-0.255634,-0.045551
4.702000,-3.657866,-3.402394,-0.255472,-0.045664
4.703000,-3.646168,-3.390857,-0.255310,-0.045781
4.704000,-3.634464,-3.379313,-0.255150,-0.045901
4.705000,-3.622754,-3.367763,-0.254991,-0.046024
4.706000,-3.611038,-3.356206,-0.254832,-0.046151
4.707000,-3.599317,-3.344643,-0.254674,-0.046280
4.708000,-3.587590,-3.333072,-0.254517,-0.046413
4.709000,-3.575857,-3.321496,-0.254362,-0.046549
4.710000,-3.564119,-3.309912,-0.254207,-0.046688
4.711000,-3.552375,-3.298322,-0.254053,-0.046830
4.712000,-3.540625,-3.286726,-0.253900,-0.046975
4.713000,-3.528870,-3.275122,-0.253748,-0.047124
4.714000,-3.517109,-3.263513,-0.253597,-0.047276
4.715000,-3.505343,-3.251896,-0.253447,-0.047430
4.716000,-3.493571,-3.240273,-0.253298,-0.047589
4.717000,-3.481794,-3.228644,-0.253150,-0.047750
4.718000,-3.470011,-3.217008,-0.253004,-0.047914
4.719000,-3.458223,-3.205365,-0.252858,-0.048082
4.720000,-3.446429,-3.193716,-0.252713,-0.048253
4.721000,-3.434630,-3.182060,-0.252570,-0.048426
4.722000,-3.422825,-3.170398,-0.252427,-0.048604
4.723000,-3.411015,-3.158729,-0.252286,-0.048784
4.724000,-3.399200,-3.147054,-0.252146,-0.048967
4.725000,-3.387379,-3.135372,-0.252007,-0.049154
4.726000,-3.375553,-3.123684,-0.251869,-0.049343
4.727000,-3.363722,-3.111989,-0.251733,-0.049536
4.728000,-3.351885,-3.100288,-0.251597,-0.049732
4.729000,-3.340043,-3.088580,-0.251463,-0.049931
4.730000,-3.328195,-3.076865,-0.251330,-0.050134
4.731000,-3.316343,-3.065145,-0.251198,-0.050339
4.732000,-3.304485,-3.053417,-0.251068,-0.050548
4.733000,-3.292622,-3.041683,-0.250938,-0.050760
4.734000,-3.280754,-3.029943,-0.250810,-0.050974
4.735000,-3.268880,-3.018197,-0.250684,-0.051192
4.736000,-3.257002,-3.006443,-0.250558,-0.051414
4.737000,-3.245118,-2.994684,-0.250434,-0.051638
4.738000,-3.233229,-2.982918,-0.250311,-0.051865
4.739000,-3.221335,-2.971145,-0.250190,-0.052096
4.740000,-3.209436,-2.959366,-0.250070,-0.052330
4.741000,-3.197532,-2.947581,-0.249951,-0.052566
4.742000,-3.185623,-2.935789,-0.249834,-0.052806
4.743000,-3.173709,-2.923991,-0.249718,-0.053049
4.744000,-3.161789,-2.912186,-0.249603,-0.053296
4.745000,-3.149865,-2.900375,-0.249490,-0.053545
4.746000,-3.137936,-2.888558,-0.249378,-0.053797
4.747000,-3.126002,-2.876734,-0.249268,-0.054053
4.748000,-3.114063,-2.864904,-0.249159,-0.054311
4.749000,-3.102119,-2.853068,-0.249051,-0.054573
4.750000,-3.090170,-2.841225,-0.248945,-0.054838
4.751000,-3.078216,-2.829375,-0.248841,-0.055106
4.752000,-3.066258,-2.817520,-0.248738,-0.055377
4.753000,-3.054294,-2.805658,-0.248636,-0.055651
4.754000,-3.042326,-2.793790,-0.248536,-0.055928
4.755000,-3.030353,-2.781915,-0.248438,-0.056208
4.756000,-3.018375,-2.770034,-0.248341,-0.056492
4.757000,-3.006392,-2.758147,-0.248245,-0.056778
4.758000,-2.994405,-2.746253,-0.248151,-0.057068
4.759000,-2.982413,-2.734354,-0.248059,-0.057360
4.760000,-2.970416,-2.722448,-0.247968,-0.057656
4.761000,-2.958414,-2.710535,-0.247879,-0.057955
4.762000,-2.946408,-2.698616,-0.247792,-0.058257
4.763000,-2.934397,-2.686692,-0.247706,-0.058561
4.764000,-2.922382,-2.674760,-0.247621,-0.058869
4.765000,-2.910362,-2.662823,-0.247539,-0.059180
4.766000,-2.898337,-2.650879,-0.247458,-0.059494
4.767000,-2.886308,-2.638929,-0.247378,-0.059811
4.768000,-2.874274,-2.626973,-0.247301,-0.060131
4.769000,-2.862236,-2.615011,-0.247225,-0.060454
4.770000,-2.850193,-2.603042,-0.247151,-0.060781
4.771000,-2.838145,-2.591067,-0.247078,-0.061110
4.772000,-2.826093,-2.579086,-0.247007,-0.061442
4.773000,-2.814037,-2.567099,-0.246938,-0.061777
4.774000,-2.801976,-2.555106,-0.246871,-0.062115
4.775000,-2.789911,-2.543106,-0.246805,-0.062457
4.776000,-2.777841,-2.531101,-0.246741,-0.062801
4.777000,-2.765767,-2.519089,-0.246679,-0.063148
4.778000,-2.753689,-2.507071,-0.246618,-0.063498
4.779000,-2.741606,-2.495047,-0.246560,-0.063852
4.780000,-2.729519,-2.483016,-0.246503,-0.064208
4.781000,-2.717428,-2.470980,-0.246448,-0.064567
4.782000,-2.705332,-2.458937,-0.246395,-0.064929
4.783000,-2.693232,-2.446889,-0.246344,-0.065295
4.784000,-2.681128,-2.434834,-0.246294,-0.065663
4.785000,-2.669020,-2.422773,-0.246247,-0.066034
4.786000,-2.656907,-2.410706,-0.246201,-0.066408
4.787000,-2.644790,-2.398633,-0.246157,-0.066785
4.788000,-2.632669,-2.386555,-0.246115,-0.067165
4.789000,-2.620544,-2.374469,-0.246075,-0.067548
4.790000,-2.608415,-2.362378,-0.246037,-0.067934
4.791000,-2.596282,-2.350281,-0.246000,-0.068323
4.792000,-2.584144,-2.338178,-0.245966,-0.068714
4.793000,-2.572003,-2.326069,-0.245934,-0.069109
4.794000,-2.559857,-2.313954,-0.245903,-0.069507
4.795000,-2.547707,-2.301833,-0.245875,-0.069907
4.796000,-2.535554,-2.289706,-0.245848,-0.070311
4.797000,-2.523396,-2.277573,-0.245823,-0.070717
4.798000,-2.511234,-2.265433,-0.245801,-0.071126
4.799000,-2.499068,-2.253288,-0.245780,-0.071538
4.800000,-2.486899,-2.241138,-0.245761,-0.071953
4.801000,-2.474725,-2.228981,-0.245745,-0.072371
4.802000,-2.462548,-2.216818,-0.245730,-0.072792
4.803000,-2.450367,-2.204649,-0.245718,-0.073216
4.804000,-2.438181,-2.192474,-0.245707,-0.073642
4.805000,-2.425992,-2.180294,-0.245698,-0.074072
4.806000,-2.413799,-2.168107,-0.245692,-0.074504
4.807000,-2.401603,-2.155915,-0.245688,-0.074939
4.808000,-2.389402,-2.143717,-0.245685,-0.075377
4.809000,-2.377198,-2.131513,-0.245685,-0.075818
4.810000,-2.364990,-2.119303,-0.245687,-0.076261
4.811000,-2.352778,-2.107087,-0.245691,-0.076708
4.812000,-2.340563,-2.094866,-0.245697,-0.077157
4.813000,-2.328344,-2.082639,-0.245705,-0.077609
4.814000,-2.316121,-2.070405,-0.245715,-0.078064
4.815000,-2.303894,-2.058166,-0.245728,-0.078522
4.816000,-2.291664,-2.045922,-0.245742,-0.078982
4.817000,-2.279430,-2.033671,-0.245759,-0.079446
4.818000,-2.267193,-2.021415,-0.245778,-0.079912
4.819000,-2.254952,-2.009153,-0.245799,-0.080381
4.820000,-2.242708,-1.996885,-0.245822,-0.080852
4.821000,-2.230460,-1.984612,-0.245848,-0.081327
4.822000,-2.218208,-1.972333,-0.245875,-0.081804
4.823000,-2.205953,-1.960048,-0.245905,-0.082284
4.824000,-2.193694,-1.947757,-0.245937,-0.082766
4.825000,-2.181432,-1.935461,-0.245971,-0.083252
4.826000,-2.169167,-1.923159,-0.246008,-0.083740
4.827000,-2.156898,-1.910852,-0.246047,-0.084231
4.828000,-2.144626,-1.898538,-0.246088,-0.084724
4.829000,-2.132350,-1.886219,-0.246131,-0.085221
4.830000,-2.120071,-1.873895,-0.246176,-0.085720
4.831000,-2.107789,-1.861565,-0.246224,-0.086221
4.832000,-2.095503,-1.849229,-0.246274,-0.086726
4.833000,-2.083214,-1.836888,-0.246326,-0.087233
4.834000,-2.070922,-1.824541,-0.246381,-0.087743
4.835000,-2.058626,-1.812188,-0.246438,-0.088255
4.836000,-2.046327,-1.799830,-0.246497,-0.088770
4.837000,-2.034025,-1.787467,-0.246558,-0.089288
4.838000,-2.021720,-1.775098,-0.246622,-0.089808
4.839000,-2.009411,-1.762723,-0.246688,-0.090332
4.840000,-1.997100,-1.750343,-0.246757,-0.090857
4.841000,-1.984785,-1.737958,-0.246827,-0.091386
4.842000,-1.972467,-1.725566,-0.246901,-0.091917
4.843000,-1.960146,-1.713170,-0.246976,-0.092450
4.844000,-1.947822,-1.700768,-0.247054,-0.092986
4.845000,-1.935495,-1.688360,-0.247134,-0.093525
4.846000,-1.923164,-1.675948,-0.247217,-0.094067
4.847000,-1.910831,-1.663529,-0.247302,-0.094610
4.848000,-1.898495,-1.651106,-0.247389,-0.095157
4.849000,-1.886155,-1.638676,-0.247479,-0.095706
4.850000,-1.873813,-1.626242,-0.247571,-0.096258
4.851000,-1.861468,-1.613802,-0.247666,-0.096812
4.852000,-1.849120,-1.601357,-0.247763,-0.097369
4.853000,-1.836769,-1.588906,-0.247862,-0.097928
4.854000,-1.824415,-1.576450,-0.247964,-0.098490
4.855000,-1.812058,-1.563989,-0.248068,-0.099055
4.856000,-1.799698,-1.551523,-0.248175,-0.099621
4.857000,-1.787335,-1.539051,-0.248284,-0.100191
4.858000,-1.774970,-1.526574,-0.248396,-0.100763
4.859000,-1.762602,-1.514091,-0.248510,-0.101337
4.860000,-1.750231,-1.501604,-0.248627,-0.101914
4.861000,-1.737857,-1.489111,-0.248746,-0.102493
4.862000,-1.725480,-1.476613,-0.248867,-0.103075
4.863000,-1.713101,-1.464110,-0.248991,-0.103660
4.864000,-1.700719,-1.451601,-0.249118,-0.104246
4.865000,-1.688334,-1.439087,-0.249247,-0.104836
4.866000,-1.675947,-1.426569,-0.249379,-0.105427
4.867000,-1.663557,-1.414045,-0.249513,-0.106021
4.868000,-1.651165,-1.401515,-0.249649,-0.106618
4.869000,-1.638769,-1.388981,-0.249788,-0.107217
4.870000,-1.626372,-1.376442,-0.249930,-0.107818
4.871000,-1.613971,-1.363897,-0.250074,-0.108422
4.872000,-1.601568,-1.351348,-0.250221,-0.109028
4.873000,-1.589163,-1.338793,-0.250370,-0.109637
4.874000,-1.576755,-1.326233,-0.250522,-0.110247
4.875000,-1.564345,-1.313669,-0.250676,-0.110861
4.876000,-1.551932,-1.301099,-0.250833,-0.111476
4.877000,-1.539516,-1.288524,-0.250992,-0.112094
4.878000,-1.527099,-1.275944,-0.251154,-0.112714
4.879000,-1.514678,-1.263359,-0.251319,-0.113337
4.880000,-1.502256,-1.250770,-0.251486,-0.113962
4.881000,-1.489831,-1.238175,-0.251656,-0.114589
4.882000,-1.477404,-1.225575,-0.251828,-0.115219
4.883000,-1.464974,-1.212971,-0.252003,-0.115850
4.884000,-1.452542,-1.200361,-0.252181,-0.116485
4.885000,-1.440108,-1.187747,-0.252361,-0.117121
4.886000,-1.427671,-1.175128,-0.252544,-0.117760
4.887000,-1.415233,-1.162503,-0.252729,-0.118401
4.888000,-1.402792,-1.149874,-0.252917,-0.119044
4.889000,-1.390348,-1.137240,-0.253108,-0.119689
4.890000,-1.377903,-1.124602,-0.253301,-0.120337
4.891000,-1.365455,-1.111958,-0.253497,-0.120987
4.892000,-1.353006,-1.099310,-0.253696,-0.121639
4.893000,-1.340554,-1.086657,-0.253897,-0.122293
4.894000,-1.328100,-1.073999,-0.254100,-0.122949
4.895000,-1.315644,-1.061337,-0.254307,-0.123608
4.896000,-1.303185,-1.048669,-0.254516,-0.124269
4.897000,-1.290725,-1.035997,-0.254728,-0.124932
4.898000,-1.278263,-1.023321,-0.254942,-0.125597
4.899000,-1.265799,-1.010639,-0.255159,-0.126264
4.900000,-1.253332,-0.997953,-0.255379,-0.126934
4.901000,-1.240864,-0.985262,-0.255602,-0.127605
4.902000,-1.228394,-0.972567,-0.255827,-0.128279
4.903000,-1.215922,-0.959867,-0.256055,-0.128955
4.904000,-1.203448,-0.947163,-0.256285,-0.129633
4.905000,-1.190972,-0.934453,-0.256518,-0.130313
4.906000,-1.178494,-0.921740,-0.256754,-0.130995
4.907000,-1.166014,-0.909021,-0.256993,-0.131679
4.908000,-1.153532,-0.896298,-0.257234,-0.132365
4.909000,-1.141049,-0.883571,-0.257478,-0.133054
4.910000,-1.128564,-0.870839,-0.257725,-0.133744
4.911000,-1.116077,-0.858103,-0.257974,-0.134436
4.912000,-1.103588,-0.845362,-0.258226,-0.135131
4.913000,-1.091098,-0.832617,-0.258481,-0.135827
4.914000,-1.078605,-0.819867,-0.258738,-0.136526
4.915000,-1.066112,-0.807113,-0.258999,-0.137226
4.916000,-1.053616,-0.794354,-0.259262,-0.137928
4.917000,-1.041119,-0.781591,-0.259527,-0.138633
4.918000,-1.028620,-0.768824,-0.259796,-0.139339
4.919000,-1.016119,-0.756052,-0.260067,-0.140047
4.920000,-1.003617,-0.743276,-0.260341,-0.140758
4.921000,-0.991113,-0.730496,-0.260618,-0.141470
4.922000,-0.978608,-0.717711,-0.260897,-0.142184
4.923000,-0.966101,-0.704922,-0.261179,-0.142900
4.924000,-0.953593,-0.692129,-0.261464,-0.143618
4.925000,-0.941083,-0.679331,-0.261752,-0.144338
4.926000,-0.928572,-0.666530,-0.262042,-0.145059
4.927000,-0.916059,-0.653724,-0.262335,-0.145783
4.928000,-0.903545,-0.640914,-0.262631,-0.146508
4.929000,-0.891029,-0.628099,-0.262930,-0.147236
4.930000,-0.878512,-0.615281,-0.263231,-0.147965
4.931000,-0.865993,-0.602458,-0.263535,-0.148696
4.932000,-0.853474,-0.589631,-0.263842,-0.149429
4.933000,-0.840952,-0.576800,-0.264152,-0.150163
4.934000,-0.828430,-0.563965,-0.264464,-0.150900
4.935000,-0.815906,-0.551126,-0.264780,-0.151638
4.936000,-0.803381,-0.538283,-0.265098,-0.152378
4.937000,-0.790855,-0.525436,-0.265419,-0.153120
4.938000,-0.778327,-0.512585,-0.265742,-0.153864
4.939000,-0.765798,-0.499730,-0.266068,-0.154609
4.940000,-0.753268,-0.486870,-0.266398,-0.155356
4.941000,-0.740737,-0.474007,-0.266730,-0.156105
4.942000,-0.728204,-0.461140,-0.267064,-0.156855
4.943000,-0.715671,-0.448269,-0.267402,-0.157608
4.944000,-0.703136,-0.435394,-0.267742,-0.158362
4.945000,-0.690600,-0.422515,-0.268085,-0.159117
4.946000,-0.678063,-0.409633,-0.268431,-0.159875
4.947000,-0.665525,-0.396746,-0.268779,-0.160633
4.948000,-0.652986,-0.383855,-0.269131,-0.161394
4.949000,-0.640446,-0.370961,-0.269485,-0.162156
4.950000,-0.627905,-0.358063,-0.269842,-0.162920
4.951000,-0.615363,-0.345161,-0.270202,-0.163686
4.952000,-0.602820,-0.332256,-0.270564,-0.164453
4.953000,-0.590276,-0.319346,-0.270930,-0.165222
4.954000,-0.577731,-0.306433,-0.271298,-0.165992
4.955000,-0.565185,-0.293516,-0.271669,-0.166764
4.956000,-0.552639,-0.280596,-0.272043,-0.167538
4.957000,-0.540091,-0.267672,-0.272419,-0.168313
4.958000,-0.527543,-0.254744,-0.272799,-0.169090
4.959000,-0.514993,-0.241812,-0.273181,-0.169868
4.960000,-0.502443,-0.228877,-0.273566,-0.170648
4.961000,-0.489892,-0.215939,-0.273954,-0.171429
4.962000,-0.477341,-0.202996,-0.274344,-0.172212
4.963000,-0.464788,-0.190051,-0.274738,-0.172996
4.964000,-0.452235,-0.177101,-0.275134,-0.173782
4.965000,-0.439681,-0.164149,-0.275533,-0.174569
4.966000,-0.427127,-0.151192,-0.275934,-0.175358
4.967000,-0.414571,-0.138232,-0.276339,-0.176148
4.968000,-0.402015,-0.125269,-0.276746,-0.176939
4.969000,-0.389459,-0.112302,-0.277157,-0.177732
4.970000,-0.376902,-0.099332,-0.277570,-0.178527
4.971000,-0.364344,-0.086359,-0.277985,-0.179323
4.972000,-0.351786,-0.073382,-0.278404,-0.180120
4.973000,-0.339227,-0.060402,-0.278825,-0.180919
4.974000,-0.326668,-0.047418,-0.279249,-0.181719
4.975000,-0.314108,-0.034431,-0.279676,-0.182520
4.976000,-0.301547,-0.021441,-0.280106,-0.183323
4.977000,-0.288986,-0.008448,-0.280539,-0.184127
4.978000,-0.276425,0.004549,-0.280974,-0.184932
4.979000,-0.263863,0.017549,-0.281412,-0.185739
4.980000,-0.251301,0.030552,-0.281853,-0.186547
4.981000,-0.238738,0.043559,-0.282297,-0.187356
4.982000,-0.226175,0.056568,-0.282744,-0.188167
4.983000,-0.213612,0.069581,-0.283193,-0.188979
4.984000,-0.201048,0.082597,-0.283645,-0.189792
4.985000,-0.188484,0.095616,-0.284100,-0.190607
4.986000,-0.175920,0.108638,-0.284558,-0.191422
4.987000,-0.163356,0.121663,-0.285018,-0.192239
4.988000,-0.150791,0.134691,-0.285482,-0.193057
4.989000,-0.138226,0.147722,-0.285948,-0.193877
4.990000,-0.125660,0.160756,-0.286417,-0.194697
4.991000,-0.113095,0.173793,-0.286888,-0.195519
4.992000,-0.100529,0.186833,-0.287363,-0.196342
4.993000,-0.087963,0.199876,-0.287840,-0.197166
4.994000,-0.075398,0.212922,-0.288320,-0.197991
4.995000,-0.062831,0.225971,-0.288803,-0.198818
4.996000,-0.050265,0.239023,-0.289288,-0.199645
4.997000,-0.037699,0.252078,-0.289777,-0.200474
4.998000,-0.025133,0.265135,-0.290268,-0.201304
4.999000,-0.012566,0.278195,-0.290762,-0.202134
5.000000,-0.000000,0.291258,-0.291258,-0.202966
5.001000,0.012566,0.304324,-0.291758,-0.203799
5.002000,0.025133,0.317393,-0.292260,-0.204633
5.003000,0.037699,0.330464,-0.292765,-0.205468
5.004000,0.050265,0.343538,-0.293273,-0.206305
5.005000,0.062831,0.356615,-0.293783,-0.207142
5.006000,0.075398,0.369694,-0.294297,-0.207980
5.007000,0.087963,0.382776,-0.294813,-0.208819
5.008000,0.100529,0.395861,-0.295331,-0.209659
5.009000,0.113095,0.408948,-0.295853,-0.210500
5.010000,0.125660,0.422038,-0.296377,-0.211342
5.011000,0.138226,0.435130,-0.296904,-0.212186
5.012000,0.150791,0.448225,-0.297434,-0.213030
5.013000,0.163356,0.461322,-0.297967,-0.213874
5.014000,0.175920,0.474422,-0.298502,-0.214720
5.015000,0.188484,0.487524,-0.299040,-0.215567
5.016000,0.201048,0.500629,-0.299581,-0.216415
5.017000,0.213612,0.513736,-0.300124,-0.217263
5.018000,0.226175,0.526846,-0.300670,-0.218113
5.019000,0.238738,0.539958,-0.301219,-0.218963
5.020000,0.251301,0.553072,-0.301771,-0.219814
5.021000,0.263863,0.566189,-0.302325,-0.220666
5.022000,0.276425,0.579308,-0.302883,-0.221519
5.023000,0.288986,0.592429,-0.303442,-0.222373
5.024000,0.301547,0.605552,-0.304005,-0.223227
5.025000,0.314108,0.618678,-0.304570,-0.224082
5.026000,0.326668,0.631806,-0.305138,-0.224938
5.027000,0.339227,0.644936,-0.305709,-0.225795
5.028000,0.351786,0.658068,-0.306282,-0.226653
5.029000,0.364344,0.671202,-0.306858,-0.227511
5.030000,0.376902,0.684339,-0.307437,-0.228370
5.031000,0.389459,0.697477,-0.308019,-0.229230
5.032000,0.402015,0.710618,-0.308603,-0.230090
5.033000,0.414571,0.723761,-0.309189,-0.230952
5.034000,0.427127,0.736906,-0.309779,-0.231813
5.035000,0.439681,0.750052,-0.310371,-0.232676
5.036000,0.452235,0.763201,-0.310966,-0.233539
5.037000,0.464788,0.776352,-0.311564,-0.234403
5.038000,0.477341,0.789504,-0.312164,-0.235268
5.039000,0.489892,0.802659,-0.312767,-0.236133
5.040000,0.502443,0.815815,-0.313372,-0.236998
5.041000,0.514993,0.828974,-0.313980,-0.237865
5.042000,0.527543,0.842134,-0.314591,-0.238732
5.043000,0.540091,0.855296,-0.315205,-0.239599
5.044000,0.552639,0.868459,-0.315821,-0.240467
5.045000,0.565185,0.881625,-0.316439,-0.241336
5.046000,0.577731,0.894792,-0.317061,-0.242205
5.047000,0.590276,0.907961,-0.317685,-0.243075
5.048000,0.602820,0.921132,-0.318311,-0.243945
5.049000,0.615363,0.934304,-0.318941,-0.244816
5.050000,0.627905,0.947478,-0.319573,-0.245687
5.051000,0.640446,0.960653,-0.320207,-0.246559
5.052000,0.652986,0.973830,-0.320844,-0.247431
5.053000,0.665525,0.987009,-0.321484,-0.248304
5.054000,0.678063,1.000190,-0.322126,-0.249177
5.055000,0.690600,1.013371,-0.322771,-0.250051
5.056000,0.703136,1.026555,-0.323419,-0.250925
5.057000,0.715671,1.039739,-0.324069,-0.251799
5.058000,0.728204,1.052926,-0.324721,-0.252674
5.059000,0.740737,1.066113,-0.325376,-0.253549
5.060000,0.753268,1.079302,-0.326034,-0.254425
5.061000,0.765798,1.092493,-0.326695,-0.255301
5.062000,0.778327,1.105685,-0.327358,-0.256177
5.063000,0.790855,1.118878,-0.328023,-0.257054
5.064000,0.803381,1.132072,-0.328691,-0.257931
5.065000,0.815906,1.145268,-0.329362,-0.258808
5.066000,0.828430,1.158465,-0.330035,-0.259686
5.067000,0.840952,1.171663,-0.330710,-0.260563
5.068000,0.853474,1.184862,-0.331389,-0.261442
5.069000,0.865993,1.198063,-0.332069,-0.262320
5.070000,0.878512,1.211264,-0.332752,-0.263199
5.071000,0.891029,1.224467,-0.333438,-0.264078
5.072000,0.903545,1.237671,-0.334126,-0.264957
5.073000,0.916059,1.250876,-0.334817,-0.265837
5.074000,0.928572,1.264082,-0.335510,-0.266716
5.075000,0.941083,1.277289,-0.336206,-0.267596
5.076000,0.953593,1.290497,-0.336904,-0.268476
5.077000,0.966101,1.303706,-0.337605,-0.269357
5.078000,0.978608,1.316916,-0.338308,-0.270237
5.079000,0.991113,1.330127,-0.339014,-0.271118
5.080000,1.003617,1.343339,-0.339722,-0.271998
5.081000,1.016119,1.356552,-0.340433,-0.272879
5.082000,1.028620,1.369765,-0.341146,-0.273760
5.083000,1.041119,1.382980,-0.341861,-0.274641
5.084000,1.053616,1.396195,-0.342579,-0.275522
5.085000,1.066112,1.409411,-0.343299,-0.276404
5.086000,1.078605,1.422627,-0.344022,-0.277285
5.087000,1.091098,1.435845,-0.344747,-0.278166
5.088000,1.103588,1.449063,-0.345475,-0.279048
5.089000,1.116077,1.462282,-0.346205,-0.279929
5.090000,1.128564,1.475501,-0.346937,-0.280811
5.091000,1.141049,1.488721,-0.347672,-0.281692
5.092000,1.153532,1.501942,-0.348409,-0.282574
5.093000,1.166014,1.515163,-0.349149,-0.283455
5.094000,1.178494,1.528385,-0.349891,-0.284337
5.095000,1.190972,1.541607,-0.350635,-0.285218
5.096000,1.203448,1.554829,-0.351382,-0.286100
5.097000,1.215922,1.568053,-0.352131,-0.286981
5.098000,1.228394,1.581276,-0.352882,-0.287862
5.099000,1.240864,1.594500,-0.353636,-0.288744
5.100000,1.253332,1.607724,-0.354392,-0.289625
5.101000,1.265799,1.620949,-0.355151,-0.290506
5.102000,1.278263,1.634174,-0.355911,-0.291387
5.103000,1.290725,1.647400,-0.356674,-0.292267
5.104000,1.303185,1.660625,-0.357440,-0.293148
5.105000,1.315644,1.673851,-0.358207,-0.294028
5.106000,1.328100,1.687077,-0.358977,-0.294909
5.107000,1.340554,1.700303,-0.359750,-0.295789
5.108000,1.353006,1.713530,-0.360524,-0.296669
5.109000,1.365455,1.726756,-0.361301,-0.297549
5.110000,1.377903,1.739983,-0.362080,-0.298428
5.111000,1.390348,1.753210,-0.362862,-0.299307
5.112000,1.402792,1.766437,-0.363645,-0.300187
5.113000,1.415233,1.779664,-0.364431,-0.301065
5.114000,1.427671,1.792890,-0.365219,-0.301944
5.115000,1.440108,1.806117,-0.366009,-0.302822
5.116000,1.452542,1.819344,-0.366802,-0.303700
5.117000,1.464974,1.832571,-0.367597,-0.304578
5.118000,1.477404,1.845797,-0.368394,-0.305456
5.119000,1.489831,1.859024,-0.369193,-0.306333
5.120000,1.502256,1.872250,-0.369994,-0.307210
5.121000,1.514678,1.885476,-0.370798,-0.308086
5.122000,1.527099,1.898702,-0.371604,-0.308962
5.123000,1.539516,1.911928,-0.372412,-0.309838
5.124000,1.551932,1.925153,-0.373222,-0.310713
5.125000,1.564345,1.938379,-0.374034,-0.311588
5.126000,1.576755,1.951603,-0.374848,-0.312463
5.127000,1.589163,1.964828,-0.375665,-0.313337
5.128000,1.601568,1.978052,-0.376484,-0.314211
5.129000,1.613971,1.991276,-0.377304,-0.315084
5.130000,1.626372,2.004499,-0.378127,-0.315957
5.131000,1.638769,2.017722,-0.378952,-0.316830
5.132000,1.651165,2.030944,-0.379779,-0.317702
5.133000,1.663557,2.044166,-0.380609,-0.318573
5.134000,1.675947,2.057387,-0.381440,-0.319444
5.135000,1.688334,2.070608,-0.382273,-0.320315
5.136000,1.700719,2.083828,-0.383109,-0.321185
5.137000,1.713101,2.097047,-0.383946,-0.322054
5.138000,1.725480,2.110266,-0.384786,-0.322923
5.139000,1.737857,2.123484,-0.385628,-0.323792
5.140000,1.750231,2.136702,-0.386471,-0.324660
5.141000,1.762602,2.149918,-0.387317,-0.325527
5.142000,1.774970,2.163134,-0.388165,-0.326394
5.143000,1.787335,2.176350,-0.389014,-0.327260
5.144000,1.799698,2.189564,-0.389866,-0.328126
5.145000,1.812058,2.202777,-0.390720,-0.328991
5.146000,1.824415,2.215990,-0.391575,-0.329855
5.147000,1.836769,2.229202,-0.392433,-0.330719
5.148000,1.849120,2.242412,-0.393293,-0.331582
5.149000,1.861468,2.255622,-0.394154,-0.332444
5.150000,1.873813,2.268831,-0.395018,-0.333306
5.151000,1.886155,2.282039,-0.395883,-0.334167
5.152000,1.898495,2.295246,-0.396751,-0.335027
5.153000,1.910831,2.308451,-0.397620,-0.335887
5.154000,1.923164,2.321656,-0.398492,-0.336746
5.155000,1.935495,2.334859,-0.399365,-0.337604
5.156000,1.947822,2.348062,-0.400240,-0.338462
5.157000,1.960146,2.361263,-0.401117,-0.339318
5.158000,1.972467,2.374463,-0.401996,-0.340174
5.159000,1.984785,2.387661,-0.402876,-0.341030
5.160000,1.997100,2.400859,-0.403759,-0.341884
5.161000,2.009411,2.414055,-0.404644,-0.342738
5.162000,2.021720,2.427250,-0.405530,-0.343590
5.163000,2.034025,2.440443,-0.406418,-0.344443
5.164000,2.046327,2.453635,-0.407308,-0.345294
5.165000,2.058626,2.466826,-0.408200,-0.346144
5.166000,2.070922,2.480015,-0.409093,-0.346994
5.167000,2.083214,2.493203,-0.409989,-0.347842
5.168000,2.095503,2.506389,-0.410886,-0.348690
5.169000,2.107789,2.519574,-0.411785,-0.349537
5.170000,2.120071,2.532757,-0.412686,-0.350383
5.171000,2.132350,2.545938,-0.413588,-0.351228
5.172000,2.144626,2.559118,-0.414492,-0.352073
5.173000,2.156898,2.572296,-0.415398,-0.352916
5.174000,2.169167,2.585473,-0.416306,-0.353758
5.175000,2.181432,2.598648,-0.417216,-0.354600
5.176000,2.193694,2.611821,-0.418127,-0.355440
5.177000,2.205953,2.624993,-0.419040,-0.356280
5.178000,2.218208,2.638162,-0.419954,-0.357118
5.179000,2.230460,2.651330,-0.420870,-0.357956
5.180000,2.242708,2.664496,-0.421788,-0.358793
5.181000,2.254952,2.677660,-0.422708,-0.359628
5.182000,2.267193,2.690822,-0.423629,-0.360463
5.183000,2.279430,2.703983,-0.424552,-0.361296
5.184000,2.291664,2.717141,-0.425477,-0.362129
5.185000,2.303894,2.730297,-0.426403,-0.362960
5.186000,2.316121,2.743452,-0.427331,-0.363791
5.187000,2.328344,2.756604,-0.428260,-0.364620
5.188000,2.340563,2.769754,-0.429191,-0.365448
5.189000,2.352778,2.782902,-0.430124,-0.366275
5.190000,2.364990,2.796048,-0.431058,-0.367101
5.191000,2.377198,2.809192,-0.431994,-0.367926
5.192000,2.389402,2.822333,-0.432931,-0.368750
5.193000,2.401603,2.835473,-0.433870,-0.369573
5.194000,2.413799,2.848610,-0.434810,-0.370394
5.195000,2.425992,2.861745,-0.435752,-0.371215
5.196000,2.438181,2.874877,-0.436696,-0.372034
5.197000,2.450367,2.888007,-0.437641,-0.372852
5.198000,2.462548,2.901135,-0.438587,-0.373669
5.199000,2.474725,2.914260,-0.439535,-0.374485
5.200000,2.486899,2.927383,-0.440484,-0.375299
5.201000,2.499068,2.940504,-0.441435,-0.376112
5.202000,2.511234,2.953622,-0.442388,-0.376924
5.203000,2.523396,2.966737,-0.443341,-0.377735
5.204000,2.535554,2.979850,-0.444297,-0.378545
5.205000,2.547707,2.992961,-0.445253,-0.379353
5.206000,2.559857,3.006068,-0.446211,-0.380160
5.207000,2.572003,3.019173,-0.447171,-0.380966
5.208000,2.584144,3.032276,-0.448132,-0.381770
5.209000,2.596282,3.045376,-0.449094,-0.382573
5.210000,2.608415,3.058473,-0.450058,-0.383375
5.211000,2.620544,3.071567,-0.451023,-0.384176
5.212000,2.632669,3.084659,-0.451989,-0.384975
5.213000,2.644790,3.097747,-0.452957,-0.385773
5.214000,2.656907,3.110833,-0.453926,-0.386569
5.215000,2.669020,3.123916,-0.454896,-0.387365
5.216000,2.681128,3.136996,-0.455868,-0.388158
5.217000,2.693232,3.150073,-0.456841,-0.388951
5.218000,2.705332,3.163147,-0.457815,-0.389742
5.219000,2.717428,3.176219,-0.458791,-0.390532
5.220000,2.729519,3.189287,-0.459767,-0.391320
5.221000,2.741606,3.202352,-0.460745,-0.392107
5.222000,2.753689,3.215414,-0.461725,-0.392892
5.223000,2.765767,3.228473,-0.462705,-0.393676
5.224000,2.777841,3.241529,-0.463687,-0.394459
5.225000,2.789911,3.254581,-0.464670,-0.395240
5.226000,2.801976,3.267631,-0.465654,-0.396019
5.227000,2.814037,3.280677,-0.466640,-0.396797
5.228000,2.826093,3.293720,-0.467626,-0.397574
5.229000,2.838145,3.306759,-0.468614,-0.398349
5.230000,2.850193,3.319796,-0.469603,-0.399123
5.231000,2.862236,3.332829,-0.470593,-0.399895
5.232000,2.874274,3.345858,-0.471584,-0.400666
5.233000,2.886308,3.358884,-0.472577,-0.401435
5.234000,2.898337,3.371907,-0.473570,-0.402202
5.235000,2.910362,3.384926,-0.474565,-0.402968
5.236000,2.922382,3.397942,-0.475560,-0.403733
5.237000,2.934397,3.410954,-0.476557,-0.404496
5.238000,2.946408,3.423963,-0.477555,-0.405257
5.239000,2.958414,3.436968,-0.478554,-0.406017
5.240000,2.970416,3.449969,-0.479553,-0.406775
5.241000,2.982413,3.462967,-0.480554,-0.407531
5.242000,2.994405,3.475961,-0.481556,-0.408286
5.243000,3.006392,3.488952,-0.482559,-0.409040
5.244000,3.018375,3.501938,-0.483563,-0.409791
5.245000,3.030353,3.514921,-0.484568,-0.410541
5.246000,3.042326,3.527900,-0.485574,-0.411290
5.247000,3.054294,3.540876,-0.486581,-0.412036
5.248000,3.066258,3.553847,-0.487589,-0.412781
5.249000,3.078216,3.566814,-0.488598,-0.413525
5.250000,3.090170,3.579778,-0.489608,-0.414266
5.251000,3.102119,3.592738,-0.490619,-0.415006
5.252000,3.114063,3.605693,-0.491630,-0.415744
5.253000,3.126002,3.618645,-0.492643,-0.416481
5.254000,3.137936,3.631592,-0.493656,-0.417216
5.255000,3.149865,3.644536,-0.494671,-0.417949
5.256000,3.161789,3.657475,-0.495686,-0.418680
5.257000,3.173709,3.670411,-0.496702,-0.419410
5.258000,3.185623,3.683342,-0.497719,-0.420138
5.259000,3.197532,3.696269,-0.498737,-0.420864
5.260000,3.209436,3.709191,-0.499755,-0.421588
5.261000,3.221335,3.722110,-0.500775,-0.422311
5.262000,3.233229,3.735024,-0.501795,-0.423031
5.263000,3.245118,3.747934,-0.502816,-0.423750
5.264000,3.257002,3.760839,-0.503838,-0.424467
5.265000,3.268880,3.773741,-0.504860,-0.425183
5.266000,3.280754,3.786637,-0.505883,-0.425896
5.267000,3.292622,3.799530,-0.506908,-0.426608
5.268000,3.304485,3.812417,-0.507932,-0.427318
5.269000,3.316343,3.825301,-0.508958,-0.428026
5.270000,3.328195,3.838179,-0.509984,-0.428732
5.271000,3.340043,3.851054,-0.511011,-0.429436
5.272000,3.351885,3.863923,-0.512038,-0.430138
5.273000,3.363722,3.876788,-0.513067,-0.430839
5.274000,3.375553,3.889649,-0.514096,-0.431537
5.275000,3.387379,3.902504,-0.515125,-0.432234
5.276000,3.399200,3.915355,-0.516155,-0.432928
5.277000,3.411015,3.928202,-0.517186,-0.433621
5.278000,3.422825,3.941043,-0.518218,-0.434312
5.279000,3.434630,3.953880,-0.519250,-0.435001
5.280000,3.446429,3.966712,-0.520282,-0.435688
5.281000,3.458223,3.979539,-0.521316,-0.436373
5.282000,3.470011,3.992361,-0.522350,-0.437056
5.283000,3.481794,4.005178,-0.523384,-0.437737
5.284000,3.493571,4.017990,-0.524419,-0.438417
5.285000,3.505343,4.030797,-0.525454,-0.439094
5.286000,3.517109,4.043600,-0.526490,-0.439769
5.287000,3.528870,4.056397,-0.527527,-0.440442
5.288000,3.540625,4.069189,-0.528564,-0.441113
5.289000,3.552375,4.081976,-0.529601,-0.441782
5.290000,3.564119,4.094758,-0.530639,-0.442450
5.291000,3.575857,4.107535,-0.531677,-0.443115
5.292000,3.587590,4.120306,-0.532716,-0.443778
5.293000,3.599317,4.133072,-0.533756,-0.444439
5.294000,3.611038,4.145833,-0.534795,-0.445098
5.295000,3.622754,4.158589,-0.535836,-0.445755
5.296000,3.634464,4.171340,-0.536876,-0.446409
5.297000,3.646168,4.184085,-0.537917,-0.447062
5.298000,3.657866,4.196824,-0.538958,-0.447713
5.299000,3.669559,4.209559,-0.540000,-0.448362
5.300000,3.681246,4.222288,-0.541042,-0.449008
5.301000,3.692927,4.235011,-0.542084,-0.449652
5.302000,3.704602,4.247729,-0.543127,-0.450295
5.303000,3.716271,4.260441,-0.544170,-0.450935
5.304000,3.727934,4.273148,-0.545214,-0.451573
5.305000,3.739592,4.285849,-0.546257,-0.452209
5.306000,3.751244,4.298545,-0.547301,-0.452842
5.307000,3.762889,4.311235,-0.548345,-0.453474
5.308000,3.774529,4.323919,-0.549390,-0.454103
5.309000,3.786163,4.336598,-0.550435,-0.454731
5.310000,3.797791,4.349270,-0.551480,-0.455356
5.311000,3.809413,4.361938,-0.552525,-0.455979
5.312000,3.821029,4.374599,-0.553570,-0.456599
5.313000,3.832638,4.387254,-0.554616,-0.457218
5.314000,3.844242,4.399904,-0.555661,-0.457834
5.315000,3.855840,4.412547,-0.556707,-0.458448
5.316000,3.867432,4.425185,-0.557754,-0.459060
5.317000,3.879017,4.437817,-0.558800,-0.459670
5.318000,3.890596,4.450443,-0.559846,-0.460278
5.319000,3.902170,4.463062,-0.560893,-0.460883
5.320000,3.913737,4.475676,-0.561939,-0.461486
5.321000,3.925298,4.488284,-0.562986,-0.462087
5.322000,3.936852,4.500885,-0.564033,-0.462685
5.323000,3.948401,4.513481,-0.565080,-0.463281
5.324000,3.959943,4.526070,-0.566127,-0.463875
5.325000,3.971479,4.538653,-0.567174,-0.464467
5.326000,3.983009,4.551230,-0.568221,-0.465056
5.327000,3.994532,4.563800,-0.569268,-0.465643
5.328000,4.006049,4.576365,-0.570316,-0.466228
5.329000,4.017560,4.588923,-0.571363,-0.466811
5.330000,4.029064,4.601474,-0.572410,-0.467391
5.331000,4.040562,4.614020,-0.573457,-0.467969
5.332000,4.052054,4.626558,-0.574504,-0.468545
5.333000,4.063539,4.639091,-0.575551,-0.469118
5.334000,4.075018,4.651617,-0.576598,-0.469689
5.335000,4.086491,4.664136,-0.577645,-0.470257
5.336000,4.097957,4.676649,-0.578692,-0.470824
5.337000,4.109416,4.689155,-0.579739,-0.471387
5.338000,4.120869,4.701655,-0.580786,-0.471949
5.339000,4.132316,4.714148,-0.581833,-0.472508
5.340000,4.143756,4.726635,-0.582879,-0.473065
5.341000,4.155189,4.739115,-0.583925,-0.473619
5.342000,4.166616,4.751588,-0.584972,-0.474171
5.343000,4.178036,4.764054,-0.586018,-0.474721
5.344000,4.189450,4.776514,-0.587063,-0.475268
5.345000,4.200857,4.788966,-0.588109,-0.475813
5.346000,4.212258,4.801412,-0.589155,-0.476356
5.347000,4.223652,4.813852,-0.590200,-0.476896
5.348000,4.235039,4.826284,-0.591245,-0.477433
5.349000,4.246419,4.838709,-0.592290,-0.477969
5.350000,4.257793,4.851127,-0.593334,-0.478501
5.351000,4.269160,4.863539,-0.594379,-0.479032
5.352000,4.280520,4.875943,-0.595423,-0.479560
5.353000,4.291874,4.888340,-0.596467,-0.480085
5.354000,4.303221,4.900731,-0.597510,-0.480608
5.355000,4.314560,4.913114,-0.598553,-0.481129
5.356000,4.325894,4.925490,-0.599596,-0.481647
5.357000,4.337220,4.937859,-0.600639,-0.482162
5.358000,4.348539,4.950220,-0.601681,-0.482676
5.359000,4.359852,4.962575,-0.602723,-0.483186
5.360000,4.371158,4.974922,-0.603764,-0.483694
5.361000,4.382456,4.987262,-0.604805,-0.484200
5.362000,4.393748,4.999594,-0.605846,-0.484703
5.363000,4.405033,5.011920,-0.606886,-0.485204
5.364000,4.416311,5.024238,-0.607926,-0.485702
5.365000,4.427582,5.036548,-0.608966,-0.486198
5.366000,4.438846,5.048851,-0.610005,-0.486691
5.367000,4.450103,5.061147,-0.611043,-0.487182
5.368000,4.461353,5.073435,-0.612082,-0.487670
5.369000,4.472596,5.085716,-0.613119,-0.488156
5.370000,4.483832,5.097989,-0.614156,-0.488639
5.371000,4.495061,5.110254,-0.615193,-0.489119
5.372000,4.506283,5.122512,-0.616229,-0.489597
5.373000,4.517497,5.134762,-0.617265,-0.490073
5.374000,4.528705,5.147005,-0.618300,-0.490546
5.375000,4.539905,5.159240,-0.619335,-0.491016
5.376000,4.551098,5.171467,-0.620369,-0.491484
5.377000,4.562284,5.183686,-0.621402,-0.491949
5.378000,4.573463,5.195898,-0.622435,-0.492411
5.379000,4.584634,5.208102,-0.623467,-0.492872
5.380000,4.595799,5.220298,-0.624499,-0.493329
5.381000,4.606956,5.232486,-0.625530,-0.493784
5.382000,4.618105,5.244666,-0.626560,-0.494236
5.383000,4.629248,5.256838,-0.627590,-0.494686
5.384000,4.640383,5.269002,-0.628619,-0.495133
5.385000,4.651511,5.281159,-0.629648,-0.495577
5.386000,4.662631,5.293307,-0.630676,-0.496019
5.387000,4.673744,5.305447,-0.631703,-0.496459
5.388000,4.684850,5.317579,-0.632729,-0.496895
5.389000,4.695948,5.329703,-0.633755,-0.497329
5.390000,4.707039,5.341819,-0.634780,-0.497761
5.391000,4.718123,5.353927,-0.635804,-0.498189
5.392000,4.729199,5.366026,-0.636828,-0.498615
5.393000,4.740267,5.378118,-0.637850,-0.499039
5.394000,4.751328,5.390201,-0.638872,-0.499460
5.395000,4.762382,5.402275,-0.639893,-0.499878
5.396000,4.773428,5.414342,-0.640914,-0.500294
5.397000,4.784467,5.426400,-0.641933,-0.500706
5.398000,4.795498,5.438450,-0.642952,-0.501117
5.399000,4.806521,5.450491,-0.643970,-0.501524
5.400000,4.817537,5.462524,-0.644987,-0.501929
5.401000,4.828545,5.474548,-0.646003,-0.502331
5.402000,4.839545,5.486564,-0.647019,-0.502731
5.403000,4.850538,5.498572,-0.648033,-0.503128
5.404000,4.861524,5.510571,-0.649047,-0.503522
5.405000,4.872501,5.522561,-0.650060,-0.503913
5.406000,4.883471,5.534543,-0.651072,-0.504302
5.407000,4.894433,5.546516,-0.652082,-0.504688
5.408000,4.905388,5.558480,-0.653092,-0.505072
5.409000,4.916334,5.570436,-0.654101,-0.505452
5.410000,4.927273,5.582383,-0.655109,-0.505830
5.411000,4.938205,5.594321,-0.656116,-0.506206
5.412000,4.949128,5.606251,-0.657123,-0.506578
5.413000,4.960043,5.618171,-0.658128,-0.506948
5.414000,4.970951,5.630083,-0.659132,-0.507315
5.415000,4.981851,5.641986,-0.660135,-0.507680
5.416000,4.992743,5.653880,-0.661137,-0.508042
5.417000,5.003627,5.665765,-0.662138,-0.508401
5.418000,5.014503,5.677641,-0.663138,-0.508757
5.419000,5.025372,5.689509,-0.664137,-0.509110
5.420000,5.036232,5.701367,-0.665135,-0.509461
5.421000,5.047084,5.713216,-0.666131,-0.509809
5.422000,5.057929,5.725056,-0.667127,-0.510155
5.423000,5.068765,5.736887,-0.668122,-0.510497
5.424000,5.079594,5.748709,-0.669115,-0.510837
5.425000,5.090414,5.760522,-0.670107,-0.511174
5.426000,5.101227,5.772325,-0.671099,-0.511508
5.427000,5.112031,5.784119,-0.672089,-0.511840
5.428000,5.122827,5.795904,-0.673077,-0.512169
5.429000,5.133615,5.807680,-0.674065,-0.512495
5.430000,5.144395,5.819447,-0.675052,-0.512818
5.431000,5.155167,5.831204,-0.676037,-0.513139
5.432000,5.165931,5.842952,-0.677021,-0.513456
5.433000,5.176687,5.854690,-0.678004,-0.513771
5.434000,5.187434,5.866419,-0.678985,-0.514083
5.435000,5.198173,5.878139,-0.679966,-0.514393
5.436000,5.208904,5.889849,-0.680945,-0.514699
5.437000,5.219627,5.901550,-0.681923,-0.515003
5.438000,5.230342,5.913241,-0.682899,-0.515304
5.439000,5.241048,5.924923,-0.683875,-0.515603
5.440000,5.251746,5.936595,-0.684848,-0.515898
5.441000,5.262436,5.948257,-0.685821,-0.516191
5.442000,5.273118,5.959910,-0.686793,-0.516481
5.443000,5.283791,5.971553,-0.687763,-0.516768
5.444000,5.294455,5.983187,-0.688731,-0.517052
5.445000,5.305112,5.994810,-0.689698,-0.517333
5.446000,5.315760,6.006424,-0.690664,-0.517612
5.447000,5.326400,6.018029,-0.691629,-0.517888
5.448000,5.337031,6.029623,-0.692592,-0.518161
5.449000,5.347654,6.041208,-0.693554,-0.518431
5.450000,5.358268,6.052782,-0.694514,-0.518699
5.451000,5.368874,6.064347,-0.695473,-0.518963
5.452000,5.379471,6.075902,-0.696431,-0.519225
5.453000,5.390060,6.087447,-0.697387,-0.519484
5.454000,5.400641,6.098982,-0.698341,-0.519740
5.455000,5.411213,6.110507,-0.699295,-0.519994
5.456000,5.421776,6.122022,-0.700246,-0.520244
5.457000,5.432331,6.133527,-0.701197,-0.520492
5.458000,5.442877,6.145022,-0.702145,-0.520737
5.459000,5.453414,6.156507,-0.703092,-0.520979
5.460000,5.463943,6.167981,-0.704038,-0.521218
5.461000,5.474464,6.179446,-0.704982,-0.521455
5.462000,5.484976,6.190900,-0.705925,-0.521688
5.463000,5.495479,6.202344,-0.706866,-0.521919
5.464000,5.505973,6.213778,-0.707805,-0.522147
5.465000,5.516459,6.225202,-0.708743,-0.522372
5.466000,5.526936,6.236615,-0.709679,-0.522594
5.467000,5.537404,6.248018,-0.710614,-0.522813
5.468000,5.547863,6.259411,-0.711547,-0.523030
5.469000,5.558314,6.270793,-0.712479,-0.523244
5.470000,5.568756,6.282165,-0.713409,-0.523454
5.471000,5.579189,6.293526,-0.714337,-0.523662
5.472000,5.589614,6.304877,-0.715263,-0.523868
5.473000,5.600029,6.316218,-0.716188,-0.524070
5.474000,5.610436,6.327548,-0.717112,-0.524269
5.475000,5.620834,6.338867,-0.718033,-0.524466
5.476000,5.631223,6.350176,-0.718953,-0.524660
5.477000,5.641603,6.361474,-0.719871,-0.524851
5.478000,5.651974,6.372762,-0.720788,-0.525039
5.479000,5.662336,6.384039,-0.721702,-0.525224
5.480000,5.672689,6.395305,-0.722615,-0.525406
5.481000,5.683034,6.406561,-0.723527,-0.525586
5.482000,5.693369,6.417805,-0.724436,-0.525763
5.483000,5.703696,6.429040,-0.725344,-0.525936
5.484000,5.714013,6.440263,-0.726250,-0.526107
5.485000,5.724321,6.451475,-0.727154,-0.526275
5.486000,5.734621,6.462677,-0.728057,-0.526441
5.487000,5.744911,6.473868,-0.728957,-0.526603
5.488000,5.755192,6.485048,-0.729856,-0.526762
5.489000,5.765464,6.496217,-0.730753,-0.526919
5.490000,5.775727,6.507375,-0.731648,-0.527073
5.491000,5.785981,6.518522,-0.732541,-0.527224
5.492000,5.796226,6.529658,-0.733433,-0.527372
5.493000,5.806461,6.540784,-0.734322,-0.527517
5.494000,5.816688,6.551898,-0.735210,-0.527659
5.495000,5.826905,6.563001,-0.736096,-0.527799
5.496000,5.837113,6.574093,-0.736980,-0.527936
5.497000,5.847312,6.585173,-0.737862,-0.528069
5.498000,5.857501,6.596243,-0.738742,-0.528200
5.499000,5.867681,6.607302,-0.739620,-0.528328
5.500000,5.877853,6.618349,-0.740496,-0.528453
5.501000,5.888014,6.629385,-0.741371,-0.528576
5.502000,5.898167,6.640410,-0.742243,-0.528695
5.503000,5.908310,6.651423,-0.743113,-0.528812
5.504000,5.918444,6.662425,-0.743982,-0.528926
5.505000,5.928568,6.673416,-0.744848,-0.529036
5.506000,5.938683,6.684396,-0.745713,-0.529144
5.507000,5.948789,6.695364,-0.746575,-0.529250
5.508000,5.958885,6.706321,-0.747435,-0.529352
5.509000,5.968972,6.717266,-0.748294,-0.529451
5.510000,5.979050,6.728200,-0.749150,-0.529548
5.511000,5.989118,6.739122,-0.750004,-0.529642
5.512000,5.999177,6.750033,-0.750857,-0.529732
5.513000,6.009226,6.760932,-0.751707,-0.529820
5.514000,6.019265,6.771820,-0.752555,-0.529905
5.515000,6.029295,6.782696,-0.753401,-0.529988
5.516000,6.039316,6.793561,-0.754245,-0.530067
5.517000,6.049327,6.804414,-0.755087,-0.530144
5.518000,6.059329,6.815255,-0.755926,-0.530217
5.519000,6.069321,6.826085,-0.756764,-0.530288
5.520000,6.079303,6.836903,-0.757600,-0.530356
5.521000,6.089276,6.847709,-0.758433,-0.530421
5.522000,6.099239,6.858503,-0.759264,-0.530484
5.523000,6.109192,6.869286,-0.760093,-0.530543
5.524000,6.119136,6.880056,-0.760920,-0.530600
5.525000,6.129071,6.890815,-0.761745,-0.530653
5.526000,6.138995,6.901562,-0.762567,-0.530704
5.527000,6.148910,6.912298,-0.763388,-0.530752
5.528000,6.158815,6.923021,-0.764206,-0.530797
5.529000,6.168710,6.933732,-0.765022,-0.530840
5.530000,6.178596,6.944432,-0.765835,-0.530879
5.531000,6.188472,6.955119,-0.766647,-0.530916
5.532000,6.198338,6.965794,-0.767456,-0.530949
5.533000,6.208195,6.976458,-0.768263,-0.530980
5.534000,6.218041,6.987109,-0.769068,-0.531008
5.535000,6.227878,6.997748,-0.769870,-0.531034
5.536000,6.237705,7.008375,-0.770670,-0.531056
5.537000,6.247522,7.018990,-0.771468,-0.531076
5.538000,6.257329,7.029593,-0.772264,-0.531092
5.539000,6.267126,7.040184,-0.773057,-0.531106
5.540000,6.276914,7.050762,-0.773848,-0.531117
5.541000,6.286691,7.061328,-0.774637,-0.531125
5.542000,6.296459,7.071882,-0.775423,-0.531131
5.543000,6.306216,7.082424,-0.776207,-0.531133
5.544000,6.315964,7.092953,-0.776989,-0.531133
5.545000,6.325702,7.103470,-0.777768,-0.531130
5.546000,6.335429,7.113975,-0.778545,-0.531124
5.547000,6.345147,7.124467,-0.779320,-0.531115
5.548000,6.354855,7.134947,-0.780092,-0.531104
5.549000,6.364552,7.145414,-0.780862,-0.531089
5.550000,6.374240,7.155869,-0.781630,-0.531072
5.551000,6.383917,7.166312,-0.782395,-0.531052
5.552000,6.393585,7.176742,-0.783157,-0.531029
5.553000,6.403242,7.187160,-0.783917,-0.531003
5.554000,6.412889,7.197565,-0.784675,-0.530975
5.555000,6.422527,7.207957,-0.785431,-0.530944
5.556000,6.432153,7.218337,-0.786183,-0.530909
5.557000,6.441770,7.228704,-0.786934,-0.530873
5.558000,6.451377,7.239059,-0.787682,-0.530833
5.559000,6.460973,7.249401,-0.788427,-0.530790
5.560000,6.470560,7.259730,-0.789170,-0.530745
5.561000,6.480136,7.270047,-0.789911,-0.530697
5.562000,6.489701,7.280350,-0.790649,-0.530646
5.563000,6.499257,7.290641,-0.791384,-0.530592
5.564000,6.508802,7.300920,-0.792117,-0.530536
5.565000,6.518337,7.311185,-0.792848,-0.530476
5.566000,6.527862,7.321438,-0.793576,-0.530414
5.567000,6.537376,7.331678,-0.794301,-0.530349
5.568000,6.546880,7.341905,-0.795024,-0.530282
5.569000,6.556374,7.352119,-0.795745,-0.530211
5.570000,6.565858,7.362320,-0.796462,-0.530138
5.571000,6.575331,7.372508,-0.797178,-0.530062
5.572000,6.584793,7.382684,-0.797890,-0.529983
5.573000,6.594245,7.392846,-0.798600,-0.529901
5.574000,6.603687,7.402995,-0.799308,-0.529817
5.575000,6.613119,7.413131,-0.800013,-0.529730
5.576000,6.622540,7.423255,-0.800715,-0.529640
5.577000,6.631950,7.433365,-0.801415,-0.529547
5.578000,6.641350,7.443462,-0.802112,-0.529452
5.579000,6.650740,7.453546,-0.802806,-0.529354
5.580000,6.660119,7.463617,-0.803498,-0.529253
5.581000,6.669487,7.473674,-0.804187,-0.529149
5.582000,6.678845,7.483719,-0.804874,-0.529043
5.583000,6.688193,7.493750,-0.805557,-0.528934
5.584000,6.697529,7.503768,-0.806239,-0.528822
5.585000,6.706856,7.513773,-0.806917,-0.528707
5.586000,6.716171,7.523764,-0.807593,-0.528590
5.587000,6.725477,7.533743,-0.808266,-0.528470
5.588000,6.734771,7.543707,-0.808936,-0.528347
5.589000,6.744055,7.553659,-0.809604,-0.528221
5.590000,6.753328,7.563597,-0.810269,-0.528093
5.591000,6.762591,7.573522,-0.810931,-0.527962
5.592000,6.771842,7.583433,-0.811591,-0.527828
5.593000,6.781084,7.593331,-0.812248,-0.527692
5.594000,6.790314,7.603216,-0.812902,-0.527553
5.595000,6.799534,7.613087,-0.813553,-0.527411
5.596000,6.808743,7.622945,-0.814202,-0.527266
5.597000,6.817941,7.632789,-0.814848,-0.527119
5.598000,6.827128,7.642619,-0.815491,-0.526969
5.599000,6.836305,7.652436,-0.816131,-0.526816
5.600000,6.845471,7.662240,-0.816769,-0.526661
5.601000,6.854626,7.672030,-0.817403,-0.526503
5.602000,6.863770,7.681806,-0.818035,-0.526342
5.603000,6.872904,7.691568,-0.818665,-0.526179
5.604000,6.882026,7.701317,-0.819291,-0.526012
5.605000,6.891138,7.711053,-0.819914,-0.525844
5.606000,6.900239,7.720774,-0.820535,-0.525672
5.607000,6.909329,7.730482,-0.821153,-0.525498
5.608000,6.918408,7.740176,-0.821768,-0.525321
5.609000,6.927476,7.749856,-0.822380,-0.525142
5.610000,6.936533,7.759523,-0.822990,-0.524960
5.611000,6.945579,7.769176,-0.823596,-0.524775
5.612000,6.954614,7.778814,-0.824200,-0.524587
5.613000,6.963639,7.788439,-0.824801,-0.524397
5.614000,6.972652,7.798051,-0.825399,-0.524205
5.615000,6.981654,7.807648,-0.825994,-0.524009
5.616000,6.990645,7.817231,-0.826586,-0.523811
5.617000,6.999626,7.826801,-0.827175,-0.523610
5.618000,7.008595,7.836356,-0.827762,-0.523407
5.619000,7.017553,7.845898,-0.828345,-0.523201
5.620000,7.026500,7.855425,-0.828926,-0.522993
5.621000,7.035436,7.864939,-0.829503,-0.522782
5.622000,7.044360,7.874438,-0.830078,-0.522568
5.623000,7.053274,7.883924,-0.830650,-0.522351
5.624000,7.062176,7.893395,-0.831219,-0.522132
5.625000,7.071068,7.902852,-0.831785,-0.521911
5.626000,7.079948,7.912296,-0.832348,-0.521687
5.627000,7.088817,7.921725,-0.832908,-0.521460
5.628000,7.097675,7.931140,-0.833465,-0.521231
5.629000,7.106521,7.940540,-0.834019,-0.520999
5.630000,7.115357,7.949927,-0.834570,-0.520764
5.631000,7.124181,7.959299,-0.835118,-0.520527
5.632000,7.132994,7.968657,-0.835663,-0.520287
5.633000,7.141795,7.978001,-0.836206,-0.520045
5.634000,7.150586,7.987331,-0.836745,-0.519800
5.635000,7.159365,7.996646,-0.837281,-0.519553
5.636000,7.168133,8.005947,-0.837814,-0.519303
5.637000,7.176889,8.015234,-0.838345,-0.519050
5.638000,7.185634,8.024506,-0.838872,-0.518795
5.639000,7.194368,8.033764,-0.839396,-0.518538
5.640000,7.203090,8.043007,-0.839917,-0.518278
5.641000,7.211801,8.052237,-0.840435,-0.518015
5.642000,7.220501,8.061451,-0.840950,-0.517750
5.643000,7.229189,8.070652,-0.841462,-0.517482
5.644000,7.237866,8.079837,-0.841971,-0.517212
5.645000,7.246531,8.089009,-0.842477,-0.516939
5.646000,7.255185,8.098166,-0.842980,-0.516664
5.647000,7.263828,8.107308,-0.843480,-0.516386
5.648000,7.272459,8.116436,-0.843977,-0.516106
5.649000,7.281078,8.125549,-0.844471,-0.515823
5.650000,7.289686,8.134648,-0.844961,-0.515538
5.651000,7.298283,8.143732,-0.845449,-0.515250
5.652000,7.306868,8.152801,-0.845933,-0.514960
5.653000,7.315441,8.161856,-0.846415,-0.514667
5.654000,7.324003,8.170896,-0.846893,-0.514372
5.655000,7.332553,8.179922,-0.847368,-0.514075
5.656000,7.341092,8.188933,-0.847840,-0.513774
5.657000,7.349619,8.197929,-0.848309,-0.513472
5.658000,7.358135,8.206910,-0.848775,-0.513167
5.659000,7.366639,8.215877,-0.849238,-0.512859
5.660000,7.375131,8.224829,-0.849698,-0.512550
5.661000,7.383612,8.233766,-0.850154,-0.512237
5.662000,7.392081,8.242688,-0.850607,-0.511922
5.663000,7.400538,8.251596,-0.851058,-0.511605
5.664000,7.408984,8.260489,-0.851505,-0.511286
5.665000,7.417418,8.269366,-0.851949,-0.510964
5.666000,7.425840,8.278229,-0.852389,-0.510639
5.667000,7.434250,8.287078,-0.852827,-0.510312
5.668000,7.442649,8.295911,-0.853262,-0.509983
5.669000,7.451036,8.304729,-0.853693,-0.509651
5.670000,7.459411,8.313532,-0.854121,-0.509317
5.671000,7.467775,8.322321,-0.854546,-0.508981
5.672000,7.476127,8.331094,-0.854968,-0.508642
5.673000,7.484466,8.339853,-0.855386,-0.508301
5.674000,7.492794,8.348596,-0.855802,-0.507957
5.675000,7.501111,8.357325,-0.856214,-0.507611
5.676000,7.509415,8.366038,-0.856623,-0.507263
5.677000,7.517708,8.374737,-0.857029,-0.506912
5.678000,7.525988,8.383420,-0.857432,-0.506559
5.679000,7.534257,8.392088,-0.857831,-0.506204
5.680000,7.542514,8.400741,-0.858227,-0.505846
5.681000,7.550759,8.409379,-0.858620,-0.505486
5.682000,7.558992,8.418002,-0.859010,-0.505124
5.683000,7.567213,8.426610,-0.859397,-0.504759
5.684000,7.575422,8.435202,-0.859780,-0.504392
5.685000,7.583619,8.443779,-0.860160,-0.504023
5.686000,7.591804,8.452342,-0.860537,-0.503651
5.687000,7.599978,8.460888,-0.860911,-0.503277
5.688000,7.608139,8.469420,-0.861281,-0.502901
5.689000,7.616288,8.477936,-0.861649,-0.502522
5.690000,7.624425,8.486438,-0.862012,-0.502142
5.691000,7.632550,8.494923,-0.862373,-0.501758
5.692000,7.640663,8.503394,-0.862731,-0.501373
5.693000,7.648764,8.511849,-0.863085,-0.500985
5.694000,7.656853,8.520289,-0.863436,-0.500596
5.695000,7.664930,8.528713,-0.863783,-0.500203
5.696000,7.672995,8.537123,-0.864128,-0.499809
5.697000,7.681047,8.545516,-0.864469,-0.499412
5.698000,7.689088,8.553895,-0.864807,-0.499014
5.699000,7.697116,8.562258,-0.865141,-0.498612
5.700000,7.705132,8.570605,-0.865473,-0.498209
5.701000,7.713136,8.578937,-0.865801,-0.497804
5.702000,7.721128,8.587254,-0.866126,-0.497396
5.703000,7.729108,8.595555,-0.866447,-0.496986
5.704000,7.737075,8.603841,-0.866765,-0.496574
5.705000,7.745031,8.612111,-0.867080,-0.496159
5.706000,7.752974,8.620365,-0.867392,-0.495743
5.707000,7.760904,8.628604,-0.867700,-0.495324
5.708000,7.768823,8.636828,-0.868005,-0.494903
5.709000,7.776729,8.645036,-0.868307,-0.494480
5.710000,7.784623,8.653228,-0.868605,-0.494055
5.711000,7.792505,8.661405,-0.868900,-0.493627
5.712000,7.800374,8.669566,-0.869192,-0.493198
5.713000,7.808231,8.677711,-0.869480,-0.492766
5.714000,7.816076,8.685841,-0.869765,-0.492332
5.715000,7.823908,8.693955,-0.870047,-0.491896
5.716000,7.831728,8.702054,-0.870326,-0.491458
5.717000,7.839536,8.710137,-0.870601,-0.491018
5.718000,7.847331,8.718204,-0.870873,-0.490575
5.719000,7.855114,8.726255,-0.871141,-0.490131
5.720000,7.862884,8.734291,-0.871406,-0.489684
5.721000,7.870642,8.742311,-0.871668,-0.489236
5.722000,7.878388,8.750315,-0.871927,-0.488785
5.723000,7.886121,8.758303,-0.872182,-0.488332
5.724000,7.893842,8.766276,-0.872434,-0.487877
5.725000,7.901550,8.774232,-0.872682,-0.487420
5.726000,7.909246,8.782173,-0.872927,-0.486961
5.727000,7.916929,8.790098,-0.873169,-0.486500
5.728000,7.924600,8.798008,-0.873408,-0.486037
5.729000,7.932258,8.805901,-0.873643,-0.485571
5.730000,7.939904,8.813778,-0.873874,-0.485104
5.731000,7.947537,8.821640,-0.874103,-0.484635
5.732000,7.955158,8.829486,-0.874328,-0.484163
5.733000,7.962766,8.837315,-0.874550,-0.483690
5.734000,7.970361,8.845129,-0.874768,-0.483214
5.735000,7.977944,8.852927,-0.874983,-0.482737
5.736000,7.985515,8.860709,-0.875194,-0.482258
5.737000,7.993072,8.868475,-0.875403,-0.481776
5.738000,8.000618,8.876225,-0.875607,-0.481293
5.739000,8.008150,8.883959,-0.875809,-0.480807
5.740000,8.015670,8.891677,-0.876007,-0.480320
5.741000,8.023177,8.899379,-0.876202,-0.479831
5.742000,8.030672,8.907065,-0.876393,-0.479340
5.743000,8.038153,8.914734,-0.876581,-0.478846
5.744000,8.045622,8.922388,-0.876766,-0.478351
5.745000,8.053079,8.930026,-0.876947,-0.477854
5.746000,8.060523,8.937647,-0.877125,-0.477355
5.747000,8.067954,8.945253,-0.877299,-0.476854
5.748000,8.075372,8.952842,-0.877470,-0.476351
5.749000,8.082777,8.960415,-0.877638,-0.475846
5.750000,8.090170,8.967972,-0.877803,-0.475339
5.751000,8.097550,8.975513,-0.877963,-0.474831
5.752000,8.104917,8.983038,-0.878121,-0.474320
5.753000,8.112271,8.990547,-0.878275,-0.473808
5.754000,8.119613,8.998039,-0.878426,-0.473293
5.755000,8.126942,9.005515,-0.878573,-0.472777
5.756000,8.134258,9.012975,-0.878717,-0.472259
5.757000,8.141561,9.020419,-0.878858,-0.471739
5.758000,8.148851,9.027846,-0.878995,-0.471217
5.759000,8.156128,9.035257,-0.879129,-0.470694
5.760000,8.163393,9.042652,-0.879260,-0.470168
5.761000,8.170644,9.050031,-0.879387,-0.469641
5.762000,8.177883,9.057393,-0.879510,-0.469112
5.763000,8.185108,9.064739,-0.879631,-0.468581
5.764000,8.192321,9.072069,-0.879747,-0.468048
5.765000,8.199521,9.079382,-0.879861,-0.467513
5.766000,8.206708,9.086679,-0.879971,-0.466977
5.767000,8.213882,9.093960,-0.880078,-0.466439
5.768000,8.221043,9.101224,-0.880181,-0.465899
5.769000,8.228191,9.108472,-0.880281,-0.465357
5.770000,8.235326,9.115703,-0.880377,-0.464814
5.771000,8.242448,9.122918,-0.880470,-0.464268
5.772000,8.249557,9.130117,-0.880560,-0.463721
5.773000,8.256653,9.137299,-0.880646,-0.463172
5.774000,8.263736,9.144465,-0.880729,-0.462622
5.775000,8.270806,9.151614,-0.880809,-0.462070
5.776000,8.277863,9.158747,-0.880885,-0.461516
5.777000,8.284906,9.165864,-0.880957,-0.460960
5.778000,8.291937,9.172964,-0.881027,-0.460402
5.779000,8.298955,9.180047,-0.881093,-0.459843
5.780000,8.305959,9.187114,-0.881155,-0.459282
5.781000,8.312950,9.194164,-0.881214,-0.458720
5.782000,8.319929,9.201198,-0.881270,-0.458156
5.783000,8.326894,9.208216,-0.881322,-0.457590
5.784000,8.333846,9.215216,-0.881371,-0.457022
5.785000,8.340784,9.222201,-0.881416,-0.456453
5.786000,8.347710,9.229168,-0.881458,-0.455882
5.787000,8.354622,9.236119,-0.881497,-0.455309
5.788000,8.361522,9.243054,-0.881532,-0.454735
5.789000,8.368408,9.249972,-0.881564,-0.454159
5.790000,8.375280,9.256873,-0.881593,-0.453582
5.791000,8.382140,9.263758,-0.881618,-0.453003
5.792000,8.388986,9.270626,-0.881639,-0.452422
5.793000,8.395819,9.277477,-0.881658,-0.451840
5.794000,8.402639,9.284312,-0.881673,-0.451256
5.795000,8.409446,9.291130,-0.881684,-0.450670
5.796000,8.416239,9.297931,-0.881692,-0.450083
5.797000,8.423019,9.304716,-0.881697,-0.449494
5.798000,8.429786,9.311484,-0.881698,-0.448904
5.799000,8.436539,9.318235,-0.881696,-0.448312
5.800000,8.443279,9.324970,-0.881691,-0.447719
5.801000,8.450006,9.331688,-0.881682,-0.447124
5.802000,8.456719,9.338389,-0.881669,-0.446528
5.803000,8.463419,9.345073,-0.881654,-0.445930
5.804000,8.470106,9.351741,-0.881635,-0.445330
5.805000,8.476779,9.358391,-0.881612,-0.444729
5.806000,8.483439,9.365026,-0.881586,-0.444126
5.807000,8.490086,9.371643,-0.881557,-0.443522
5.808000,8.496719,9.378243,-0.881524,-0.442917
5.809000,8.503339,9.384827,-0.881488,-0.442310
5.810000,8.509945,9.391394,-0.881449,-0.441701
5.811000,8.516538,9.397944,-0.881406,-0.441091
5.812000,8.523117,9.404477,-0.881360,-0.440480
5.813000,8.529683,9.410993,-0.881311,-0.439867
5.814000,8.536235,9.417493,-0.881258,-0.439252
5.815000,8.542774,9.423976,-0.881201,-0.438637
5.816000,8.549300,9.430441,-0.881142,-0.438019
5.817000,8.555812,9.436890,-0.881079,-0.437401
5.818000,8.562310,9.443322,-0.881012,-0.436780
5.819000,8.568795,9.449738,-0.880942,-0.436159
5.820000,8.575267,9.456136,-0.880869,-0.435536
5.821000,8.581724,9.462517,-0.880793,-0.434911
5.822000,8.588169,9.468881,-0.880713,-0.434286
5.823000,8.594599,9.475229,-0.880629,-0.433659
5.824000,8.601017,9.481559,-0.880543,-0.433030
5.825000,8.607420,9.487873,-0.880453,-0.432400
5.826000,8.613810,9.494170,-0.880359,-0.431769
5.827000,8.620187,9.500449,-0.880263,-0.431136
5.828000,8.626549,9.506712,-0.880163,-0.430502
5.829000,8.632899,9.512958,-0.880059,-0.429867
5.830000,8.639234,9.519187,-0.879952,-0.429230
5.831000,8.645556,9.525398,-0.879842,-0.428592
5.832000,8.651864,9.531593,-0.879729,-0.427953
5.833000,8.658159,9.537771,-0.879612,-0.427312
5.834000,8.664440,9.543931,-0.879492,-0.426671
5.835000,8.670707,9.550075,-0.879368,-0.426027
5.836000,8.676961,9.556202,-0.879241,-0.425383
5.837000,8.683200,9.562311,-0.879111,-0.424737
5.838000,8.689426,9.568404,-0.878977,-0.424090
5.839000,8.695639,9.574479,-0.878840,-0.423442
5.840000,8.701838,9.580538,-0.878700,-0.422792
5.841000,8.708022,9.586579,-0.878556,-0.422141
5.842000,8.714194,9.592603,-0.878409,-0.421489
5.843000,8.720351,9.598610,-0.878259,-0.420836
5.844000,8.726495,9.604600,-0.878106,-0.420181
5.845000,8.732625,9.610573,-0.877949,-0.419526
5.846000,8.738741,9.616529,-0.877788,-0.418869
5.847000,8.744843,9.622468,-0.877625,-0.418210
5.848000,8.750931,9.628389,-0.877458,-0.417551
5.849000,8.757006,9.634294,-0.877288,-0.416891
5.850000,8.763067,9.640181,-0.877114,-0.416229
5.851000,8.769114,9.646051,-0.876938,-0.415566
5.852000,8.775147,9.651904,-0.876757,-0.414902
5.853000,8.781166,9.657740,-0.876574,-0.414236
5.854000,8.787172,9.663559,-0.876387,-0.413570
5.855000,8.793163,9.669360,-0.876197,-0.412903
5.856000,8.799141,9.675145,-0.876004,-0.412234
5.857000,8.805104,9.680912,-0.875807,-0.411564
5.858000,8.811054,9.686662,-0.875607,-0.410893
5.859000,8.816990,9.692394,-0.875404,-0.410221
5.860000,8.822912,9.698110,-0.875198,-0.409548
5.861000,8.828820,9.703808,-0.874988,-0.408874
5.862000,8.834714,9.709489,-0.874775,-0.408198
5.863000,8.840595,9.715153,-0.874558,-0.407522
5.864000,8.846461,9.720800,-0.874339,-0.406844
5.865000,8.852313,9.726429,-0.874116,-0.406166
5.866000,8.858151,9.732041,-0.873890,-0.405486
5.867000,8.863976,9.737636,-0.873660,-0.404805
5.868000,8.869786,9.743213,-0.873428,-0.404124
5.869000,8.875582,9.748774,-0.873192,-0.403441
5.870000,8.881364,9.754317,-0.872952,-0.402757
5.871000,8.887133,9.759843,-0.872710,-0.402072
5.872000,8.892887,9.765351,-0.872464,-0.401386
5.873000,8.898627,9.770842,-0.872215,-0.400700
5.874000,8.904353,9.776316,-0.871963,-0.400012
5.875000,8.910065,9.781773,-0.871708,-0.399323
5.876000,8.915763,9.787212,-0.871449,-0.398633
5.877000,8.921447,9.792634,-0.871187,-0.397942
5.878000,8.927117,9.798039,-0.870922,-0.397250
5.879000,8.932773,9.803426,-0.870653,-0.396558
5.880000,8.938414,9.808796,-0.870382,-0.395864
5.881000,8.944042,9.814149,-0.870107,-0.395169
5.882000,8.949655,9.819484,-0.869829,-0.394474
5.883000,8.955254,9.824802,-0.869548,-0.393777
5.884000,8.960839,9.830103,-0.869263,-0.393080
5.885000,8.966410,9.835386,-0.868975,-0.392381
5.886000,8.971967,9.840652,-0.868685,-0.391682
5.887000,8.977510,9.845900,-0.868390,-0.390982
5.888000,8.983038,9.851131,-0.868093,-0.390281
5.889000,8.988552,9.856345,-0.867793,-0.389579
5.890000,8.994053,9.861542,-0.867489,-0.388876
5.891000,8.999538,9.866721,-0.867182,-0.388173
5.892000,9.005010,9.871882,-0.866872,-0.387468
5.893000,9.010467,9.877026,-0.866559,-0.386763
5.894000,9.015911,9.882153,-0.866243,-0.386056
5.895000,9.021340,9.887263,-0.865923,-0.385349
5.896000,9.026754,9.892355,-0.865600,-0.384641
5.897000,9.032155,9.897429,-0.865274,-0.383933
5.898000,9.037541,9.902486,-0.864945,-0.383223
5.899000,9.042913,9.907526,-0.864613,-0.382513
5.900000,9.048271,9.912548,-0.864278,-0.381801
5.901000,9.053614,9.917553,-0.863939,-0.381089
5.902000,9.058943,9.922541,-0.863598,-0.380377
5.903000,9.064258,9.927511,-0.863253,-0.379663
5.904000,9.069558,9.932463,-0.862905,-0.378949
5.905000,9.074844,9.937398,-0.862554,-0.378234
5.906000,9.080116,9.942316,-0.862200,-0.377518
5.907000,9.085373,9.947216,-0.861843,-0.376801
5.908000,9.090617,9.952099,-0.861482,-0.376084
5.909000,9.095845,9.956964,-0.861119,-0.375366
5.910000,9.101060,9.961812,-0.860752,-0.374647
5.911000,9.106260,9.966642,-0.860382,-0.373927
5.912000,9.111445,9.971455,-0.860010,-0.373207
5.913000,9.116617,9.976250,-0.859634,-0.372486
5.914000,9.121773,9.981028,-0.859255,-0.371765
5.915000,9.126916,9.985789,-0.858873,-0.371042
5.916000,9.132044,9.990531,-0.858488,-0.370319
5.917000,9.137158,9.995257,-0.858099,-0.369596
5.918000,9.142257,9.999965,-0.857708,-0.368871
5.919000,9.147341,10.004655,-0.857314,-0.368146
5.920000,9.152412,10.009328,-0.856916,-0.367421
5.921000,9.157468,10.013983,-0.856516,-0.366694
5.922000,9.162509,10.018621,-0.856112,-0.365968
5.923000,9.167536,10.023241,-0.855706,-0.365240
5.924000,9.172548,10.027844,-0.855296,-0.364512
5.925000,9.177546,10.032429,-0.854883,-0.363783
5.926000,9.182530,10.036997,-0.854467,-0.363054
5.927000,9.187499,10.041547,-0.854049,-0.362324
5.928000,9.192453,10.046080,-0.853627,-0.361593
5.929000,9.197393,10.050595,-0.853202,-0.360862
5.930000,9.202318,10.055093,-0.852774,-0.360130
5.931000,9.207229,10.059573,-0.852344,-0.359398
5.932000,9.212126,10.064035,-0.851910,-0.358665
5.933000,9.217007,10.068480,-0.851473,-0.357931
5.934000,9.221875,10.072908,-0.851033,-0.357197
5.935000,9.226727,10.077318,-0.850590,-0.356463
5.936000,9.231566,10.081710,-0.850144,-0.355728
5.937000,9.236389,10.086085,-0.849696,-0.354992
5.938000,9.241198,10.090442,-0.849244,-0.354256
5.939000,9.245992,10.094781,-0.848789,-0.353520
5.940000,9.250772,10.099103,-0.848331,-0.352782
5.941000,9.255537,10.103408,-0.847871,-0.352045
5.942000,9.260288,10.107695,-0.847407,-0.351307
5.943000,9.265024,10.111964,-0.846941,-0.350568
5.944000,9.269745,10.116216,-0.846471,-0.349829
5.945000,9.274452,10.120450,-0.845999,-0.349090
5.946000,9.279144,10.124667,-0.845523,-0.348350
5.947000,9.283821,10.128866,-0.845045,-0.347609
5.948000,9.288484,10.133047,-0.844564,-0.346868
5.949000,9.293132,10.137211,-0.844080,-0.346127
5.950000,9.297765,10.141357,-0.843593,-0.345385
5.951000,9.302384,10.145486,-0.843103,-0.344643
5.952000,9.306987,10.149597,-0.842610,-0.343901
5.953000,9.311577,10.153691,-0.842114,-0.343158
5.954000,9.316151,10.157767,-0.841615,-0.342414
5.955000,9.320711,10.161825,-0.841114,-0.341670
5.956000,9.325256,10.165866,-0.840609,-0.340926
5.957000,9.329787,10.169889,-0.840102,-0.340182
5.958000,9.334302,10.173894,-0.839592,-0.339437
5.959000,9.338803,10.177882,-0.839079,-0.338692
5.960000,9.343289,10.181852,-0.838563,-0.337946
5.961000,9.347761,10.185805,-0.838044,-0.337200
5.962000,9.352218,10.189740,-0.837523,-0.336454
5.963000,9.356659,10.193658,-0.836998,-0.335707
5.964000,9.361087,10.197557,-0.836471,-0.334960
5.965000,9.365499,10.201440,-0.835941,-0.334213
5.966000,9.369896,10.205304,-0.835408,-0.333465
5.967000,9.374279,10.209151,-0.834872,-0.332717
5.968000,9.378647,10.212981,-0.834334,-0.331969
5.969000,9.383000,10.216792,-0.833792,-0.331220
5.970000,9.387339,10.220587,-0.833248,-0.330472
5.971000,9.391662,10.224363,-0.832701,-0.329722
5.972000,9.395971,10.228122,-0.832151,-0.328973
5.973000,9.400265,10.231863,-0.831599,-0.328223
5.974000,9.404544,10.235587,-0.831044,-0.327474
5.975000,9.408808,10.239293,-0.830485,-0.326723
5.976000,9.413057,10.242982,-0.829925,-0.325973
5.977000,9.417291,10.246652,-0.829361,-0.325222
5.978000,9.421511,10.250306,-0.828795,-0.324472
5.979000,9.425716,10.253941,-0.828226,-0.323721
5.980000,9.429905,10.257559,-0.827654,-0.322969
5.981000,9.434080,10.261159,-0.827079,-0.322218
5.982000,9.438240,10.264742,-0.826502,-0.321466
5.983000,9.442385,10.268307,-0.825922,-0.320714
5.984000,9.446515,10.271855,-0.825339,-0.319962
5.985000,9.450631,10.275384,-0.824754,-0.319210
5.986000,9.454731,10.278897,-0.824166,-0.318458
5.987000,9.458816,10.282391,-0.823575,-0.317705
5.988000,9.462887,10.285868,-0.822981,-0.316952
5.989000,9.466942,10.289327,-0.822385,-0.316199
5.990000,9.470983,10.292769,-0.821786,-0.315446
5.991000,9.475009,10.296193,-0.821185,-0.314693
5.992000,9.479019,10.299600,-0.820580,-0.313940
5.993000,9.483015,10.302988,-0.819973,-0.313186
5.994000,9.486996,10.306360,-0.819364,-0.312433
5.995000,9.490961,10.309713,-0.818752,-0.311679
5.996000,9.494912,10.313049,-0.818137,-0.310925
5.997000,9.498848,10.316367,-0.817519,-0.310171
5.998000,9.502769,10.319668,-0.816899,-0.309418
5.999000,9.506674,10.322951,-0.816277,-0.308663
6.000000,9.510565,10.326216,-0.815651,-0.307909
6.001000,9.514441,10.329464,-0.815023,-0.307155
6.002000,9.518302,10.332694,-0.814393,-0.306401
6.003000,9.522147,10.335907,-0.813760,-0.305647
6.004000,9.525978,10.339102,-0.813124,-0.304892
6.005000,9.529793,10.342279,-0.812485,-0.304138
6.006000,9.533594,10.345439,-0.811845,-0.303383
6.007000,9.537379,10.348581,-0.811201,-0.302629
6.008000,9.541150,10.351705,-0.810555,-0.301874
6.009000,9.544905,10.354812,-0.809907,-0.301120
6.010000,9.548645,10.357901,-0.809255,-0.300365
6.011000,9.552371,10.360972,-0.808602,-0.299611
6.012000,9.556081,10.364026,-0.807946,-0.298856
6.013000,9.559776,10.367063,-0.807287,-0.298102
6.014000,9.563456,10.370081,-0.806626,-0.297347
6.015000,9.567121,10.373082,-0.805962,-0.296593
6.016000,9.570770,10.376066,-0.805295,-0.295838
6.017000,9.574405,10.379032,-0.804627,-0.295084
6.018000,9.578024,10.381980,-0.803955,-0.294330
6.019000,9.581629,10.384910,-0.803282,-0.293575
6.020000,9.585218,10.387823,-0.802605,-0.292821
6.021000,9.588792,10.390719,-0.801927,-0.292067
6.022000,9.592351,10.393596,-0.801245,-0.291313
6.023000,9.595895,10.396457,-0.800562,-0.290559
6.024000,9.599423,10.399299,-0.799876,-0.289805
6.025000,9.602937,10.402124,-0.799187,-0.289051
6.026000,9.606435,10.404931,-0.798496,-0.288297
6.027000,9.609918,10.407721,-0.797803,-0.287543
6.028000,9.613386,10.410493,-0.797107,-0.286790
6.029000,9.616839,10.413248,-0.796409,-0.286036
6.030000,9.620277,10.415985,-0.795708,-0.285283
6.031000,9.623699,10.418704,-0.795005,-0.284530
6.032000,9.627106,10.421406,-0.794299,-0.283777
6.033000,9.630498,10.424090,-0.793591,-0.283024
6.034000,9.633875,10.426756,-0.792881,-0.282271
6.035000,9.637237,10.429405,-0.792168,-0.281518
6.036000,9.640583,10.432037,-0.791453,-0.280766
6.037000,9.643914,10.434650,-0.790736,-0.280013
6.038000,9.647230,10.437247,-0.790016,-0.279261
6.039000,9.650531,10.439825,-0.789294,-0.278509
6.040000,9.653816,10.442386,-0.788570,-0.277757
6.041000,9.657087,10.444930,-0.787843,-0.277006
6.042000,9.660342,10.447455,-0.787114,-0.276254
6.043000,9.663581,10.449964,-0.786382,-0.275503
6.044000,9.666806,10.452454,-0.785649,-0.274752
6.045000,9.670015,10.454928,-0.784913,-0.274001
6.046000,9.673209,10.457383,-0.784174,-0.273250
6.047000,9.676387,10.459821,-0.783434,-0.272500
6.048000,9.679551,10.462242,-0.782691,-0.271750
6.049000,9.682699,10.464644,-0.781946,-0.271000
6.050000,9.685832,10.467030,-0.781198,-0.270250
6.051000,9.688949,10.469397,-0.780448,-0.269501
6.052000,9.692051,10.471748,-0.779696,-0.268752
6.053000,9.695138,10.474080,-0.778942,-0.268003
6.054000,9.698210,10.476395,-0.778186,-0.267254
6.055000,9.701266,10.478693,-0.777427,-0.266506
6.056000,9.704307,10.480973,-0.776666,-0.265758
6.057000,9.707333,10.483235,-0.775903,-0.265010
6.058000,9.710343,10.485480,-0.775138,-0.264262
6.059000,9.713338,10.487708,-0.774370,-0.263515
6.060000,9.716317,10.489918,-0.773600,-0.262768
6.061000,9.719282,10.492110,-0.772828,-0.262022
6.062000,9.722231,10.494285,-0.772054,-0.261275
6.063000,9.725164,10.496442,-0.771278,-0.260530
6.064000,9.728082,10.498582,-0.770499,-0.259784
6.065000,9.730985,10.500704,-0.769719,-0.259039
6.066000,9.733873,10.502808,-0.768936,-0.258294
6.067000,9.736745,10.504896,-0.768151,-0.257549
6.068000,9.739601,10.506965,-0.767364,-0.256805
6.069000,9.742443,10.509017,-0.766575,-0.256061
6.070000,9.745269,10.511052,-0.765783,-0.255317
6.071000,9.748079,10.513069,-0.764990,-0.254574
6.072000,9.750874,10.515069,-0.764194,-0.253831
6.073000,9.753654,10.517051,-0.763397,-0.253089
6.074000,9.756419,10.519016,-0.762597,-0.252347
6.075000,9.759168,10.520963,-0.761795,-0.251605
6.076000,9.761901,10.522892,-0.760991,-0.250864
6.077000,9.764619,10.524805,-0.760185,-0.250123
6.078000,9.767322,10.526699,-0.759377,-0.249382
6.079000,9.770009,10.528577,-0.758567,-0.248642
6.080000,9.772681,10.530436,-0.757755,-0.247902
6.081000,9.775338,10.532279,-0.756941,-0.247163
6.082000,9.777979,10.534103,-0.756125,-0.246424
6.083000,9.780604,10.535911,-0.755306,-0.245686
6.084000,9.783214,10.537701,-0.754486,-0.244948
6.085000,9.785809,10.539473,-0.753664,-0.244211
6.086000,9.788388,10.541228,-0.752840,-0.243474
6.087000,9.790952,10.542965,-0.752013,-0.242737
6.088000,9.793500,10.544686,-0.751185,-0.242001
6.089000,9.796033,10.546388,-0.750355,-0.241265
6.090000,9.798551,10.548073,-0.749523,-0.240530
6.091000,9.801052,10.549741,-0.748689,-0.239795
6.092000,9.803539,10.551391,-0.747853,-0.239061
6.093000,9.806010,10.553024,-0.747014,-0.238327
6.094000,9.808465,10.554640,-0.746175,-0.237594
6.095000,9.810905,10.556238,-0.745333,-0.236861
6.096000,9.813330,10.557818,-0.744489,-0.236129
6.097000,9.815739,10.559382,-0.743643,-0.235397
6.098000,9.818132,10.560927,-0.742795,-0.234666
6.099000,9.820510,10.562456,-0.741946,-0.233935
6.100000,9.822873,10.563967,-0.741094,-0.233205
6.101000,9.825219,10.565460,-0.740241,-0.232475
6.102000,9.827551,10.566937,-0.739386,-0.231746
6.103000,9.829867,10.568395,-0.738529,-0.231017
6.104000,9.832167,10.569837,-0.737670,-0.230289
6.105000,9.834452,10.571261,-0.736809,-0.229562
6.106000,9.836721,10.572668,-0.735946,-0.228835
6.107000,9.838975,10.574057,-0.735082,-0.228108
6.108000,9.841213,10.575429,-0.734215,-0.227382
6.109000,9.843436,10.576783,-0.733347,-0.226657
6.110000,9.845643,10.578121,-0.732477,-0.225932
6.111000,9.847835,10.579440,-0.731605,-0.225208
6.112000,9.850011,10.580743,-0.730732,-0.224485
6.113000,9.852172,10.582028,-0.729857,-0.223762
6.114000,9.854317,10.583296,-0.728979,-0.223039
6.115000,9.856446,10.584546,-0.728100,-0.222317
6.116000,9.858560,10.585780,-0.727220,-0.221596
6.117000,9.860658,10.586995,-0.726337,-0.220876
6.118000,9.862741,10.588194,-0.725453,-0.220156
6.119000,9.864808,10.589375,-0.724567,-0.219436
6.120000,9.866859,10.590539,-0.723680,-0.218717
6.121000,9.868895,10.591686,-0.722790,-0.217999
6.122000,9.870916,10.592815,-0.721899,-0.217282
6.123000,9.872921,10.593927,-0.721006,-0.216565
6.124000,9.874910,10.595021,-0.720112,-0.215849
6.125000,9.876883,10.596099,-0.719215,-0.215133
6.126000,9.878841,10.597159,-0.718317,-0.214418
6.127000,9.880784,10.598202,-0.717418,-0.213704
6.128000,9.882711,10.599227,-0.716516,-0.212990
6.129000,9.884622,10.600235,-0.715614,-0.212277
6.130000,9.886517,10.601226,-0.714709,-0.211565
6.131000,9.888397,10.602200,-0.713803,-0.210853
6.132000,9.890262,10.603157,-0.712895,-0.210142
6.133000,9.892111,10.604096,-0.711985,-0.209432
6.134000,9.893944,10.605018,-0.711074,-0.208722
6.135000,9.895761,10.605922,-0.710161,-0.208014
6.136000,9.897563,10.606810,-0.709247,-0.207305
6.137000,9.899349,10.607680,-0.708331,-0.206598
6.138000,9.901120,10.608533,-0.707413,-0.205891
6.139000,9.902875,10.609369,-0.706494,-0.205185
6.140000,9.904614,10.610188,-0.705573,-0.204479
6.141000,9.906338,10.610989,-0.704651,-0.203775
6.142000,9.908046,10.611773,-0.703727,-0.203071
6.143000,9.909738,10.612540,-0.702802,-0.202368
6.144000,9.911415,10.613290,-0.701875,-0.201665
6.145000,9.913076,10.614023,-0.700946,-0.200963
6.146000,9.914722,10.614738,-0.700016,-0.200262
6.147000,9.916352,10.615436,-0.699085,-0.199562
6.148000,9.917966,10.616117,-0.698152,-0.198862
6.149000,9.919564,10.616781,-0.697217,-0.198163
6.150000,9.921147,10.617428,-0.696281,-0.197465
6.151000,9.922714,10.618057,-0.695343,-0.196768
6.152000,9.924266,10.618670,-0.694404,-0.196071
6.153000,9.925801,10.619265,-0.693464,-0.195376
6.154000,9.927322,10.619843,-0.692522,-0.194681
6.155000,9.928826,10.620404,-0.691578,-0.193986
6.156000,9.930315,10.620948,-0.690633,-0.193293
6.157000,9.931788,10.621475,-0.689687,-0.192600
6.158000,9.933245,10.621984,-0.688739,-0.191908
6.159000,9.934687,10.622477,-0.687790,-0.191217
6.160000,9.936113,10.622952,-0.686839,-0.190527
6.161000,9.937523,10.623411,-0.685887,-0.189837
6.162000,9.938918,10.623852,-0.684934,-0.189148
6.163000,9.940297,10.624276,-0.683979,-0.188460
6.164000,9.941660,10.624683,-0.683023,-0.187773
6.165000,9.943008,10.625073,-0.682065,-0.187087
6.166000,9.944340,10.625446,-0.681106,-0.186401
6.167000,9.945656,10.625802,-0.680146,-0.185717
6.168000,9.946956,10.626140,-0.679184,-0.185033
6.169000,9.948241,10.626462,-0.678221,-0.184350
6.170000,9.949510,10.626767,-0.677257,-0.183668
6.171000,9.950763,10.627054,-0.676291,-0.182986
6.172000,9.952001,10.627325,-0.675324,-0.182306
6.173000,9.953223,10.627579,-0.674356,-0.181626
6.174000,9.954429,10.627815,-0.673386,-0.180947
6.175000,9.955620,10.628035,-0.672415,-0.180269
6.176000,9.956794,10.628237,-0.671443,-0.179592
6.177000,9.957953,10.628423,-0.670469,-0.178915
6.178000,9.959097,10.628591,-0.669494,-0.178240
6.179000,9.960224,10.628743,-0.668518,-0.177565
6.180000,9.961336,10.628877,-0.667541,-0.176892
6.181000,9.962432,10.628995,-0.666562,-0.176219
6.182000,9.963513,10.629095,-0.665583,-0.175547
6.183000,9.964577,10.629179,-0.664601,-0.174860
6.184000,9.965626,10.629245,-0.663619,-0.174144
6.185000,9.966659,10.629294,-0.662635,-0.173391
6.186000,9.967677,10.629325,-0.661649,-0.172613
6.187000,9.968678,10.629339,-0.660660,-0.171723
6.188000,9.969664,10.629333,-0.659669,-0.170703
6.189000,9.970635,10.629309,-0.658675,-0.169618
6.190000,9.971589,10.629266,-0.657677,-0.168585
6.191000,9.972528,10.629204,-0.656677,-0.167605
6.192000,9.973451,10.629125,-0.655674,-0.166664
6.193000,9.974358,10.629027,-0.654669,-0.165770
6.194000,9.975249,10.628911,-0.653662,-0.164898
6.195000,9.976125,10.628778,-0.652653,-0.164077
6.196000,9.976985,10.628627,-0.651642,-0.163285
6.197000,9.977829,10.628458,-0.650629,-0.162511
6.198000,9.978658,10.628273,-0.649615,-0.161768
6.199000,9.979470,10.628070,-0.648600,-0.161049
6.200000,9.980267,10.627850,-0.647583,-0.160338
6.201000,9.981048,10.627613,-0.646565,-0.159628
6.202000,9.981814,10.627359,-0.645545,-0.158919
6.203000,9.982564,10.627088,-0.644525,-0.158211
6.204000,9.983297,10.626800,-0.643503,-0.157504
6.205000,9.984016,10.626495,-0.642479,-0.156797
6.206000,9.984718,10.626172,-0.641455,-0.156092
6.207000,9.985404,10.625833,-0.640429,-0.155388
6.208000,9.986075,10.625477,-0.639402,-0.154685
6.209000,9.986730,10.625103,-0.638373,-0.153983
6.210000,9.987370,10.624713,-0.637343,-0.153281
6.211000,9.987993,10.624306,-0.636313,-0.152581
6.212000,9.988601,10.623881,-0.635280,-0.151882
6.213000,9.989193,10.623440,-0.634247,-0.151184
6.214000,9.989769,10.622981,-0.633212,-0.150487
6.215000,9.990329,10.622506,-0.632177,-0.149791
6.216000,9.990874,10.622014,-0.631140,-0.149096
6.217000,9.991403,10.621504,-0.630102,-0.148402
6.218000,9.991916,10.620978,-0.629062,-0.147709
6.219000,9.992413,10.620435,-0.628022,-0.147018
6.220000,9.992895,10.619875,-0.626980,-0.146327
6.221000,9.993360,10.619298,-0.625937,-0.145637
6.222000,9.993810,10.618704,-0.624893,-0.144948
6.223000,9.994245,10.618093,-0.623848,-0.144261
6.224000,9.994663,10.617465,-0.622802,-0.143574
6.225000,9.995066,10.616820,-0.621754,-0.142889
6.226000,9.995452,10.616158,-0.620706,-0.142204
6.227000,9.995823,10.615480,-0.619656,-0.141521
6.228000,9.996179,10.614784,-0.618606,-0.140839
6.229000,9.996518,10.614072,-0.617554,-0.140158
6.230000,9.996842,10.613343,-0.616501,-0.139478
6.231000,9.997150,10.612597,-0.615447,-0.138799
6.232000,9.997442,10.611834,-0.614392,-0.138121
6.233000,9.997718,10.611054,-0.613336,-0.137444
6.234000,9.997979,10.610258,-0.612279,-0.136768
6.235000,9.998224,10.609444,-0.611221,-0.136094
6.236000,9.998452,10.608614,-0.610162,-0.135420
6.237000,9.998666,10.607767,-0.609102,-0.134748
6.238000,9.998863,10.606903,-0.608040,-0.134077
6.239000,9.999045,10.606023,-0.606978,-0.133406
6.240000,9.999210,10.605126,-0.605915,-0.132737
6.241000,9.999360,10.604211,-0.604851,-0.132069
6.242000,9.999495,10.603281,-0.603786,-0.131403
6.243000,9.999613,10.602333,-0.602720,-0.130737
6.244000,9.999716,10.601369,-0.601653,-0.130072
6.245000,9.999803,10.600387,-0.600585,-0.129409
6.246000,9.999874,10.599390,-0.599516,-0.128747
6.247000,9.999929,10.598375,-0.598446,-0.128085
6.248000,9.999968,10.597344,-0.597375,-0.127425
6.249000,9.999992,10.596296,-0.596304,-0.126767
6.250000,10.000000,10.595231,-0.595231,-0.126109
6.251000,9.999992,10.594150,-0.594158,-0.125452
6.252000,9.999968,10.593052,-0.593083,-0.124797
6.253000,9.999929,10.591937,-0.592008,-0.124142
6.254000,9.999874,10.590806,-0.590932,-0.123489
6.255000,9.999803,10.589658,-0.589855,-0.122837
6.256000,9.999716,10.588493,-0.588777,-0.122186
6.257000,9.999613,10.587312,-0.587699,-0.121537
6.258000,9.999495,10.586114,-0.586619,-0.120888
6.259000,9.999360,10.584899,-0.585539,-0.120241
6.260000,9.999210,10.583668,-0.584458,-0.119595
6.261000,9.999045,10.582420,-0.583376,-0.118950
6.262000,9.998863,10.581156,-0.582293,-0.118306
6.263000,9.998666,10.579875,-0.581209,-0.117663
6.264000,9.998452,10.578577,-0.580125,-0.117022
6.265000,9.998224,10.577263,-0.579040,-0.116381
6.266000,9.997979,10.575933,-0.577954,-0.115742
6.267000,9.997718,10.574585,-0.576867,-0.115104
6.268000,9.997442,10.573222,-0.575780,-0.114467
6.269000,9.997150,10.571841,-0.574692,-0.113832
6.270000,9.996842,10.570445,-0.573603,-0.113197
6.271000,9.996518,10.569031,-0.572513,-0.112564
6.272000,9.996179,10.567601,-0.571423,-0.111932
6.273000,9.995823,10.566155,-0.570332,-0.111301
6.274000,9.995452,10.564692,-0.569240,-0.110672
6.275000,9.995066,10.563213,-0.568147,-0.110043
6.276000,9.994663,10.561717,-0.567054,-0.109416
6.277000,9.994245,10.560205,-0.565961,-0.108790
6.278000,9.993810,10.558676,-0.564866,-0.108165
6.279000,9.993360,10.557131,-0.563771,-0.107541
6.280000,9.992895,10.555570,-0.562675,-0.106919
6.281000,9.992413,10.553992,-0.561579,-0.106298
6.282000,9.991916,10.552397,-0.560482,-0.105678
6.283000,9.991403,10.550787,-0.559384,-0.105059
6.284000,9.990874,10.549159,-0.558285,-0.104442
6.285000,9.990329,10.547516,-0.557187,-0.103825
6.286000,9.989769,10.545856,-0.556087,-0.103210
6.287000,9.989193,10.544180,-0.554987,-0.102596
6.288000,9.988601,10.542487,-0.553886,-0.101983
6.289000,9.987993,10.540778,-0.552785,-0.101372
6.290000,9.987370,10.539052,-0.551683,-0.100762
6.291000,9.986730,10.537311,-0.550580,-0.100153
6.292000,9.986075,10.535553,-0.549477,-0.099545
6.293000,9.985404,10.533778,-0.548374,-0.098938
6.294000,9.984718,10.531988,-0.547270,-0.098333
6.295000,9.984016,10.530181,-0.546165,-0.097729
6.296000,9.983297,10.528357,-0.545060,-0.097126
6.297000,9.982564,10.526518,-0.543954,-0.096525
6.298000,9.981814,10.524662,-0.542848,-0.095924
6.299000,9.981048,10.522790,-0.541741,-0.095325
6.300000,9.980267,10.520901,-0.540634,-0.094727
6.301000,9.979470,10.518997,-0.539527,-0.094131
6.302000,9.978658,10.517076,-0.538418,-0.093535
6.303000,9.977829,10.515139,-0.537310,-0.092941
6.304000,9.976985,10.513186,-0.536201,-0.092348
6.305000,9.976125,10.511216,-0.535091,-0.091756
6.306000,9.975249,10.509231,-0.533981,-0.091166
6.307000,9.974358,10.507229,-0.532871,-0.090577
6.308000,9.973451,10.505211,-0.531760,-0.089989
6.309000,9.972528,10.503176,-0.530649,-0.089402
6.310000,9.971589,10.501126,-0.529537,-0.088817
6.311000,9.970635,10.499060,-0.528425,-0.088233
6.312000,9.969664,10.496977,-0.527313,-0.087650
6.313000,9.968678,10.494878,-0.526200,-0.087068
6.314000,9.967677,10.492763,-0.525087,-0.086488
6.315000,9.966659,10.490632,-0.523973,-0.085909
6.316000,9.965626,10.488485,-0.522859,-0.085331
6.317000,9.964577,10.486322,-0.521745,-0.084754
6.318000,9.963513,10.484143,-0.520630,-0.084179
6.319000,9.962432,10.481947,-0.519515,-0.083605
6.320000,9.961336,10.479736,-0.518400,-0.083032
6.321000,9.960224,10.477508,-0.517284,-0.082460
6.322000,9.959097,10.475265,-0.516168,-0.081890
6.323000,9.957953,10.473005,-0.515052,-0.081321
6.324000,9.956794,10.470729,-0.513935,-0.080753
6.325000,9.955620,10.468438,-0.512818,-0.080187
6.326000,9.954429,10.466130,-0.511701,-0.079621
6.327000,9.953223,10.463806,-0.510583,-0.079057
6.328000,9.952001,10.461467,-0.509466,-0.078495
6.329000,9.950763,10.459111,-0.508348,-0.077933
6.330000,9.949510,10.456739,-0.507229,-0.077373
6.331000,9.948241,10.454352,-0.506111,-0.076814
6.332000,9.946956,10.451948,-0.504992,-0.076256
6.333000,9.945656,10.449529,-0.503873,-0.075700
6.334000,9.944340,10.447093,-0.502754,-0.075145
6.335000,9.943008,10.444642,-0.501634,-0.074591
6.336000,9.941660,10.442175,-0.500515,-0.074039
6.337000,9.940297,10.439692,-0.499395,-0.073487
6.338000,9.938918,10.437193,-0.498275,-0.072937
6.339000,9.937523,10.434678,-0.497154,-0.072389
6.340000,9.936113,10.432147,-0.496034,-0.071841
6.341000,9.934687,10.429600,-0.494913,-0.071295
6.342000,9.933245,10.427038,-0.493792,-0.070750
6.343000,9.931788,10.424459,-0.492671,-0.070207
6.344000,9.930315,10.421865,-0.491550,-0.069664
6.345000,9.928826,10.419255,-0.490429,-0.069123
6.346000,9.927322,10.416629,-0.489308,-0.068583
6.347000,9.925801,10.413988,-0.488186,-0.068045
6.348000,9.924266,10.411330,-0.487064,-0.067508
6.349000,9.922714,10.408657,-0.485943,-0.066972
6.350000,9.921147,10.405968,-0.484821,-0.066437
6.351000,9.919564,10.403263,-0.483699,-0.065904
6.352000,9.917966,10.400542,-0.482577,-0.065371
6.353000,9.916352,10.397806,-0.481454,-0.064841
6.354000,9.914722,10.395054,-0.480332,-0.064311
6.355000,9.913076,10.392286,-0.479210,-0.063783
6.356000,9.911415,10.389503,-0.478087,-0.063256
6.357000,9.909738,10.386703,-0.476965,-0.062730
6.358000,9.908046,10.383888,-0.475842,-0.062205
6.359000,9.906338,10.381058,-0.474720,-0.061682
6.360000,9.904614,10.378211,-0.473597,-0.061160
6.361000,9.902875,10.375349,-0.472475,-0.060640
6.362000,9.901120,10.372472,-0.471352,-0.060120
6.363000,9.899349,10.369579,-0.470229,-0.059602
6.364000,9.897563,10.366670,-0.469106,-0.059085
6.365000,9.895761,10.363745,-0.467984,-0.058570
6.366000,9.893944,10.360805,-0.466861,-0.058056
6.367000,9.892111,10.357849,-0.465738,-0.057543
6.368000,9.890262,10.354877,-0.464616,-0.057031
6.369000,9.888397,10.351890,-0.463493,-0.056521
6.370000,9.886517,10.348888,-0.462370,-0.056011
6.371000,9.884622,10.345870,-0.461248,-0.055504
6.372000,9.882711,10.342836,-0.460125,-0.054997
6.373000,9.880784,10.339787,-0.459003,-0.054492
6.374000,9.878841,10.336722,-0.457880,-0.053988
6.375000,9.876883,10.333641,-0.456758,-0.053485
6.376000,9.874910,10.330545,-0.455636,-0.052983
6.377000,9.872921,10.327434,-0.454513,-0.052483
6.378000,9.870916,10.324307,-0.453391,-0.051984
6.379000,9.868895,10.321165,-0.452269,-0.051486
6.380000,9.866859,10.318007,-0.451147,-0.050990
6.381000,9.864808,10.314833,-0.450025,-0.050495
6.382000,9.862741,10.311644,-0.448904,-0.050001
6.383000,9.860658,10.308440,-0.447782,-0.049508
6.384000,9.858560,10.305220,-0.446660,-0.049017
6.385000,9.856446,10.301985,-0.445539,-0.048527
6.386000,9.854317,10.298734,-0.444418,-0.048038
6.387000,9.852172,10.295468,-0.443297,-0.047551
6.388000,9.850011,10.292187,-0.442176,-0.047064
6.389000,9.847835,10.288890,-0.441055,-0.046579
6.390000,9.845643,10.285578,-0.439934,-0.046096
6.391000,9.843436,10.282250,-0.438814,-0.045613
6.392000,9.841213,10.278907,-0.437694,-0.045132
6.393000,9.838975,10.275549,-0.436574,-0.044652
6.394000,9.836721,10.272175,-0.435454,-0.044173
6.395000,9.834452,10.268786,-0.434334,-0.043696
6.396000,9.832167,10.265382,-0.433214,-0.043220
6.397000,9.829867,10.261962,-0.432095,-0.042745
6.398000,9.827551,10.258527,-0.430976,-0.042271
6.399000,9.825219,10.255077,-0.429857,-0.041799
6.400000,9.822873,10.251611,-0.428739,-0.041328
6.401000,9.820510,10.248130,-0.427620,-0.040858
6.402000,9.818132,10.244634,-0.426502,-0.040389
6.403000,9.815739,10.241123,-0.425384,-0.039922
6.404000,9.813330,10.237596,-0.424266,-0.039456
6.405000,9.810905,10.234054,-0.423149,-0.038991
6.406000,9.808465,10.230497,-0.422032,-0.038527
6.407000,9.806010,10.226925,-0.420915,-0.038065
6.408000,9.803539,10.223337,-0.419798,-0.037604
6.409000,9.801052,10.219734,-0.418682,-0.037144
6.410000,9.798551,10.216116,-0.417566,-0.036685
6.411000,9.796033,10.212483,-0.416450,-0.036228
6.412000,9.793500,10.208835,-0.415335,-0.035772
6.413000,9.790952,10.205172,-0.414220,-0.035317
6.414000,9.788388,10.201493,-0.413105,-0.034863
6.415000,9.785809,10.197799,-0.411990,-0.034411
6.416000,9.783214,10.194090,-0.410876,-0.033960
6.417000,9.780604,10.190366,-0.409762,-0.033510
6.418000,9.777979,10.186627,-0.408649,-0.033061
6.419000,9.775338,10.182873,-0.407536,-0.032613
6.420000,9.772681,10.179104,-0.406423,-0.032167
6.421000,9.770009,10.175320,-0.405310,-0.031722
6.422000,9.767322,10.171520,-0.404198,-0.031278
6.423000,9.764619,10.167706,-0.403086,-0.030836
6.424000,9.761901,10.163876,-0.401975,-0.030395
6.425000,9.759168,10.160032,-0.400864,-0.029954
6.426000,9.756419,10.156172,-0.399753,-0.029516
6.427000,9.753654,10.152297,-0.398643,-0.029078
6.428000,9.750874,10.148408,-0.397533,-0.028641
6.429000,9.748079,10.144503,-0.396424,-0.028206
6.430000,9.745269,10.140584,-0.395315,-0.027772
6.431000,9.742443,10.136649,-0.394206,-0.027339
6.432000,9.739601,10.132699,-0.393098,-0.026908
6.433000,9.736745,10.128735,-0.391990,-0.026477
6.434000,9.733873,10.124755,-0.390883,-0.026048
6.435000,9.730985,10.120761,-0.389776,-0.025620
6.436000,9.728082,10.116752,-0.388669,-0.025194
6.437000,9.725164,10.112727,-0.387563,-0.024768
6.438000,9.722231,10.108688,-0.386458,-0.024344
6.439000,9.719282,10.104634,-0.385353,-0.023921
6.440000,9.716317,10.100565,-0.384248,-0.023499
6.441000,9.713338,10.096481,-0.383144,-0.023078
6.442000,9.710343,10.092383,-0.382040,-0.022659
6.443000,9.707333,10.088269,-0.380937,-0.022240
6.444000,9.704307,10.084141,-0.379834,-0.021823
6.445000,9.701266,10.079998,-0.378732,-0.021407
6.446000,9.698210,10.075840,-0.377630,-0.020992
6.447000,9.695138,10.071667,-0.376529,-0.020579
6.448000,9.692051,10.067479,-0.375428,-0.020167
6.449000,9.688949,10.063277,-0.374327,-0.019755
6.450000,9.685832,10.059059,-0.373228,-0.019345
6.451000,9.682699,10.054827,-0.372128,-0.018936
6.452000,9.679551,10.050580,-0.371030,-0.018529
6.453000,9.676387,10.046319,-0.369931,-0.018122
6.454000,9.673209,10.042043,-0.368834,-0.017717
6.455000,9.670015,10.037751,-0.367737,-0.017313
6.456000,9.666806,10.033446,-0.366640,-0.016910
6.457000,9.663581,10.029125,-0.365544,-0.016508
6.458000,9.660342,10.024790,-0.364448,-0.016108
6.459000,9.657087,10.020440,-0.363353,-0.015708
6.460000,9.653816,10.016075,-0.362259,-0.015310
6.461000,9.650531,10.011696,-0.361165,-0.014913
6.462000,9.647230,10.007302,-0.360072,-0.014517
6.463000,9.643914,10.002894,-0.358979,-0.014122
6.464000,9.640583,9.998470,-0.357887,-0.013728
6.465000,9.637237,9.994033,-0.356796,-0.013336
6.466000,9.633875,9.989580,-0.355705,-0.012944
6.467000,9.630498,9.985113,-0.354615,-0.012554
6.468000,9.627106,9.980631,-0.353525,-0.012165
6.469000,9.623699,9.976135,-0.352436,-0.011777
6.470000,9.620277,9.971624,-0.351347,-0.011390
6.471000,9.616839,9.967099,-0.350259,-0.011005
6.472000,9.613386,9.962559,-0.349172,-0.010620
6.473000,9.609918,9.958004,-0.348086,-0.010237
6.474000,9.606435,9.953435,-0.347000,-0.009855
6.475000,9.602937,9.948851,-0.345914,-0.009473
6.476000,9.599423,9.944253,-0.344830,-0.009093
6.477000,9.595895,9.939640,-0.343746,-0.008715
6.478000,9.592351,9.935013,-0.342662,-0.008337
6.479000,9.588792,9.930371,-0.341579,-0.007960
6.480000,9.585218,9.925715,-0.340497,-0.007585
6.481000,9.581629,9.921044,-0.339416,-0.007210
6.482000,9.578024,9.916359,-0.338335,-0.006837
6.483000,9.574405,9.911660,-0.337255,-0.006465
6.484000,9.570770,9.906946,-0.336175,-0.006094
6.485000,9.567121,9.902217,-0.335097,-0.005724
6.486000,9.563456,9.897474,-0.334019,-0.005355
6.487000,9.559776,9.892717,-0.332941,-0.004987
6.488000,9.556081,9.887945,-0.331865,-0.004620
6.489000,9.552371,9.883159,-0.330789,-0.004255
6.490000,9.548645,9.878359,-0.329713,-0.003890
6.491000,9.544905,9.873544,-0.328639,-0.003527
6.492000,9.541150,9.868715,-0.327565,-0.003164
6.493000,9.537379,9.863871,-0.326492,-0.002803
6.494000,9.533594,9.859013,-0.325419,-0.002443
6.495000,9.529793,9.854141,-0.324347,-0.002084
6.496000,9.525978,9.849254,-0.323276,-0.001726
6.497000,9.522147,9.844353,-0.322206,-0.001369
6.498000,9.518302,9.839438,-0.321137,-0.001013
6.499000,9.514441,9.834509,-0.320068,-0.000658
6.500000,9.510565,9.829565,-0.319000,-0.000304
6.501000,9.506674,9.824607,-0.317932,0.000048
6.502000,9.502769,9.819635,-0.316866,0.000400
6.503000,9.498848,9.814648,-0.315800,0.000750
6.504000,9.494912,9.809647,-0.314735,0.001100
6.505000,9.490961,9.804632,-0.313671,0.001449
6.506000,9.486996,9.799603,-0.312607,0.001796
6.507000,9.483015,9.794559,-0.311544,0.002142
6.508000,9.479019,9.789502,-0.310482,0.002488
6.509000,9.475009,9.784430,-0.309421,0.002832
6.510000,9.470983,9.779344,-0.308361,0.003175
6.511000,9.466942,9.774244,-0.307301,0.003518
6.512000,9.462887,9.769129,-0.306242,0.003859
6.513000,9.458816,9.764001,-0.305184,0.004199
6.514000,9.454731,9.758858,-0.304127,0.004538
6.515000,9.450631,9.753701,-0.303071,0.004876
6.516000,9.446515,9.748530,-0.302015,0.005213
6.517000,9.442385,9.743345,-0.300960,0.005549
6.518000,9.438240,9.738146,-0.299906,0.005885
6.519000,9.434080,9.732933,-0.298853,0.006219
6.520000,9.429905,9.727706,-0.297800,0.006552
6.521000,9.425716,9.722464,-0.296749,0.006884
6.522000,9.421511,9.717209,-0.295698,0.007215
6.523000,9.417291,9.711939,-0.294648,0.007545
6.524000,9.413057,9.706656,-0.293599,0.007874
6.525000,9.408808,9.701358,-0.292551,0.008202
6.526000,9.404544,9.696047,-0.291503,0.008529
6.527000,9.400265,9.690721,-0.290457,0.008856
6.528000,9.395971,9.685382,-0.289411,0.009181
6.529000,9.391662,9.680028,-0.288366,0.009505
6.530000,9.387339,9.674660,-0.287322,0.009828
6.531000,9.383000,9.669279,-0.286279,0.010150
6.532000,9.378647,9.663883,-0.285236,0.010472
6.533000,9.374279,9.658474,-0.284195,0.010792
6.534000,9.369896,9.653051,-0.283154,0.011111
6.535000,9.365499,9.647613,-0.282114,0.011430
6.536000,9.361087,9.642162,-0.281075,0.011747
6.537000,9.356659,9.636697,-0.280037,0.012064
6.538000,9.352218,9.631218,-0.279000,0.012379
6.539000,9.347761,9.625725,-0.277964,0.012694
6.540000,9.343289,9.620218,-0.276929,0.013007
6.541000,9.338803,9.614697,-0.275894,0.013320
6.542000,9.334302,9.609163,-0.274860,0.013632
6.543000,9.329787,9.603614,-0.273828,0.013943
6.544000,9.325256,9.598052,-0.272796,0.014253
6.545000,9.320711,9.592476,-0.271765,0.014562
6.546000,9.316151,9.586886,-0.270735,0.014870
6.547000,9.311577,9.581283,-0.269706,0.015177
6.548000,9.306987,9.575665,-0.268678,0.015483
6.549000,9.302384,9.570034,-0.267650,0.015789
6.550000,9.297765,9.564389,-0.266624,0.016093
6.551000,9.293132,9.558730,-0.265598,0.016396
6.552000,9.288484,9.553057,-0.264574,0.016699
6.553000,9.283821,9.547371,-0.263550,0.017001
6.554000,9.279144,9.541671,-0.262527,0.017302
6.555000,9.274452,9.535957,-0.261506,0.017602
6.556000,9.269745,9.530230,-0.260485,0.017901
6.557000,9.265024,9.524488,-0.259465,0.018199
6.558000,9.260288,9.518733,-0.258446,0.018496
6.559000,9.255537,9.512965,-0.257428,0.018793
6.560000,9.250772,9.507183,-0.256410,0.019088
6.561000,9.245992,9.501387,-0.255394,0.019383
6.562000,9.241198,9.495577,-0.254379,0.019677
6.563000,9.236389,9.489754,-0.253365,0.019970
6.564000,9.231566,9.483917,-0.252351,0.020262
6.565000,9.226727,9.478066,-0.251339,0.020553
6.566000,9.221875,9.472202,-0.250327,0.020843
6.567000,9.217007,9.466324,-0.249317,0.021133
6.568000,9.212126,9.460433,-0.248307,0.021422
6.569000,9.207229,9.454528,-0.247299,0.021709
6.570000,9.202318,9.448609,-0.246291,0.021996
6.571000,9.197393,9.442677,-0.245284,0.022283
6.572000,9.192453,9.436732,-0.244279,0.022568
6.573000,9.187499,9.430772,-0.243274,0.022852
6.574000,9.182530,9.424800,-0.242270,0.023136
6.575000,9.177546,9.418813,-0.241267,0.023419
6.576000,9.172548,9.412814,-0.240265,0.023701
6.577000,9.167536,9.406800,-0.239265,0.023982
6.578000,9.162509,9.400774,-0.238265,0.024263
6.579000,9.157468,9.394733,-0.237266,0.024543
6.580000,9.152412,9.388680,-0.236268,0.024821
6.581000,9.147341,9.382612,-0.235271,0.025099
6.582000,9.142257,9.376532,-0.234275,0.025377
6.583000,9.137158,9.370437,-0.233280,0.025653
6.584000,9.132044,9.364330,-0.232286,0.025929
6.585000,9.126916,9.358209,-0.231293,0.026204
6.586000,9.121773,9.352074,-0.230301,0.026478
6.587000,9.116617,9.345927,-0.229310,0.026751
6.588000,9.111445,9.339765,-0.228320,0.027024
6.589000,9.106260,9.333591,-0.227331,0.027296
6.590000,9.101060,9.327403,-0.226343,0.027567
6.591000,9.095845,9.321201,-0.225356,0.027837
6.592000,9.090617,9.314987,-0.224370,0.028107
6.593000,9.085373,9.308759,-0.223385,0.028375
6.594000,9.080116,9.302517,-0.222401,0.028643
6.595000,9.074844,9.296262,-0.221418,0.028911
6.596000,9.069558,9.289994,-0.220436,0.029177
6.597000,9.064258,9.283713,-0.219455,0.029443
6.598000,9.058943,9.277418,-0.218475,0.029708
6.599000,9.053614,9.271110,-0.217496,0.029973
6.600000,9.048271,9.264789,-0.216519,0.030236
6.601000,9.042913,9.258455,-0.215542,0.030499
6.602000,9.037541,9.252107,-0.214566,0.030761
6.603000,9.032155,9.245746,-0.213591,0.031023
6.604000,9.026754,9.239372,-0.212617,0.031284
6.605000,9.021340,9.232984,-0.211644,0.031544
6.606000,9.015911,9.226583,-0.210673,0.031803
6.607000,9.010467,9.220169,-0.209702,0.032062
6.608000,9.005010,9.213742,-0.208732,0.032320
6.609000,8.999538,9.207302,-0.207764,0.032577
6.610000,8.994053,9.200849,-0.206796,0.032834
6.611000,8.988552,9.194382,-0.205829,0.033090
6.612000,8.983038,9.187902,-0.204864,0.033345
6.613000,8.977510,9.181409,-0.203899,0.033599
6.614000,8.971967,9.174903,-0.202936,0.033853
6.615000,8.966410,9.168384,-0.201973,0.034107
6.616000,8.960839,9.161852,-0.201012,0.034359
6.617000,8.955254,9.155306,-0.200052,0.034611
6.618000,8.949655,9.148748,-0.199092,0.034862
6.619000,8.944042,9.142176,-0.198134,0.035113
6.620000,8.938414,9.135591,-0.197177,0.035363
6.621000,8.932773,9.128993,-0.196221,0.035612
6.622000,8.927117,9.122383,-0.195266,0.035861
6.623000,8.921447,9.115759,-0.194312,0.036109
6.624000,8.915763,9.109122,-0.193358,0.036357
6.625000,8.910065,9.102472,-0.192406,0.036603
6.626000,8.904353,9.095809,-0.191456,0.036850
6.627000,8.898627,9.089133,-0.190506,0.037095
6.628000,8.892887,9.082444,-0.189557,0.037340
6.629000,8.887133,9.075742,-0.188609,0.037585
6.630000,8.881364,9.069027,-0.187662,0.037828
6.631000,8.875582,9.062299,-0.186717,0.038071
6.632000,8.869786,9.055558,-0.185772,0.038314
6.633000,8.863976,9.048804,-0.184828,0.038556
6.634000,8.858151,9.042037,-0.183886,0.038797
6.635000,8.852313,9.035258,-0.182945,0.039038
6.636000,8.846461,9.028465,-0.182004,0.039278
6.637000,8.840595,9.021659,-0.181065,0.039518
6.638000,8.834714,9.014841,-0.180127,0.039757
6.639000,8.828820,9.008010,-0.179189,0.039996
6.640000,8.822912,9.001165,-0.178253,0.040233
6.641000,8.816990,8.994308,-0.177318,0.040471
6.642000,8.811054,8.987438,-0.176384,0.040708
6.643000,8.805104,8.980556,-0.175451,0.040944
6.644000,8.799141,8.973660,-0.174519,0.041180
6.645000,8.793163,8.966752,-0.173588,0.041415
6.646000,8.787172,8.959830,-0.172659,0.041649
6.647000,8.781166,8.952896,-0.171730,0.041883
6.648000,8.775147,8.945949,-0.170802,0.042117
6.649000,8.769114,8.938990,-0.169876,0.042350
6.650000,8.763067,8.932017,-0.168950,0.042583
6.651000,8.757006,8.925032,-0.168026,0.042815
6.652000,8.750931,8.918034,-0.167103,0.043046
6.653000,8.744843,8.911023,-0.166180,0.043277
6.654000,8.738741,8.904000,-0.165259,0.043507
6.655000,8.732625,8.896963,-0.164339,0.043737
6.656000,8.726495,8.889914,-0.163420,0.043967
6.657000,8.720351,8.882853,-0.162502,0.044196
6.658000,8.714194,8.875778,-0.161585,0.044424
6.659000,8.708022,8.868691,-0.160669,0.044652
6.660000,8.701838,8.861592,-0.159754,0.044880
6.661000,8.695639,8.854479,-0.158840,0.045107
6.662000,8.689426,8.847354,-0.157928,0.045333
6.663000,8.683200,8.840216,-0.157016,0.045559
6.664000,8.676961,8.833066,-0.156106,0.045785
6.665000,8.670707,8.825903,-0.155196,0.046010
6.666000,8.664440,8.818727,-0.154288,0.046235
6.667000,8.658159,8.811539,-0.153380,0.046459
6.668000,8.651864,8.804338,-0.152474,0.046683
6.669000,8.645556,8.797125,-0.151569,0.046906
6.670000,8.639234,8.789899,-0.150665,0.047129
6.671000,8.632899,8.782660,-0.149762,0.047352
6.672000,8.626549,8.775409,-0.148860,0.047574
6.673000,8.620187,8.768146,-0.147959,0.047795
6.674000,8.613810,8.760869,-0.147059,0.048016
6.675000,8.607420,8.753581,-0.146160,0.048237
6.676000,8.601017,8.746279,-0.145263,0.048457
6.677000,8.594599,8.738966,-0.144366,0.048677
6.678000,8.588169,8.731639,-0.143471,0.048897
6.679000,8.581724,8.724300,-0.142576,0.049116
6.680000,8.575267,8.716949,-0.141683,0.049335
6.681000,8.568795,8.709585,-0.140790,0.049553
6.682000,8.562310,8.702209,-0.139899,0.049771
6.683000,8.555812,8.694821,-0.139009,0.049989
6.684000,8.549300,8.687419,-0.138120,0.050206
6.685000,8.542774,8.680006,-0.137232,0.050423
6.686000,8.536235,8.672580,-0.136345,0.050639
6.687000,8.529683,8.665142,-0.135459,0.050855
6.688000,8.523117,8.657691,-0.134574,0.051071
6.689000,8.516538,8.650228,-0.133690,0.051286
6.690000,8.509945,8.642752,-0.132807,0.051501
6.691000,8.503339,8.635264,-0.131926,0.051716
6.692000,8.496719,8.627764,-0.131045,0.051930
6.693000,8.490086,8.620251,-0.130165,0.052144
6.694000,8.483439,8.612726,-0.129287,0.052357
6.695000,8.476779,8.605189,-0.128410,0.052571
6.696000,8.470106,8.597639,-0.127533,0.052784
6.697000,8.463419,8.590077,-0.126658,0.052996
6.698000,8.456719,8.582503,-0.125784,0.053208
6.699000,8.450006,8.574917,-0.124911,0.053420
6.700000,8.443279,8.567318,-0.124038,0.053632
6.701000,8.436539,8.559707,-0.123167,0.053843
6.702000,8.429786,8.552083,-0.122297,0.054054
6.703000,8.423019,8.544448,-0.121428,0.054265
6.704000,8.416239,8.536800,-0.120561,0.054475
6.705000,8.409446,8.529140,-0.119694,0.054685
6.706000,8.402639,8.521467,-0.118828,0.054895
6.707000,8.395819,8.513783,-0.117963,0.055105
6.708000,8.388986,8.506086,-0.117100,0.055314
6.709000,8.382140,8.498377,-0.116237,0.055523
6.710000,8.375280,8.490656,-0.115375,0.055732
6.711000,8.368408,8.482923,-0.114515,0.055940
6.712000,8.361522,8.475177,-0.113656,0.056148
6.713000,8.354622,8.467420,-0.112797,0.056356
6.714000,8.347710,8.459650,-0.111940,0.056564
6.715000,8.340784,8.451868,-0.111084,0.056771
6.716000,8.333846,8.444074,-0.110228,0.056978
6.717000,8.326894,8.436268,-0.109374,0.057185
6.718000,8.319929,8.428449,-0.108521,0.057392
6.719000,8.312950,8.420619,-0.107669,0.057598
6.720000,8.305959,8.412777,-0.106818,0.057804
6.721000,8.298955,8.404922,-0.105968,0.058010
6.722000,8.291937,8.397056,-0.105119,0.058216
6.723000,8.284906,8.389177,-0.104271,0.058422
6.724000,8.277863,8.381286,-0.103424,0.058627
6.725000,8.270806,8.373384,-0.102578,0.058832
6.726000,8.263736,8.365469,-0.101733,0.059037
6.727000,8.256653,8.357542,-0.100889,0.059242
6.728000,8.249557,8.349604,-0.100047,0.059446
6.729000,8.242448,8.341653,-0.099205,0.059650
6.730000,8.235326,8.333690,-0.098364,0.059854
6.731000,8.228191,8.325715,-0.097525,0.060058
6.732000,8.221043,8.317729,-0.096686,0.060262
6.733000,8.213882,8.309730,-0.095848,0.060466
6.734000,8.206708,8.301720,-0.095012,0.060669
6.735000,8.199521,8.293697,-0.094176,0.060872
6.736000,8.192321,8.285663,-0.093342,0.061075
6.737000,8.185108,8.277617,-0.092508,0.061278
6.738000,8.177883,8.269558,-0.091676,0.061481
6.739000,8.170644,8.261488,-0.090844,0.061683
6.740000,8.163393,8.253406,-0.090014,0.061886
6.741000,8.156128,8.245312,-0.089184,0.062088
6.742000,8.148851,8.237207,-0.088356,0.062290
6.743000,8.141561,8.229089,-0.087528,0.062492
6.744000,8.134258,8.220960,-0.086702,0.062694
6.745000,8.126942,8.212818,-0.085877,0.062895
6.746000,8.119613,8.204665,-0.085052,0.063097
6.747000,8.112271,8.196500,-0.084229,0.063298
6.748000,8.104917,8.188324,-0.083407,0.063500
6.749000,8.097550,8.180135,-0.082585,0.063701
6.750000,8.090170,8.171935,-0.081765,0.063902
6.751000,8.082777,8.163723,-0.080946,0.064103
6.752000,8.075372,8.155499,-0.080127,0.064304
6.753000,8.067954,8.147264,-0.079310,0.064505
6.754000,8.060523,8.139016,-0.078494,0.064705
6.755000,8.053079,8.130757,-0.077678,0.064906
6.756000,8.045622,8.122486,-0.076864,0.065107
6.757000,8.038153,8.114204,-0.076051,0.065307
6.758000,8.030672,8.105910,-0.075238,0.065507
6.759000,8.023177,8.097604,-0.074427,0.065708
6.760000,8.015670,8.089286,-0.073617,0.065908
6.761000,8.008150,8.080957,-0.072807,0.066108
6.762000,8.000618,8.072616,-0.071999,0.066308
6.763000,7.993072,8.064264,-0.071191,0.066508
6.764000,7.985515,8.055900,-0.070385,0.066708
6.765000,7.977944,8.047524,-0.069579,0.066908
6.766000,7.970361,8.039136,-0.068775,0.067108
6.767000,7.962766,8.030737,-0.067971,0.067308
6.768000,7.955158,8.022327,-0.067169,0.067508
6.769000,7.947537,8.013905,-0.066367,0.067707
6.770000,7.939904,8.005471,-0.065567,0.067907
6.771000,7.932258,7.997025,-0.064767,0.068107
6.772000,7.924600,7.988568,-0.063969,0.068306
6.773000,7.916929,7.980100,-0.063171,0.068506
6.774000,7.909246,7.971620,-0.062374,0.068706
6.775000,7.901550,7.963128,-0.061578,0.068905
6.776000,7.893842,7.954625,-0.060783,0.069105
6.777000,7.886121,7.946111,-0.059990,0.069305
6.778000,7.878388,7.937585,-0.059197,0.069504
6.779000,7.870642,7.929047,-0.058405,0.069704
6.780000,7.862884,7.920498,-0.057614,0.069904
6.781000,7.855114,7.911938,-0.056824,0.070103
6.782000,7.847331,7.903366,-0.056035,0.070303
6.783000,7.839536,7.894782,-0.055246,0.070503
6.784000,7.831728,7.886187,-0.054459,0.070702
6.785000,7.823908,7.877581,-0.053673,0.070902
6.786000,7.816076,7.868963,-0.052888,0.071102
6.787000,7.808231,7.860334,-0.052103,0.071302
6.788000,7.800374,7.851694,-0.051320,0.071501
6.789000,7.792505,7.843042,-0.050537,0.071701
6.790000,7.784623,7.834379,-0.049756,0.071901
6.791000,7.776729,7.825704,-0.048975,0.072101
6.792000,7.768823,7.817018,-0.048195,0.072301
6.793000,7.760904,7.808321,-0.047416,0.072501
6.794000,7.752974,7.799612,-0.046638,0.072701
6.795000,7.745031,7.790892,-0.045861,0.072902
6.796000,7.737075,7.782161,-0.045085,0.073102
6.797000,7.729108,7.773418,-0.044310,0.073302
6.798000,7.721128,7.764664,-0.043536,0.073503
6.799000,7.713136,7.755899,-0.042763,0.073703
6.800000,7.705132,7.747123,-0.041990,0.073904
6.801000,7.697116,7.738335,-0.041219,0.074104
6.802000,7.689088,7.729536,-0.040448,0.074305
6.803000,7.681047,7.720726,-0.039678,0.074506
6.804000,7.672995,7.711904,-0.038909,0.074707
6.805000,7.664930,7.703072,-0.038142,0.074908
6.806000,7.656853,7.694228,-0.037374,0.075109
6.807000,7.648764,7.685373,-0.036608,0.075311
6.808000,7.640663,7.676506,-0.035843,0.075512
6.809000,7.632550,7.667629,-0.035079,0.075713
6.810000,7.624425,7.658740,-0.034315,0.075915
6.811000,7.616288,7.649841,-0.033553,0.076117
6.812000,7.608139,7.640930,-0.032791,0.076319
6.813000,7.599978,7.632008,-0.032030,0.076521
6.814000,7.591804,7.623074,-0.031270,0.076723
6.815000,7.583619,7.614130,-0.030511,0.076925
6.816000,7.575422,7.605175,-0.029753,0.077128
6.817000,7.567213,7.596208,-0.028995,0.077330
6.818000,7.558992,7.587231,-0.028239,0.077533
6.819000,7.550759,7.578242,-0.027483,0.077736
6.820000,7.542514,7.569242,-0.026728,0.077939
6.821000,7.534257,7.560231,-0.025974,0.078142
6.822000,7.525988,7.551209,-0.025221,0.078345
6.823000,7.517708,7.542177,-0.024469,0.078549
6.824000,7.509415,7.533133,-0.023718,0.078752
6.825000,7.501111,7.524078,-0.022967,0.078956
6.826000,7.492794,7.515012,-0.022217,0.079160
6.827000,7.484466,7.505935,-0.021469,0.079364
6.828000,7.476127,7.496847,-0.020721,0.079569
6.829000,7.467775,7.487748,-0.019973,0.079773
6.830000,7.459411,7.478638,-0.019227,0.079978
6.831000,7.451036,7.469518,-0.018481,0.080183
6.832000,7.442649,7.460386,-0.017737,0.080388
6.833000,7.434250,7.451243,-0.016993,0.080594
6.834000,7.425840,7.442090,-0.016250,0.080799
6.835000,7.417418,7.432925,-0.015508,0.081005
6.836000,7.408984,7.423750,-0.014766,0.081211
6.837000,7.400538,7.414564,-0.014026,0.081417
6.838000,7.392081,7.405367,-0.013286,0.081624
6.839000,7.383612,7.396159,-0.012547,0.081830
6.840000,7.375131,7.386940,-0.011809,0.082037
6.841000,7.366639,7.377710,-0.011071,0.082244
6.842000,7.358135,7.368470,-0.010335,0.082451
6.843000,7.349619,7.359218,-0.009599,0.082659
6.844000,7.341092,7.349956,-0.008864,0.082867
6.845000,7.332553,7.340683,-0.008130,0.083075
6.846000,7.324003,7.331400,-0.007396,0.083283
6.847000,7.315441,7.322105,-0.006664,0.083492
6.848000,7.306868,7.312800,-0.005932,0.083700
6.849000,7.298283,7.303484,-0.005201,0.083909
6.850000,7.289686,7.294157,-0.004471,0.084119
6.851000,7.281078,7.284819,-0.003741,0.084328
6.852000,7.272459,7.275471,-0.003012,0.084538
6.853000,7.263828,7.266112,-0.002284,0.084748
6.854000,7.255185,7.256742,-0.001557,0.084958
6.855000,7.246531,7.247362,-0.000831,0.085169
6.856000,7.237866,7.237971,-0.000105,0.085380
6.857000,7.229189,7.228569,0.000620,0.085591
6.858000,7.220501,7.219157,0.001344,0.085803
6.859000,7.211801,7.209734,0.002067,0.086014
6.860000,7.203090,7.200300,0.002790,0.086226
6.861000,7.194368,7.190856,0.003512,0.086439
6.862000,7.185634,7.181401,0.004233,0.086651
6.863000,7.176889,7.171935,0.004954,0.086864
6.864000,7.168133,7.162459,0.005673,0.087077
6.865000,7.159365,7.152973,0.006392,0.087291
6.866000,7.150586,7.143475,0.007111,0.087505
6.867000,7.141795,7.133967,0.007828,0.087719
6.868000,7.132994,7.124449,0.008545,0.087933
6.869000,7.124181,7.114920,0.009261,0.088148
6.870000,7.115357,7.105381,0.009976,0.088363
6.871000,7.106521,7.095830,0.010691,0.088578
6.872000,7.097675,7.086270,0.011405,0.088794
6.873000,7.088817,7.076699,0.012118,0.089010
6.874000,7.079948,7.067117,0.012831,0.089227
6.875000,7.071068,7.057525,0.013542,0.089443
6.876000,7.062176,7.047923,0.014253,0.089660
6.877000,7.053274,7.038310,0.014964,0.089878
6.878000,7.044360,7.028687,0.015674,0.090096
6.879000,7.035436,7.019053,0.016383,0.090314
6.880000,7.026500,7.009409,0.017091,0.090532
6.881000,7.017553,6.999754,0.017799,0.090751
6.882000,7.008595,6.990089,0.018506,0.090970
6.883000,6.999626,6.980414,0.019212,0.091190
6.884000,6.990645,6.970728,0.019918,0.091409
6.885000,6.981654,6.961032,0.020622,0.091630
6.886000,6.972652,6.951325,0.021327,0.091850
6.887000,6.963639,6.941608,0.022030,0.092071
6.888000,6.954614,6.931881,0.022733,0.092293
6.889000,6.945579,6.922144,0.023436,0.092514
6.890000,6.936533,6.912396,0.024137,0.092736
6.891000,6.927476,6.902638,0.024838,0.092959
6.892000,6.918408,6.892869,0.025539,0.093182
6.893000,6.909329,6.883091,0.026238,0.093405
6.894000,6.900239,6.873302,0.026937,0.093628
6.895000,6.891138,6.863502,0.027636,0.093852
6.896000,6.882026,6.853693,0.028334,0.094077
6.897000,6.872904,6.843873,0.029031,0.094302
6.898000,6.863770,6.834043,0.029727,0.094527
6.899000,6.854626,6.824203,0.030423,0.094752
6.900000,6.845471,6.814353,0.031118,0.094978
6.901000,6.836305,6.804492,0.031813,0.095205
6.902000,6.827128,6.794622,0.032507,0.095432
6.903000,6.817941,6.784741,0.033200,0.095659
6.904000,6.808743,6.774850,0.033893,0.095887
6.905000,6.799534,6.764948,0.034585,0.096115
6.906000,6.790314,6.755037,0.035277,0.096343
6.907000,6.781084,6.745116,0.035968,0.096572
6.908000,6.771842,6.735184,0.036658,0.096801
6.909000,6.762591,6.725243,0.037348,0.097031
6.910000,6.753328,6.715291,0.038037,0.097261
6.911000,6.744055,6.705329,0.038726,0.097492
6.912000,6.734771,6.695357,0.039414,0.097723
6.913000,6.725477,6.685375,0.040101,0.097954
6.914000,6.716171,6.675383,0.040788,0.098186
6.915000,6.706856,6.665381,0.041475,0.098419
6.916000,6.697529,6.655369,0.042160,0.098652
6.917000,6.688193,6.645347,0.042845,0.098885
6.918000,6.678845,6.635315,0.043530,0.099119
6.919000,6.669487,6.625273,0.044214,0.099353
6.920000,6.660119,6.615221,0.044898,0.099587
6.921000,6.650740,6.605159,0.045580,0.099822
6.922000,6.641350,6.595087,0.046263,0.100058
6.923000,6.631950,6.585005,0.046945,0.100294
6.924000,6.622540,6.574914,0.047626,0.100530
6.925000,6.613119,6.564812,0.048307,0.100767
6.926000,6.603687,6.554700,0.048987,0.101005
6.927000,6.594245,6.544579,0.049666,0.101243
6.928000,6.584793,6.534448,0.050346,0.101481
6.929000,6.575331,6.524306,0.051024,0.101720
6.930000,6.565858,6.514155,0.051702,0.101959
6.931000,6.556374,6.503994,0.052380,0.102199
6.932000,6.546880,6.493824,0.053057,0.102439
6.933000,6.537376,6.483643,0.053733,0.102680
6.934000,6.527862,6.473453,0.054409,0.102921
6.935000,6.518337,6.463252,0.055085,0.103163
6.936000,6.508802,6.453042,0.055760,0.103405
6.937000,6.499257,6.442823,0.056434,0.103648
6.938000,6.489701,6.432593,0.057108,0.103891
6.939000,6.480136,6.422354,0.057782,0.104134
6.940000,6.470560,6.412105,0.058455,0.104379
6.941000,6.460973,6.401846,0.059127,0.104623
6.942000,6.451377,6.391577,0.059799,0.104868
6.943000,6.441770,6.381299,0.060471,0.105114
6.944000,6.432153,6.371011,0.061142,0.105360
6.945000,6.422527,6.360714,0.061813,0.105607
6.946000,6.412889,6.350407,0.062483,0.105854
6.947000,6.403242,6.340090,0.063153,0.106102
6.948000,6.393585,6.329763,0.063822,0.106350
6.949000,6.383917,6.319427,0.064491,0.106599
6.950000,6.374240,6.309081,0.065159,0.106848
6.951000,6.364552,6.298726,0.065827,0.107098
6.952000,6.354855,6.288361,0.066494,0.107348
6.953000,6.345147,6.277986,0.067161,0.107599
6.954000,6.335429,6.267602,0.067827,0.107851
6.955000,6.325702,6.257208,0.068494,0.108102
6.956000,6.315964,6.246805,0.069159,0.108355
6.957000,6.306216,6.236392,0.069824,0.108608
6.958000,6.296459,6.225970,0.070489,0.108861
6.959000,6.286691,6.215538,0.071153,0.109115
6.960000,6.276914,6.205096,0.071817,0.109370
6.961000,6.267126,6.194645,0.072481,0.109625
6.962000,6.257329,6.184185,0.073144,0.109881
6.963000,6.247522,6.173715,0.073807,0.110137
6.964000,6.237705,6.163236,0.074469,0.110394
6.965000,6.227878,6.152747,0.075131,0.110651
6.966000,6.218041,6.142249,0.075792,0.110909
6.967000,6.208195,6.131741,0.076453,0.111167
6.968000,6.198338,6.121224,0.077114,0.111426
6.969000,6.188472,6.110698,0.077774,0.111686
6.970000,6.178596,6.100162,0.078434,0.111946
6.971000,6.168710,6.089617,0.079093,0.112206
6.972000,6.158815,6.079063,0.079753,0.112467
6.973000,6.148910,6.068499,0.080411,0.112729
6.974000,6.138995,6.057925,0.081070,0.112991
6.975000,6.129071,6.047343,0.081728,0.113254
6.976000,6.119136,6.036751,0.082385,0.113518
6.977000,6.109192,6.026150,0.083042,0.113782
6.978000,6.099239,6.015540,0.083699,0.114046
6.979000,6.089276,6.004920,0.084356,0.114311
6.980000,6.079303,5.994291,0.085012,0.114577
6.981000,6.069321,5.983653,0.085668,0.114843
6.982000,6.059329,5.973005,0.086323,0.115110
6.983000,6.049327,5.962349,0.086978,0.115378
6.984000,6.039316,5.951683,0.087633,0.115646
6.985000,6.029295,5.941008,0.088288,0.115914
6.986000,6.019265,5.930323,0.088942,0.116183
6.987000,6.009226,5.919630,0.089596,0.116453
6.988000,5.999177,5.908927,0.090249,0.116723
6.989000,5.989118,5.898216,0.090902,0.116994
6.990000,5.979050,5.887495,0.091555,0.117266
6.991000,5.968972,5.876765,0.092207,0.117538
6.992000,5.958885,5.866026,0.092860,0.117810
6.993000,5.948789,5.855278,0.093512,0.118084
6.994000,5.938683,5.844520,0.094163,0.118357
6.995000,5.928568,5.833754,0.094814,0.118632
6.996000,5.918444,5.822978,0.095465,0.118907
6.997000,5.908310,5.812194,0.096116,0.119182
6.998000,5.898167,5.801400,0.096766,0.119459
6.999000,5.888014,5.790598,0.097416,0.119735
7.000000,5.877853,5.779786,0.098066,0.120013
7.001000,5.867681,5.768966,0.098716,0.120291
7.002000,5.857501,5.758136,0.099365,0.120569
7.003000,5.847312,5.747298,0.100014,0.120849
7.004000,5.837113,5.736450,0.100663,0.121128
7.005000,5.826905,5.725594,0.101311,0.121409
7.006000,5.816688,5.714728,0.101959,0.121690
7.007000,5.806461,5.703854,0.102607,0.121971
7.008000,5.796226,5.692971,0.103255,0.122254
7.009000,5.785981,5.682079,0.103902,0.122536
7.010000,5.775727,5.671178,0.104549,0.122820
7.011000,5.765464,5.660268,0.105196,0.123104
7.012000,5.755192,5.649349,0.105843,0.123389
7.013000,5.744911,5.638422,0.106489,0.123674
7.014000,5.734621,5.627485,0.107135,0.123960
7.015000,5.724321,5.616540,0.107781,0.124246
7.016000,5.714013,5.605586,0.108427,0.124533
7.017000,5.703696,5.594623,0.109072,0.124821
7.018000,5.693369,5.583652,0.109717,0.125109
7.019000,5.683034,5.572671,0.110362,0.125398
7.020000,5.672689,5.561682,0.111007,0.125688
7.021000,5.662336,5.550684,0.111652,0.125978
7.022000,5.651974,5.539678,0.112296,0.126269
7.023000,5.641603,5.528663,0.112940,0.126560
7.024000,5.631223,5.517639,0.113584,0.126852
7.025000,5.620834,5.506606,0.114228,0.127145
7.026000,5.610436,5.495565,0.114871,0.127438
7.027000,5.600029,5.484515,0.115515,0.127732
7.028000,5.589614,5.473456,0.116158,0.128027
7.029000,5.579189,5.462389,0.116801,0.128322
7.030000,5.568756,5.451313,0.117444,0.128618
7.031000,5.558314,5.440228,0.118086,0.128914
7.032000,5.547863,5.429135,0.118728,0.129211
7.033000,5.537404,5.418033,0.119371,0.129509
7.034000,5.526936,5.406923,0.120013,0.129808
7.035000,5.516459,5.395804,0.120655,0.130106
7.036000,5.505973,5.384677,0.121296,0.130406
7.037000,5.495479,5.373541,0.121938,0.130706
7.038000,5.484976,5.362396,0.122579,0.131007
7.039000,5.474464,5.351243,0.123220,0.131309
7.040000,5.463943,5.340082,0.123862,0.131611
7.041000,5.453414,5.328912,0.124502,0.131914
7.042000,5.442877,5.317734,0.125143,0.132217
7.043000,5.432331,5.306547,0.125784,0.132521
7.044000,5.421776,5.295352,0.126424,0.132826
7.045000,5.411213,5.284148,0.127065,0.133131
7.046000,5.400641,5.272936,0.127705,0.133437
7.047000,5.390060,5.261715,0.128345,0.133743
7.048000,5.379471,5.250486,0.128985,0.134051
7.049000,5.368874,5.239249,0.129625,0.134358
7.050000,5.358268,5.228003,0.130264,0.134667
7.051000,5.347654,5.216750,0.130904,0.134976
7.052000,5.337031,5.205487,0.131544,0.135286
7.053000,5.326400,5.194217,0.132183,0.135596
7.054000,5.315760,5.182938,0.132822,0.135907
7.055000,5.305112,5.171651,0.133461,0.136219
7.056000,5.294455,5.160355,0.134100,0.136531
7.057000,5.283791,5.149051,0.134739,0.136844
7.058000,5.273118,5.137739,0.135378,0.137158
7.059000,5.262436,5.126419,0.136017,0.137472
7.060000,5.251746,5.115091,0.136656,0.137787
7.061000,5.241048,5.103754,0.137294,0.138103
7.062000,5.230342,5.092409,0.137933,0.138419
7.063000,5.219627,5.081056,0.138571,0.138736
7.064000,5.208904,5.069695,0.139209,0.139053
7.065000,5.198173,5.058326,0.139848,0.139371
7.066000,5.187434,5.046948,0.140486,0.139690
7.067000,5.176687,5.035563,0.141124,0.140009
7.068000,5.165931,5.024169,0.141762,0.140329
7.069000,5.155167,5.012767,0.142400,0.140650
7.070000,5.144395,5.001357,0.143038,0.140971
7.071000,5.133615,4.989940,0.143676,0.141293
7.072000,5.122827,4.978514,0.144314,0.141616
7.073000,5.112031,4.967080,0.144951,0.141939
7.074000,5.101227,4.955638,0.145589,0.142263
7.075000,5.090414,4.944187,0.146227,0.142588
7.076000,5.079594,4.932729,0.146864,0.142913
7.077000,5.068765,4.921263,0.147502,0.143239
7.078000,5.057929,4.909789,0.148139,0.143565
7.079000,5.047084,4.898307,0.148777,0.143892
7.080000,5.036232,4.886818,0.149415,0.144220
7.081000,5.025372,4.875320,0.150052,0.144548
7.082000,5.014503,4.863814,0.150689,0.144877
7.083000,5.003627,4.852300,0.151327,0.145207
7.084000,4.992743,4.840779,0.151964,0.145538
7.085000,4.981851,4.829249,0.152602,0.145868
7.086000,4.970951,4.817712,0.153239,0.146200
7.087000,4.960043,4.806167,0.153876,0.146532
7.088000,4.949128,4.794614,0.154514,0.146865
7.089000,4.938205,4.783053,0.155151,0.147199
7.090000,4.927273,4.771485,0.155788,0.147533
7.091000,4.916334,4.759909,0.156426,0.147868
7.092000,4.905388,4.748325,0.157063,0.148203
7.093000,4.894433,4.736733,0.157701,0.148540
7.094000,4.883471,4.725133,0.158338,0.148876
7.095000,4.872501,4.713526,0.158975,0.149214
7.096000,4.861524,4.701911,0.159613,0.149552
7.097000,4.850538,4.690288,0.160250,0.149891
7.098000,4.839545,4.678658,0.160888,0.150230
7.099000,4.828545,4.667020,0.161525,0.150570
7.100000,4.817537,4.655374,0.162163,0.150910
7.101000,4.806521,4.643721,0.162800,0.151252
7.102000,4.795498,4.632060,0.163438,0.151594
7.103000,4.784467,4.620391,0.164075,0.151936
7.104000,4.773428,4.608715,0.164713,0.152279
7.105000,4.762382,4.597031,0.165351,0.152623
7.106000,4.751328,4.585340,0.165989,0.152968
7.107000,4.740267,4.573641,0.166626,0.153313
7.108000,4.729199,4.561935,0.167264,0.153658
7.109000,4.718123,4.550221,0.167902,0.154005
7.110000,4.707039,4.538499,0.168540,0.154352
7.111000,4.695948,4.526770,0.169178,0.154699
7.112000,4.684850,4.515034,0.169816,0.155048
7.113000,4.673744,4.503290,0.170454,0.155397
7.114000,4.662631,4.491539,0.171092,0.155746
7.115000,4.651511,4.479780,0.171731,0.156096
7.116000,4.640383,4.468014,0.172369,0.156447
7.117000,4.629248,4.456240,0.173007,0.156799
7.118000,4.618105,4.444459,0.173646,0.157151
7.119000,4.606956,4.432671,0.174285,0.157503
7.120000,4.595799,4.420875,0.174923,0.157857
7.121000,4.584634,4.409072,0.175562,0.158211
7.122000,4.573463,4.397262,0.176201,0.158565
7.123000,4.562284,4.385444,0.176840,0.158921
7.124000,4.551098,4.373619,0.177479,0.159276
7.125000,4.539905,4.361787,0.178118,0.159633
7.126000,4.528705,4.349948,0.178757,0.159990
7.127000,4.517497,4.338101,0.179396,0.160348
7.128000,4.506283,4.326247,0.180036,0.160706
7.129000,4.495061,4.314386,0.180675,0.161065
7.130000,4.483832,4.302517,0.181315,0.161425
7.131000,4.472596,4.290642,0.181955,0.161785
7.132000,4.461353,4.278759,0.182594,0.162146
7.133000,4.450103,4.266869,0.183234,0.162507
7.134000,4.438846,4.254972,0.183875,0.162869
7.135000,4.427582,4.243068,0.184515,0.163232
7.136000,4.416311,4.231156,0.185155,0.163595
7.137000,4.405033,4.219238,0.185796,0.163959
7.138000,4.393748,4.207312,0.186436,0.164324
7.139000,4.382456,4.195380,0.187077,0.164689
7.140000,4.371158,4.183440,0.187718,0.165055
7.141000,4.359852,4.171493,0.188359,0.165421
7.142000,4.348539,4.159540,0.189000,0.165788
7.143000,4.337220,4.147579,0.189641,0.166156
7.144000,4.325894,4.135611,0.190282,0.166524
7.145000,4.314560,4.123636,0.190924,0.166893
7.146000,4.303221,4.111655,0.191566,0.167262
7.147000,4.291874,4.099666,0.192207,0.167632
7.148000,4.280520,4.087671,0.192849,0.168003
7.149000,4.269160,4.075668,0.193492,0.168374
7.150000,4.257793,4.063659,0.194134,0.168746
7.151000,4.246419,4.051643,0.194776,0.169119
7.152000,4.235039,4.039620,0.195419,0.169492
7.153000,4.223652,4.027590,0.196062,0.169865
7.154000,4.212258,4.015553,0.196705,0.170240
7.155000,4.200857,4.003509,0.197348,0.170615
7.156000,4.189450,3.991459,0.197991,0.170990
7.157000,4.178036,3.979402,0.198635,0.171366
7.158000,4.166616,3.967338,0.199278,0.171743
7.159000,4.155189,3.955267,0.199922,0.172120
7.160000,4.143756,3.943190,0.200566,0.172498
7.161000,4.132316,3.931106,0.201210,0.172877
7.162000,4.120869,3.919015,0.201855,0.173256
7.163000,4.109416,3.906917,0.202499,0.173635
7.164000,4.097957,3.894813,0.203144,0.174015
7.165000,4.086491,3.882702,0.203789,0.174396
7.166000,4.075018,3.870584,0.204434,0.174778
7.167000,4.063539,3.858460,0.205079,0.175160
7.168000,4.052054,3.846329,0.205725,0.175542
7.169000,4.040562,3.834192,0.206370,0.175925
7.170000,4.029064,3.822048,0.207016,0.176309
7.171000,4.017560,3.809897,0.207663,0.176693
7.172000,4.006049,3.797740,0.208309,0.177078
7.173000,3.994532,3.785577,0.208955,0.177464
7.174000,3.983009,3.773407,0.209602,0.177850
7.175000,3.971479,3.761230,0.210249,0.178236
7.176000,3.959943,3.749047,0.210896,0.178623
7.177000,3.948401,3.736857,0.211544,0.179011
7.178000,3.936852,3.724661,0.212191,0.179400
7.179000,3.925298,3.712459,0.212839,0.179788
7.180000,3.913737,3.700250,0.213487,0.180178
7.181000,3.902170,3.688034,0.214135,0.180568
7.182000,3.890596,3.675813,0.214784,0.180958
7.183000,3.879017,3.663585,0.215432,0.181350
7.184000,3.867432,3.651350,0.216081,0.181741
7.185000,3.855840,3.639110,0.216730,0.182134
7.186000,3.844242,3.626862,0.217380,0.182526
7.187000,3.832638,3.614609,0.218029,0.182920
7.188000,3.821029,3.602349,0.218679,0.183314
7.189000,3.809413,3.590083,0.219329,0.183708
7.190000,3.797791,3.577811,0.219980,0.184103
7.191000,3.786163,3.565533,0.220630,0.184499
7.192000,3.774529,3.553248,0.221281,0.184895
7.193000,3.762889,3.540957,0.221932,0.185291
7.194000,3.751244,3.528660,0.222583,0.185689
7.195000,3.739592,3.516357,0.223235,0.186086
7.196000,3.727934,3.504048,0.223887,0.186485
7.197000,3.716271,3.491732,0.224539,0.186884
7.198000,3.704602,3.479411,0.225191,0.187283
7.199000,3.692927,3.467083,0.225844,0.187683
7.200000,3.681246,3.454749,0.226496,0.188083
7.201000,3.669559,3.442409,0.227150,0.188484
7.202000,3.657866,3.430063,0.227803,0.188886
7.203000,3.646168,3.417711,0.228457,0.189288
7.204000,3.634464,3.405353,0.229110,0.189690
7.205000,3.622754,3.392989,0.229764,0.190093
7.206000,3.611038,3.380619,0.230419,0.190497
7.207000,3.599317,3.368243,0.231074,0.190901
7.208000,3.587590,3.355861,0.231728,0.191306
7.209000,3.575857,3.343473,0.232384,0.191711
7.210000,3.564119,3.331080,0.233039,0.192116
7.211000,3.552375,3.318680,0.233695,0.192523
7.212000,3.540625,3.306274,0.234351,0.192929
7.213000,3.528870,3.293863,0.235007,0.193337
7.214000,3.517109,3.281446,0.235664,0.193744
7.215000,3.505343,3.269022,0.236321,0.194152
7.216000,3.493571,3.256594,0.236978,0.194561
7.217000,3.481794,3.244159,0.237635,0.194970
7.218000,3.470011,3.231718,0.238293,0.195380
7.219000,3.458223,3.219272,0.238951,0.195790
7.220000,3.446429,3.206820,0.239609,0.196201
7.221000,3.434630,3.194362,0.240268,0.196612
7.222000,3.422825,3.181899,0.240927,0.197024
7.223000,3.411015,3.169429,0.241586,0.197436
7.224000,3.399200,3.156955,0.242245,0.197849
7.225000,3.387379,3.144474,0.242905,0.198262
7.226000,3.375553,3.131988,0.243565,0.198676
7.227000,3.363722,3.119496,0.244226,0.199090
7.228000,3.351885,3.106999,0.244886,0.199504
7.229000,3.340043,3.094496,0.245547,0.199919
7.230000,3.328195,3.081987,0.246208,0.200335
7.231000,3.316343,3.069473,0.246870,0.200751
7.232000,3.304485,3.056953,0.247532,0.201167
7.233000,3.292622,3.044428,0.248194,0.201584
7.234000,3.280754,3.031897,0.248856,0.202002
7.235000,3.268880,3.019361,0.249519,0.202420
7.236000,3.257002,3.006819,0.250182,0.202838
7.237000,3.245118,2.994272,0.250846,0.203257
7.238000,3.233229,2.981720,0.251509,0.203676
7.239000,3.221335,2.969162,0.252173,0.204096
7.240000,3.209436,2.956598,0.252838,0.204516
7.241000,3.197532,2.944030,0.253502,0.204937
7.242000,3.185623,2.931455,0.254167,0.205358
7.243000,3.173709,2.918876,0.254833,0.205779
7.244000,3.161789,2.906291,0.255498,0.206201
7.245000,3.149865,2.893701,0.256164,0.206624
7.246000,3.137936,2.881106,0.256830,0.207047
7.247000,3.126002,2.868505,0.257497,0.207470
7.248000,3.114063,2.855899,0.258164,0.207894
7.249000,3.102119,2.843288,0.258831,0.208318
7.250000,3.090170,2.830671,0.259499,0.208742
7.251000,3.078216,2.818050,0.260166,0.209167
7.252000,3.066258,2.805423,0.260835,0.209593
7.253000,3.054294,2.792791,0.261503,0.210019
7.254000,3.042326,2.780154,0.262172,0.210445
7.255000,3.030353,2.767512,0.262841,0.210872
7.256000,3.018375,2.754864,0.263511,0.211299
7.257000,3.006392,2.742212,0.264180,0.211726
7.258000,2.994405,2.729554,0.264851,0.212154
7.259000,2.982413,2.716892,0.265521,0.212583
7.260000,2.970416,2.704224,0.266192,0.213011
7.261000,2.958414,2.691551,0.266863,0.213441
7.262000,2.946408,2.678874,0.267535,0.213870
7.263000,2.934397,2.666191,0.268206,0.214300
7.264000,2.922382,2.653503,0.268879,0.214730
7.265000,2.910362,2.640811,0.269551,0.215161
7.266000,2.898337,2.628113,0.270224,0.215592
7.267000,2.886308,2.615411,0.270897,0.216024
7.268000,2.874274,2.602703,0.271571,0.216456
7.269000,2.862236,2.589991,0.272244,0.216888
7.270000,2.850193,2.577274,0.272919,0.217321
7.271000,2.838145,2.564552,0.273593,0.217754
7.272000,2.826093,2.551825,0.274268,0.218187
7.273000,2.814037,2.539094,0.274943,0.218621
7.274000,2.801976,2.526357,0.275619,0.219055
7.275000,2.789911,2.513616,0.276295,0.219490
7.276000,2.777841,2.500870,0.276971,0.219925
7.277000,2.765767,2.488120,0.277648,0.220360
7.278000,2.753689,2.475364,0.278325,0.220796
7.279000,2.741606,2.462604,0.279002,0.221232
7.280000,2.729519,2.449840,0.279680,0.221668
7.281000,2.717428,2.437070,0.280358,0.222105
7.282000,2.705332,2.424296,0.281036,0.222542
7.283000,2.693232,2.411518,0.281715,0.222979
7.284000,2.681128,2.398735,0.282394,0.223417
7.285000,2.669020,2.385947,0.283073,0.223855
7.286000,2.656907,2.373154,0.283753,0.224294
7.287000,2.644790,2.360357,0.284433,0.224732
7.288000,2.632669,2.347556,0.285113,0.225172
7.289000,2.620544,2.334750,0.285794,0.225611
7.290000,2.608415,2.321940,0.286475,0.226051
7.291000,2.596282,2.309125,0.287157,0.226491
7.292000,2.584144,2.296305,0.287839,0.226931
7.293000,2.572003,2.283482,0.288521,0.227372
7.294000,2.559857,2.270653,0.289204,0.227813
7.295000,2.547707,2.257821,0.289887,0.228254
7.296000,2.535554,2.244984,0.290570,0.228696
7.297000,2.523396,2.232142,0.291253,0.229138
7.298000,2.511234,2.219297,0.291937,0.229580
7.299000,2.499068,2.206447,0.292622,0.230023
7.300000,2.486899,2.193592,0.293307,0.230466
7.301000,2.474725,2.180734,0.293992,0.230909
7.302000,2.462548,2.167871,0.294677,0.231353
7.303000,2.450367,2.155004,0.295363,0.231796
7.304000,2.438181,2.142132,0.296049,0.232240
7.305000,2.425992,2.129257,0.296735,0.232685
7.306000,2.413799,2.116377,0.297422,0.233129
7.307000,2.401603,2.103493,0.298109,0.233574
7.308000,2.389402,2.090605,0.298797,0.234020
7.309000,2.377198,2.077713,0.299485,0.234465
7.310000,2.364990,2.064817,0.300173,0.234911
7.311000,2.352778,2.051916,0.300862,0.235357
7.312000,2.340563,2.039012,0.301551,0.235803
7.313000,2.328344,2.026103,0.302240,0.236250
7.314000,2.316121,2.013191,0.302930,0.236697
7.315000,2.303894,2.000274,0.303620,0.237144
7.316000,2.291664,1.987354,0.304310,0.237591
7.317000,2.279430,1.974429,0.305001,0.238038
7.318000,2.267193,1.961501,0.305692,0.238486
7.319000,2.254952,1.948568,0.306384,0.238934
7.320000,2.242708,1.935632,0.307076,0.239383
7.321000,2.230460,1.922692,0.307768,0.239831
7.322000,2.218208,1.909747,0.308461,0.240280
7.323000,2.205953,1.896799,0.309154,0.240729
7.324000,2.193694,1.883848,0.309847,0.241178
7.325000,2.181432,1.870892,0.310540,0.241628
7.326000,2.169167,1.857932,0.311234,0.242077
7.327000,2.156898,1.844969,0.311929,0.242527
7.328000,2.144626,1.832002,0.312624,0.242978
7.329000,2.132350,1.819031,0.313319,0.243428
7.330000,2.120071,1.806057,0.314014,0.243878
7.331000,2.107789,1.793079,0.314710,0.244329
7.332000,2.095503,1.780097,0.315406,0.244780
7.333000,2.083214,1.767111,0.316103,0.245231
7.334000,2.070922,1.754122,0.316799,0.245683
7.335000,2.058626,1.741129,0.317497,0.246134
7.336000,2.046327,1.728133,0.318194,0.246586
7.337000,2.034025,1.715133,0.318892,0.247038
7.338000,2.021720,1.702129,0.319590,0.247490
7.339000,2.009411,1.689122,0.320289,0.247943
7.340000,1.997100,1.676112,0.320988,0.248395
7.341000,1.984785,1.663098,0.321687,0.248848
7.342000,1.972467,1.650080,0.322387,0.249301
7.343000,1.960146,1.637059,0.323087,0.249754
7.344000,1.947822,1.624034,0.323788,0.250207
7.345000,1.935495,1.611006,0.324488,0.250660
7.346000,1.923164,1.597975,0.325190,0.251114
7.347000,1.910831,1.584940,0.325891,0.251568
7.348000,1.898495,1.571902,0.326593,0.252021
7.349000,1.886155,1.558860,0.327295,0.252475
7.350000,1.873813,1.545816,0.327998,0.252930
7.351000,1.861468,1.532767,0.328700,0.253384
7.352000,1.849120,1.519716,0.329404,0.253838
7.353000,1.836769,1.506661,0.330107,0.254293
7.354000,1.824415,1.493603,0.330811,0.254748
7.355000,1.812058,1.480542,0.331515,0.255203
7.356000,1.799698,1.467478,0.332220,0.255658
7.357000,1.787335,1.454410,0.332925,0.256113
7.358000,1.774970,1.441339,0.333630,0.256568
7.359000,1.762602,1.428266,0.334336,0.257023
7.360000,1.750231,1.415189,0.335042,0.257479
7.361000,1.737857,1.402108,0.335748,0.257934
7.362000,1.725480,1.389025,0.336455,0.258390
7.363000,1.713101,1.375939,0.337162,0.258846
7.364000,1.700719,1.362850,0.337869,0.259302
7.365000,1.688334,1.349757,0.338577,0.259758
7.366000,1.675947,1.336662,0.339285,0.260214
7.367000,1.663557,1.323564,0.339994,0.260670
7.368000,1.651165,1.310462,0.340702,0.261126
7.369000,1.638769,1.297358,0.341411,0.261583
7.370000,1.626372,1.284251,0.342121,0.262039
7.371000,1.613971,1.271141,0.342831,0.262496
7.372000,1.601568,1.258028,0.343541,0.262953
7.373000,1.589163,1.244912,0.344251,0.263409
7.374000,1.576755,1.231793,0.344962,0.263866
7.375000,1.564345,1.218672,0.345673,0.264323
7.376000,1.551932,1.205547,0.346384,0.264780
7.377000,1.539516,1.192420,0.347096,0.265237
7.378000,1.527099,1.179290,0.347808,0.265694
7.379000,1.514678,1.166158,0.348521,0.266151
7.380000,1.502256,1.153022,0.349233,0.266608
7.381000,1.489831,1.139884,0.349946,0.267065
7.382000,1.477404,1.126744,0.350660,0.267522
7.383000,1.464974,1.113600,0.351374,0.267980
7.384000,1.452542,1.100454,0.352088,0.268437
7.385000,1.440108,1.087306,0.352802,0.268894
7.386000,1.427671,1.074155,0.353517,0.269352
7.387000,1.415233,1.061001,0.354232,0.269809
7.388000,1.402792,1.047844,0.354947,0.270267
7.389000,1.390348,1.034686,0.355663,0.270724
7.390000,1.377903,1.021524,0.356379,0.271182
7.391000,1.365455,1.008360,0.357095,0.271639
7.392000,1.353006,0.995194,0.357812,0.272097
7.393000,1.340554,0.982025,0.358529,0.272554
7.394000,1.328100,0.968854,0.359246,0.273012
7.395000,1.315644,0.955680,0.359963,0.273469
7.396000,1.303185,0.942504,0.360681,0.273927
7.397000,1.290725,0.929326,0.361399,0.274384
7.398000,1.278263,0.916145,0.362118,0.274842
7.399000,1.265799,0.902962,0.362837,0.275299
7.400000,1.253332,0.889776,0.363556,0.275757
7.401000,1.240864,0.876589,0.364275,0.276214
7.402000,1.228394,0.863399,0.364995,0.276671
7.403000,1.215922,0.850207,0.365715,0.277129
7.404000,1.203448,0.837012,0.366435,0.277586
7.405000,1.190972,0.823816,0.367156,0.278044
7.406000,1.178494,0.810617,0.367877,0.278501
7.407000,1.166014,0.797416,0.368598,0.278958
7.408000,1.153532,0.784213,0.369320,0.279415
7.409000,1.141049,0.771007,0.370042,0.279872
7.410000,1.128564,0.757800,0.370764,0.280330
7.411000,1.116077,0.744591,0.371486,0.280787
7.412000,1.103588,0.731379,0.372209,0.281244
7.413000,1.091098,0.718166,0.372932,0.281701
7.414000,1.078605,0.704950,0.373655,0.282157
7.415000,1.066112,0.691733,0.374379,0.282614
7.416000,1.053616,0.678513,0.375103,0.283071
7.417000,1.041119,0.665292,0.375827,0.283528
7.418000,1.028620,0.652069,0.376551,0.283984
7.419000,1.016119,0.638843,0.377276,0.284441
7.420000,1.003617,0.625616,0.378001,0.284897
7.421000,0.991113,0.612387,0.378726,0.285353
7.422000,0.978608,0.599157,0.379452,0.285810
7.423000,0.966101,0.585924,0.380177,0.286266
7.424000,0.953593,0.572689,0.380904,0.286722
7.425000,0.941083,0.559453,0.381630,0.287178
7.426000,0.928572,0.546215,0.382357,0.287634
7.427000,0.916059,0.532975,0.383084,0.288089
7.428000,0.903545,0.519734,0.383811,0.288545
7.429000,0.891029,0.506491,0.384538,0.289000
7.430000,0.878512,0.493246,0.385266,0.289456
7.431000,0.865993,0.480000,0.385994,0.289911
7.432000,0.853474,0.466752,0.386722,0.290366
7.433000,0.840952,0.453502,0.387451,0.290821
7.434000,0.828430,0.440251,0.388179,0.291276
7.435000,0.815906,0.426998,0.388908,0.291731
7.436000,0.803381,0.413743,0.389638,0.292185
7.437000,0.790855,0.400487,0.390367,0.292640
7.438000,0.778327,0.387230,0.391097,0.293094
7.439000,0.765798,0.373971,0.391827,0.293548
7.440000,0.753268,0.360711,0.392557,0.294002
7.441000,0.740737,0.347449,0.393288,0.294456
7.442000,0.728204,0.334186,0.394018,0.294910
7.443000,0.715671,0.320921,0.394749,0.295363
7.444000,0.703136,0.307655,0.395481,0.295816
7.445000,0.690600,0.294388,0.396212,0.296269
7.446000,0.678063,0.281119,0.396944,0.296722
7.447000,0.665525,0.267849,0.397676,0.297175
7.448000,0.652986,0.254578,0.398408,0.297628
7.449000,0.640446,0.241306,0.399140,0.298080
7.450000,0.627905,0.228032,0.399873,0.298532
7.451000,0.615363,0.214757,0.400606,0.298985
7.452000,0.602820,0.201481,0.401339,0.299436
7.453000,0.590276,0.188204,0.402072,0.299888
7.454000,0.577731,0.174925,0.402806,0.300339
7.455000,0.565185,0.161646,0.403540,0.300791
7.456000,0.552639,0.148365,0.404274,0.301242
7.457000,0.540091,0.135083,0.405008,0.301692
7.458000,0.527543,0.121800,0.405742,0.302143
7.459000,0.514993,0.108516,0.406477,0.302593
7.460000,0.502443,0.095231,0.407212,0.303043
7.461000,0.489892,0.081945,0.407947,0.303493
7.462000,0.477341,0.068658,0.408682,0.303943
7.463000,0.464788,0.055371,0.409418,0.304392
7.464000,0.452235,0.042082,0.410153,0.304842
7.465000,0.439681,0.028792,0.410889,0.305291
7.466000,0.427127,0.015501,0.411625,0.305739
7.467000,0.414571,0.002210,0.412361,0.306188
7.468000,0.402015,-0.011082,0.413098,0.306636
7.469000,0.389459,-0.024376,0.413835,0.307084
7.470000,0.376902,-0.037670,0.414571,0.307531
7.471000,0.364344,-0.050964,0.415308,0.307979
7.472000,0.351786,-0.064260,0.416046,0.308426
7.473000,0.339227,-0.077556,0.416783,0.308873
7.474000,0.326668,-0.090853,0.417520,0.309319
7.475000,0.314108,-0.104151,0.418258,0.309766
7.476000,0.301547,-0.117449,0.418996,0.310212
7.477000,0.288986,-0.130748,0.419734,0.310657
7.478000,0.276425,-0.144048,0.420472,0.311103
7.479000,0.263863,-0.157348,0.421211,0.311548
7.480000,0.251301,-0.170649,0.421949,0.311993
7.481000,0.238738,-0.183950,0.422688,0.312437
7.482000,0.226175,-0.197252,0.423427,0.312882
7.483000,0.213612,-0.210554,0.424166,0.313326
7.484000,0.201048,-0.223857,0.424905,0.313769
7.485000,0.188484,-0.237160,0.425645,0.314213
7.486000,0.175920,-0.250464,0.426384,0.314656
7.487000,0.163356,-0.263769,0.427124,0.315098
7.488000,0.150791,-0.277073,0.427864,0.315541
7.489000,0.138226,-0.290378,0.428604,0.315983
7.490000,0.125660,-0.303684,0.429344,0.316424
7.491000,0.113095,-0.316989,0.430084,0.316866
7.492000,0.100529,-0.330295,0.430825,0.317307
7.493000,0.087963,-0.343602,0.431565,0.317747
7.494000,0.075398,-0.356908,0.432306,0.318188
7.495000,0.062831,-0.370215,0.433047,0.318628
7.496000,0.050265,-0.383522,0.433788,0.319067
7.497000,0.037699,-0.396830,0.434529,0.319507
7.498000,0.025133,-0.410137,0.435270,0.319945
7.499000,0.012566,-0.423445,0.436011,0.320384
7.500000,0.000000,-0.436753,0.436753,0.320822
7.501000,-0.012566,-0.450061,0.437494,0.321260
7.502000,-0.025133,-0.463369,0.438236,0.321697
7.503000,-0.037699,-0.476677,0.438978,0.322134
7.504000,-0.050265,-0.489985,0.439720,0.322571
7.505000,-0.062831,-0.503293,0.440462,0.323007
7.506000,-0.075398,-0.516601,0.441204,0.323443
7.507000,-0.087963,-0.529909,0.441946,0.323879
7.508000,-0.100529,-0.543217,0.442688,0.324314
7.509000,-0.113095,-0.556526,0.443431,0.324749
7.510000,-0.125660,-0.569833,0.444173,0.325183
7.511000,-0.138226,-0.583141,0.444916,0.325617
7.512000,-0.150791,-0.596449,0.445658,0.326050
7.513000,-0.163356,-0.609757,0.446401,0.326483
7.514000,-0.175920,-0.623064,0.447144,0.326916
7.515000,-0.188484,-0.636371,0.447887,0.327348
7.516000,-0.201048,-0.649678,0.448630,0.327780
7.517000,-0.213612,-0.662985,0.449373,0.328212
7.518000,-0.226175,-0.676291,0.450116,0.328642
7.519000,-0.238738,-0.689598,0.450859,0.329073
7.520000,-0.251301,-0.702903,0.451602,0.329503
7.521000,-0.263863,-0.716209,0.452346,0.329933
7.522000,-0.276425,-0.729514,0.453089,0.330362
7.523000,-0.288986,-0.742819,0.453833,0.330791
7.524000,-0.301547,-0.756123,0.454576,0.331219
7.525000,-0.314108,-0.769427,0.455320,0.331647
7.526000,-0.326668,-0.782731,0.456063,0.332074
7.527000,-0.339227,-0.796034,0.456807,0.332501
7.528000,-0.351786,-0.809336,0.457551,0.332928
7.529000,-0.364344,-0.822638,0.458294,0.333354
7.530000,-0.376902,-0.835940,0.459038,0.333779
7.531000,-0.389459,-0.849241,0.459782,0.334204
7.532000,-0.402015,-0.862541,0.460526,0.334629
7.533000,-0.414571,-0.875841,0.461270,0.335053
7.534000,-0.427127,-0.889140,0.462014,0.335477
7.535000,-0.439681,-0.902439,0.462758,0.335900
7.536000,-0.452235,-0.915737,0.463502,0.336322
7.537000,-0.464788,-0.929034,0.464245,0.336744
7.538000,-0.477341,-0.942330,0.464989,0.337166
7.539000,-0.489892,-0.955626,0.465733,0.337587
7.540000,-0.502443,-0.968921,0.466477,0.338008
7.541000,-0.514993,-0.982215,0.467222,0.338428
7.542000,-0.527543,-0.995508,0.467966,0.338848
7.543000,-0.540091,-1.008801,0.468710,0.339267
7.544000,-0.552639,-1.022092,0.469454,0.339685
7.545000,-0.565185,-1.035383,0.470198,0.340103
7.546000,-0.577731,-1.048673,0.470942,0.340521
7.547000,-0.590276,-1.061962,0.471686,0.340938
7.548000,-0.602820,-1.075250,0.472430,0.341354
7.549000,-0.615363,-1.088537,0.473174,0.341770
7.550000,-0.627905,-1.101823,0.473917,0.342186
7.551000,-0.640446,-1.115108,0.474661,0.342600
7.552000,-0.652986,-1.128392,0.475405,0.343015
7.553000,-0.665525,-1.141675,0.476149,0.343428
7.554000,-0.678063,-1.154956,0.476893,0.343842
7.555000,-0.690600,-1.168237,0.477637,0.344254
7.556000,-0.703136,-1.181517,0.478381,0.344666
7.557000,-0.715671,-1.194795,0.479124,0.345078
7.558000,-0.728204,-1.208072,0.479868,0.345489
7.559000,-0.740737,-1.221348,0.480612,0.345899
7.560000,-0.753268,-1.234623,0.481355,0.346309
7.561000,-0.765798,-1.247897,0.482099,0.346718
7.562000,-0.778327,-1.261169,0.482842,0.347127
7.563000,-0.790855,-1.274440,0.483586,0.347535
7.564000,-0.803381,-1.287710,0.484329,0.347942
7.565000,-0.815906,-1.300978,0.485072,0.348349
7.566000,-0.828430,-1.314245,0.485815,0.348755
7.567000,-0.840952,-1.327511,0.486559,0.349161
7.568000,-0.853474,-1.340775,0.487302,0.349566
7.569000,-0.865993,-1.354038,0.488045,0.349971
7.570000,-0.878512,-1.367299,0.488787,0.350375
7.571000,-0.891029,-1.380559,0.489530,0.350778
7.572000,-0.903545,-1.393818,0.490273,0.351181
7.573000,-0.916059,-1.407075,0.491016,0.351583
7.574000,-0.928572,-1.420330,0.491758,0.351984
7.575000,-0.941083,-1.433584,0.492501,0.352385
7.576000,-0.953593,-1.446836,0.493243,0.352785
7.577000,-0.966101,-1.460087,0.493985,0.353185
7.578000,-0.978608,-1.473335,0.494727,0.353583
7.579000,-0.991113,-1.486583,0.495469,0.353982
7.580000,-1.003617,-1.499828,0.496211,0.354379
7.581000,-1.016119,-1.513072,0.496953,0.354776
7.582000,-1.028620,-1.526314,0.497695,0.355173
7.583000,-1.041119,-1.539555,0.498436,0.355568
7.584000,-1.053616,-1.552794,0.499178,0.355963
7.585000,-1.066112,-1.566030,0.499919,0.356358
7.586000,-1.078605,-1.579266,0.500660,0.356752
7.587000,-1.091098,-1.592499,0.501401,0.357145
7.588000,-1.103588,-1.605730,0.502142,0.357537
7.589000,-1.116077,-1.618960,0.502883,0.357929
7.590000,-1.128564,-1.632187,0.503623,0.358320
7.591000,-1.141049,-1.645413,0.504364,0.358710
7.592000,-1.153532,-1.658636,0.505104,0.359100
7.593000,-1.166014,-1.671858,0.505844,0.359489
7.594000,-1.178494,-1.685078,0.506584,0.359878
7.595000,-1.190972,-1.698295,0.507324,0.360265
7.596000,-1.203448,-1.711511,0.508063,0.360652
7.597000,-1.215922,-1.724724,0.508803,0.361038
7.598000,-1.228394,-1.737936,0.509542,0.361424
7.599000,-1.240864,-1.751145,0.510281,0.361809
7.600000,-1.253332,-1.764352,0.511020,0.362193
7.601000,-1.265799,-1.777557,0.511759,0.362577
7.602000,-1.278263,-1.790760,0.512497,0.362959
7.603000,-1.290725,-1.803961,0.513236,0.363342
7.604000,-1.303185,-1.817159,0.513974,0.363723
7.605000,-1.315644,-1.830355,0.514712,0.364104
7.606000,-1.328100,-1.843549,0.515449,0.364483
7.607000,-1.340554,-1.856741,0.516187,0.364863
7.608000,-1.353006,-1.869930,0.516924,0.365241
7.609000,-1.365455,-1.883117,0.517661,0.365619
7.610000,-1.377903,-1.896301,0.518398,0.365996
7.611000,-1.390348,-1.909483,0.519135,0.366372
7.612000,-1.402792,-1.922663,0.519871,0.366748
7.613000,-1.415233,-1.935840,0.520608,0.367122
7.614000,-1.427671,-1.949015,0.521344,0.367497
7.615000,-1.440108,-1.962187,0.522079,0.367870
7.616000,-1.452542,-1.975357,0.522815,0.368242
7.617000,-1.464974,-1.988524,0.523550,0.368614
7.618000,-1.477404,-2.001689,0.524285,0.368985
7.619000,-1.489831,-2.014851,0.525020,0.369355
7.620000,-1.502256,-2.028011,0.525755,0.369725
7.621000,-1.514678,-2.041167,0.526489,0.370094
7.622000,-1.527099,-2.054322,0.527223,0.370462
7.623000,-1.539516,-2.067473,0.527957,0.370829
7.624000,-1.551932,-2.080622,0.528690,0.371195
7.625000,-1.564345,-2.093768,0.529423,0.371561
7.626000,-1.576755,-2.106912,0.530156,0.371926
7.627000,-1.589163,-2.120052,0.530889,0.372290
7.628000,-1.601568,-2.133190,0.531622,0.372653
7.629000,-1.613971,-2.146325,0.532354,0.373016
7.630000,-1.626372,-2.159457,0.533085,0.373378
7.631000,-1.638769,-2.172586,0.533817,0.373738
7.632000,-1.651165,-2.185713,0.534548,0.374099
7.633000,-1.663557,-2.198836,0.535279,0.374458
7.634000,-1.675947,-2.211957,0.536010,0.374816
7.635000,-1.688334,-2.225075,0.536740,0.375174
7.636000,-1.700719,-2.238189,0.537470,0.375531
7.637000,-1.713101,-2.251301,0.538200,0.375887
7.638000,-1.725480,-2.264410,0.538929,0.376242
7.639000,-1.737857,-2.277515,0.539658,0.376597
7.640000,-1.750231,-2.290618,0.540387,0.376951
7.641000,-1.762602,-2.303717,0.541116,0.377303
7.642000,-1.774970,-2.316813,0.541844,0.377655
7.643000,-1.787335,-2.329907,0.542571,0.378007
7.644000,-1.799698,-2.342997,0.543299,0.378357
7.645000,-1.812058,-2.356084,0.544026,0.378706
7.646000,-1.824415,-2.369167,0.544753,0.379055
7.647000,-1.836769,-2.382248,0.545479,0.379403
7.648000,-1.849120,-2.395325,0.546205,0.379750
7.649000,-1.861468,-2.408399,0.546931,0.380096
7.650000,-1.873813,-2.421469,0.547656,0.380441
7.651000,-1.886155,-2.434536,0.548381,0.380786
7.652000,-1.898495,-2.447600,0.549106,0.381129
7.653000,-1.910831,-2.460661,0.549830,0.381472
7.654000,-1.923164,-2.473718,0.550554,0.381814
7.655000,-1.935495,-2.486772,0.551277,0.382155
7.656000,-1.947822,-2.499822,0.552000,0.382495
7.657000,-1.960146,-2.512869,0.552723,0.382834
7.658000,-1.972467,-2.525912,0.553445,0.383173
7.659000,-1.984785,-2.538952,0.554167,0.383510
7.660000,-1.997100,-2.551988,0.554889,0.383847
7.661000,-2.009411,-2.565021,0.555610,0.384182
7.662000,-2.021720,-2.578050,0.556330,0.384517
7.663000,-2.034025,-2.591076,0.557051,0.384851
7.664000,-2.046327,-2.604098,0.557770,0.385184
7.665000,-2.058626,-2.617116,0.558490,0.385517
7.666000,-2.070922,-2.630131,0.559209,0.385848
7.667000,-2.083214,-2.643142,0.559928,0.386178
7.668000,-2.095503,-2.656149,0.560646,0.386508
7.669000,-2.107789,-2.669152,0.561363,0.386837
7.670000,-2.120071,-2.682152,0.562081,0.387164
7.671000,-2.132350,-2.695148,0.562798,0.387491
7.672000,-2.144626,-2.708140,0.563514,0.387817
7.673000,-2.156898,-2.721128,0.564230,0.388142
7.674000,-2.169167,-2.734113,0.564946,0.388466
7.675000,-2.181432,-2.747093,0.565661,0.388789
7.676000,-2.193694,-2.760070,0.566375,0.389112
7.677000,-2.205953,-2.773042,0.567089,0.389433
7.678000,-2.218208,-2.786011,0.567803,0.389753
7.679000,-2.230460,-2.798976,0.568516,0.390073
7.680000,-2.242708,-2.811937,0.569229,0.390391
7.681000,-2.254952,-2.824894,0.569941,0.390709
7.682000,-2.267193,-2.837846,0.570653,0.391026
7.683000,-2.279430,-2.850795,0.571365,0.391341
7.684000,-2.291664,-2.863739,0.572075,0.391656
7.685000,-2.303894,-2.876680,0.572786,0.391970
7.686000,-2.316121,-2.889616,0.573495,0.392283
7.687000,-2.328344,-2.902548,0.574205,0.392595
7.688000,-2.340563,-2.915476,0.574914,0.392906
7.689000,-2.352778,-2.928400,0.575622,0.393216
7.690000,-2.364990,-2.941320,0.576330,0.393525
7.691000,-2.377198,-2.954235,0.577037,0.393834
7.692000,-2.389402,-2.967146,0.577744,0.394141
7.693000,-2.401603,-2.980053,0.578450,0.394447
7.694000,-2.413799,-2.992955,0.579156,0.394752
7.695000,-2.425992,-3.005853,0.579861,0.395057
7.696000,-2.438181,-3.018747,0.580566,0.395360
7.697000,-2.450367,-3.031636,0.581270,0.395663
7.698000,-2.462548,-3.044521,0.581973,0.395964
7.699000,-2.474725,-3.057402,0.582676,0.396265
7.700000,-2.486899,-3.070278,0.583379,0.396564
7.701000,-2.499068,-3.083149,0.584081,0.396863
7.702000,-2.511234,-3.096016,0.584782,0.397160
7.703000,-2.523396,-3.108879,0.585483,0.397457
7.704000,-2.535554,-3.121737,0.586183,0.397752
7.705000,-2.547707,-3.134590,0.586883,0.398047
7.706000,-2.559857,-3.147439,0.587582,0.398340
7.707000,-2.572003,-3.160283,0.588280,0.398633
7.708000,-2.584144,-3.173122,0.588978,0.398925
7.709000,-2.596282,-3.185957,0.589676,0.399215
7.710000,-2.608415,-3.198787,0.590372,0.399505
7.711000,-2.620544,-3.211613,0.591068,0.399793
7.712000,-2.632669,-3.224434,0.591764,0.400081
7.713000,-2.644790,-3.237249,0.592459,0.400368
7.714000,-2.656907,-3.250061,0.593153,0.400653
7.715000,-2.669020,-3.262867,0.593847,0.400938
7.716000,-2.681128,-3.275669,0.594540,0.401221
7.717000,-2.693232,-3.288465,0.595233,0.401504
7.718000,-2.705332,-3.301257,0.595925,0.401785
7.719000,-2.717428,-3.314044,0.596616,0.402066
7.720000,-2.729519,-3.326826,0.597307,0.402345
7.721000,-2.741606,-3.339603,0.597997,0.402624
7.722000,-2.753689,-3.352375,0.598686,0.402901
7.723000,-2.765767,-3.365142,0.599375,0.403178
7.724000,-2.777841,-3.377904,0.600063,0.403453
7.725000,-2.789911,-3.390661,0.600750,0.403727
7.726000,-2.801976,-3.403413,0.601437,0.404001
7.727000,-2.814037,-3.416160,0.602123,0.404273
7.728000,-2.826093,-3.428902,0.602809,0.404544
7.729000,-2.838145,-3.441639,0.603494,0.404814
7.730000,-2.850193,-3.454370,0.604178,0.405084
7.731000,-2.862236,-3.467097,0.604861,0.405352
7.732000,-2.874274,-3.479818,0.605544,0.405619
7.733000,-2.886308,-3.492534,0.606226,0.405885
7.734000,-2.898337,-3.505245,0.606908,0.406150
7.735000,-2.910362,-3.517950,0.607588,0.406414
7.736000,-2.922382,-3.530650,0.608268,0.406677
7.737000,-2.934397,-3.543345,0.608948,0.406938
7.738000,-2.946408,-3.556035,0.609627,0.407199
7.739000,-2.958414,-3.568719,0.610305,0.407459
7.740000,-2.970416,-3.581398,0.610982,0.407718
7.741000,-2.982413,-3.594071,0.611658,0.407975
7.742000,-2.994405,-3.606739,0.612334,0.408232
7.743000,-3.006392,-3.619402,0.613009,0.408487
7.744000,-3.018375,-3.632059,0.613684,0.408741
7.745000,-3.030353,-3.644710,0.614357,0.408995
7.746000,-3.042326,-3.657356,0.615030,0.409247
7.747000,-3.054294,-3.669997,0.615703,0.409498
7.748000,-3.066258,-3.682632,0.616374,0.409748
7.749000,-3.078216,-3.695261,0.617045,0.409997
7.750000,-3.090170,-3.707885,0.617715,0.410245
7.751000,-3.102119,-3.720503,0.618384,0.410492
7.752000,-3.114063,-3.733116,0.619053,0.410738
7.753000,-3.126002,-3.745722,0.619720,0.410982
7.754000,-3.137936,-3.758323,0.620387,0.411226
7.755000,-3.149865,-3.770919,0.621054,0.411468
7.756000,-3.161789,-3.783509,0.621719,0.411710
7.757000,-3.173709,-3.796092,0.622384,0.411950
7.758000,-3.185623,-3.808671,0.623048,0.412189
7.759000,-3.197532,-3.821243,0.623711,0.412428
7.760000,-3.209436,-3.833809,0.624373,0.412665
7.761000,-3.221335,-3.846370,0.625035,0.412900
7.762000,-3.233229,-3.858925,0.625696,0.413135
7.763000,-3.245118,-3.871474,0.626356,0.413369
7.764000,-3.257002,-3.884016,0.627015,0.413602
7.765000,-3.268880,-3.896553,0.627673,0.413833
7.766000,-3.280754,-3.909084,0.628331,0.414063
7.767000,-3.292622,-3.921609,0.628987,0.414293
7.768000,-3.304485,-3.934128,0.629643,0.414521
7.769000,-3.316343,-3.946641,0.630299,0.414748
7.770000,-3.328195,-3.959148,0.630953,0.414974
7.771000,-3.340043,-3.971649,0.631606,0.415199
7.772000,-3.351885,-3.984144,0.632259,0.415422
7.773000,-3.363722,-3.996632,0.632911,0.415645
7.774000,-3.375553,-4.009115,0.633562,0.415867
7.775000,-3.387379,-4.021591,0.634212,0.416087
7.776000,-3.399200,-4.034061,0.634861,0.416306
7.777000,-3.411015,-4.046525,0.635510,0.416524
7.778000,-3.422825,-4.058983,0.636157,0.416741
7.779000,-3.434630,-4.071434,0.636804,0.416957
7.780000,-3.446429,-4.083879,0.637450,0.417172
7.781000,-3.458223,-4.096318,0.638095,0.417385
7.782000,-3.470011,-4.108750,0.638739,0.417598
7.783000,-3.481794,-4.121177,0.639382,0.417809
7.784000,-3.493571,-4.133596,0.640025,0.418019
7.785000,-3.505343,-4.146010,0.640666,0.418228
7.786000,-3.517109,-4.158416,0.641307,0.418436
7.787000,-3.528870,-4.170817,0.641947,0.418643
7.788000,-3.540625,-4.183211,0.642586,0.418848
7.789000,-3.552375,-4.195598,0.643224,0.419053
7.790000,-3.564119,-4.207979,0.643861,0.419256
7.791000,-3.575857,-4.220354,0.644497,0.419458
7.792000,-3.587590,-4.232722,0.645132,0.419659
7.793000,-3.599317,-4.245083,0.645767,0.419859
7.794000,-3.611038,-4.257438,0.646400,0.420058
7.795000,-3.622754,-4.269786,0.647032,0.420256
7.796000,-3.634464,-4.282128,0.647664,0.420452
7.797000,-3.646168,-4.294462,0.648295,0.420647
7.798000,-3.657866,-4.306791,0.648925,0.420841
7.799000,-3.669559,-4.319112,0.649553,0.421034
7.800000,-3.681246,-4.331427,0.650181,0.421226
7.801000,-3.692927,-4.343735,0.650808,0.421417
7.802000,-3.704602,-4.356036,0.651434,0.421606
7.803000,-3.716271,-4.368330,0.652059,0.421795
7.804000,-3.727934,-4.380618,0.652683,0.421982
7.805000,-3.739592,-4.392899,0.653307,0.422168
7.806000,-3.751244,-4.405172,0.653929,0.422353
7.807000,-3.762889,-4.417439,0.654550,0.422536
7.808000,-3.774529,-4.429699,0.655170,0.422719
7.809000,-3.786163,-4.441953,0.655790,0.422900
7.810000,-3.797791,-4.454199,0.656408,0.423080
7.811000,-3.809413,-4.466438,0.657025,0.423259
7.812000,-3.821029,-4.478670,0.657642,0.423437
7.813000,-3.832638,-4.490895,0.658257,0.423613
7.814000,-3.844242,-4.503114,0.658871,0.423789
7.815000,-3.855840,-4.515325,0.659485,0.423963
7.816000,-3.867432,-4.527529,0.660097,0.424136
7.817000,-3.879017,-4.539726,0.660709,0.424308
7.818000,-3.890596,-4.551915,0.661319,0.424479
7.819000,-3.902170,-4.564098,0.661928,0.424648
7.820000,-3.913737,-4.576273,0.662537,0.424817
7.821000,-3.925298,-4.588442,0.663144,0.424984
7.822000,-3.936852,-4.600603,0.663750,0.425150
7.823000,-3.948401,-4.612756,0.664356,0.425315
7.824000,-3.959943,-4.624903,0.664960,0.425478
7.825000,-3.971479,-4.637042,0.665563,0.425641
7.826000,-3.983009,-4.649174,0.666166,0.425802
7.827000,-3.994532,-4.661299,0.666767,0.425962
7.828000,-4.006049,-4.673416,0.667367,0.426121
7.829000,-4.017560,-4.685526,0.667966,0.426279
7.830000,-4.029064,-4.697629,0.668564,0.426435
7.831000,-4.040562,-4.709724,0.669161,0.426590
7.832000,-4.052054,-4.721811,0.669757,0.426744
7.833000,-4.063539,-4.733892,0.670352,0.426897
7.834000,-4.075018,-4.745964,0.670946,0.427049
7.835000,-4.086491,-4.758029,0.671539,0.427199
7.836000,-4.097957,-4.770087,0.672130,0.427349
7.837000,-4.109416,-4.782137,0.672721,0.427497
7.838000,-4.120869,-4.794180,0.673311,0.427644
7.839000,-4.132316,-4.806215,0.673899,0.427789
7.840000,-4.143756,-4.818242,0.674487,0.427934
7.841000,-4.155189,-4.830262,0.675073,0.428077
7.842000,-4.166616,-4.842274,0.675658,0.428219
7.843000,-4.178036,-4.854279,0.676242,0.428360
7.844000,-4.189450,-4.866275,0.676825,0.428500
7.845000,-4.200857,-4.878265,0.677407,0.428638
7.846000,-4.212258,-4.890246,0.677988,0.428776
7.847000,-4.223652,-4.902219,0.678568,0.428912
7.848000,-4.235039,-4.914185,0.679146,0.429047
7.849000,-4.246419,-4.926143,0.679724,0.429180
7.850000,-4.257793,-4.938093,0.680300,0.429313
7.851000,-4.269160,-4.950035,0.680876,0.429444
7.852000,-4.280520,-4.961970,0.681450,0.429574
7.853000,-4.291874,-4.973896,0.682023,0.429703
7.854000,-4.303221,-4.985815,0.682595,0.429830
7.855000,-4.314560,-4.997726,0.683165,0.429957
7.856000,-4.325894,-5.009628,0.683735,0.430082
7.857000,-4.337220,-5.021523,0.684303,0.430206
7.858000,-4.348539,-5.033410,0.684871,0.430328
7.859000,-4.359852,-5.045289,0.685437,0.430450
7.860000,-4.371158,-5.057159,0.686002,0.430570
7.861000,-4.382456,-5.069022,0.686566,0.430689
7.862000,-4.393748,-5.080877,0.687128,0.430807
7.863000,-4.405033,-5.092723,0.687690,0.430924
7.864000,-4.416311,-5.104561,0.688250,0.431039
7.865000,-4.427582,-5.116392,0.688809,0.431153
7.866000,-4.438846,-5.128214,0.689367,0.431266
7.867000,-4.450103,-5.140027,0.689924,0.431378
7.868000,-4.461353,-5.151833,0.690480,0.431489
7.869000,-4.472596,-5.163631,0.691034,0.431598
7.870000,-4.483832,-5.175420,0.691587,0.431706
7.871000,-4.495061,-5.187201,0.692140,0.431813
7.872000,-4.506283,-5.198973,0.692690,0.431918
7.873000,-4.517497,-5.210737,0.693240,0.432023
7.874000,-4.528705,-5.222493,0.693789,0.432126
7.875000,-4.539905,-5.234241,0.694336,0.432228
7.876000,-4.551098,-5.245980,0.694882,0.432329
7.877000,-4.562284,-5.257711,0.695427,0.432428
7.878000,-4.573463,-5.269433,0.695970,0.432526
7.879000,-4.584634,-5.281147,0.696513,0.432624
7.880000,-4.595799,-5.292853,0.697054,0.432719
7.881000,-4.606956,-5.304550,0.697594,0.432814
7.882000,-4.618105,-5.316238,0.698133,0.432907
7.883000,-4.629248,-5.327918,0.698670,0.432999
7.884000,-4.640383,-5.339589,0.699206,0.433090
7.885000,-4.651511,-5.351252,0.699742,0.433180
7.886000,-4.662631,-5.362907,0.700275,0.433269
7.887000,-4.673744,-5.374552,0.700808,0.433356
7.888000,-4.684850,-5.386189,0.701339,0.433442
7.889000,-4.695948,-5.397818,0.701869,0.433526
7.890000,-4.707039,-5.409437,0.702398,0.433610
7.891000,-4.718123,-5.421048,0.702926,0.433692
7.892000,-4.729199,-5.432651,0.703452,0.433773
7.893000,-4.740267,-5.444244,0.703977,0.433853
7.894000,-4.751328,-5.455829,0.704501,0.433932
7.895000,-4.762382,-5.467405,0.705023,0.434009
7.896000,-4.773428,-5.478972,0.705544,0.434085
7.897000,-4.784467,-5.490531,0.706064,0.434160
7.898000,-4.795498,-5.502080,0.706583,0.434234
7.899000,-4.806521,-5.513621,0.707100,0.434306
7.900000,-4.817537,-5.525153,0.707616,0.434377
7.901000,-4.828545,-5.536676,0.708131,0.434447
7.902000,-4.839545,-5.548190,0.708644,0.434516
7.903000,-4.850538,-5.559695,0.709156,0.434584
7.904000,-4.861524,-5.571191,0.709667,0.434650
7.905000,-4.872501,-5.582678,0.710177,0.434715
7.906000,-4.883471,-5.594156,0.710685,0.434779
7.907000,-4.894433,-5.605625,0.711192,0.434841
7.908000,-4.905388,-5.617086,0.711698,0.434903
7.909000,-4.916334,-5.628537,0.712202,0.434963
7.910000,-4.927273,-5.639978,0.712705,0.435022
7.911000,-4.938205,-5.651411,0.713207,0.435079
7.912000,-4.949128,-5.662835,0.713707,0.435136
7.913000,-4.960043,-5.674250,0.714206,0.435191
7.914000,-4.970951,-5.685655,0.714704,0.435245
7.915000,-4.981851,-5.697051,0.715200,0.435297
7.916000,-4.992743,-5.708438,0.715695,0.435349
7.917000,-5.003627,-5.719816,0.716189,0.435399
7.918000,-5.014503,-5.731185,0.716681,0.435448
7.919000,-5.025372,-5.742544,0.717172,0.435496
7.920000,-5.036232,-5.753894,0.717662,0.435542
7.921000,-5.047084,-5.765234,0.718150,0.435587
7.922000,-5.057929,-5.776566,0.718637,0.435631
7.923000,-5.068765,-5.787888,0.719123,0.435674
7.924000,-5.079594,-5.799200,0.719607,0.435716
7.925000,-5.090414,-5.810504,0.720090,0.435756
7.926000,-5.101227,-5.821798,0.720571,0.435795
7.927000,-5.112031,-5.833082,0.721051,0.435833
7.928000,-5.122827,-5.844357,0.721530,0.435869
7.929000,-5.133615,-5.855622,0.722007,0.435905
7.930000,-5.144395,-5.866878,0.722483,0.435939
7.931000,-5.155167,-5.878125,0.722958,0.435972
7.932000,-5.165931,-5.889362,0.723431,0.436004
7.933000,-5.176687,-5.900589,0.723903,0.436034
7.934000,-5.187434,-5.911807,0.724373,0.436063
7.935000,-5.198173,-5.923016,0.724842,0.436091
7.936000,-5.208904,-5.934214,0.725310,0.436118
7.937000,-5.219627,-5.945403,0.725776,0.436143
7.938000,-5.230342,-5.956583,0.726241,0.436168
7.939000,-5.241048,-5.967752,0.726704,0.436191
7.940000,-5.251746,-5.978912,0.727166,0.436212
7.941000,-5.262436,-5.990063,0.727627,0.436233
7.942000,-5.273118,-6.001203,0.728086,0.436252
7.943000,-5.283791,-6.012334,0.728544,0.436270
7.944000,-5.294455,-6.023455,0.729000,0.436287
7.945000,-5.305112,-6.034567,0.729455,0.436303
7.946000,-5.315760,-6.045668,0.729908,0.436317
7.947000,-5.326400,-6.056760,0.730360,0.436330
7.948000,-5.337031,-6.067842,0.730811,0.436342
7.949000,-5.347654,-6.078914,0.731260,0.436353
7.950000,-5.358268,-6.089976,0.731708,0.436362
7.951000,-5.368874,-6.101028,0.732154,0.436371
7.952000,-5.379471,-6.112070,0.732599,0.436378
7.953000,-5.390060,-6.123103,0.733043,0.436384
7.954000,-5.400641,-6.134125,0.733485,0.436388
7.955000,-5.411213,-6.145138,0.733925,0.436391
7.956000,-5.421776,-6.156140,0.734364,0.436393
7.957000,-5.432331,-6.167132,0.734802,0.436394
7.958000,-5.442877,-6.178115,0.735238,0.436394
7.959000,-5.453414,-6.189087,0.735672,0.436392
7.960000,-5.463943,-6.200049,0.736106,0.436390
7.961000,-5.474464,-6.211001,0.736537,0.436385
7.962000,-5.484976,-6.221943,0.736968,0.436380
7.963000,-5.495479,-6.232875,0.737397,0.436374
7.964000,-5.505973,-6.243797,0.737824,0.436366
7.965000,-5.516459,-6.254708,0.738250,0.436357
7.966000,-5.526936,-6.265610,0.738674,0.436347
7.967000,-5.537404,-6.276501,0.739097,0.436335
7.968000,-5.547863,-6.287382,0.739518,0.436323
7.969000,-5.558314,-6.298252,0.739938,0.436309
7.970000,-5.568756,-6.309113,0.740357,0.436294
7.971000,-5.579189,-6.319963,0.740774,0.436278
7.972000,-5.589614,-6.330803,0.741189,0.436260
7.973000,-5.600029,-6.341632,0.741603,0.436241
7.974000,-5.610436,-6.352451,0.742015,0.436221
7.975000,-5.620834,-6.363260,0.742426,0.436200
7.976000,-5.631223,-6.374058,0.742836,0.436178
7.977000,-5.641603,-6.384846,0.743244,0.436154
7.978000,-5.651974,-6.395624,0.743650,0.436129
7.979000,-5.662336,-6.406391,0.744055,0.436103
7.980000,-5.672689,-6.417148,0.744458,0.436076
7.981000,-5.683034,-6.427894,0.744860,0.436048
7.982000,-5.693369,-6.438630,0.745260,0.436018
7.983000,-5.703696,-6.449355,0.745659,0.435987
7.984000,-5.714013,-6.460069,0.746056,0.435955
7.985000,-5.724321,-6.470773,0.746452,0.435921
7.986000,-5.734621,-6.481467,0.746846,0.435887
7.987000,-5.744911,-6.492150,0.747239,0.435851
7.988000,-5.755192,-6.502822,0.747630,0.435814
7.989000,-5.765464,-6.513484,0.748020,0.435776
7.990000,-5.775727,-6.524135,0.748408,0.435737
7.991000,-5.785981,-6.534775,0.748794,0.435696
7.992000,-5.796226,-6.545405,0.749179,0.435654
7.993000,-5.806461,-6.556024,0.749563,0.435611
7.994000,-5.816688,-6.566632,0.749945,0.435567
7.995000,-5.826905,-6.577230,0.750325,0.435521
7.996000,-5.837113,-6.587816,0.750704,0.435475
7.997000,-5.847312,-6.598392,0.751081,0.435427
7.998000,-5.857501,-6.608958,0.751456,0.435378
7.999000,-5.867681,-6.619512,0.751831,0.435328
8.000000,-5.877853,-6.630056,0.752203,0.435276
8.001000,-5.888014,-6.640588,0.752574,0.435224
8.002000,-5.898167,-6.651110,0.752943,0.435170
8.003000,-5.908310,-6.661621,0.753311,0.435115
8.004000,-5.918444,-6.672121,0.753677,0.435058
8.005000,-5.928568,-6.682610,0.754042,0.435001
8.006000,-5.938683,-6.693088,0.754405,0.434942
8.007000,-5.948789,-6.703556,0.754767,0.434882
8.008000,-5.958885,-6.714012,0.755127,0.434821
8.009000,-5.968972,-6.724457,0.755485,0.434759
8.010000,-5.979050,-6.734891,0.755842,0.434696
8.011000,-5.989118,-6.745315,0.756197,0.434631
8.012000,-5.999177,-6.755727,0.756550,0.434565
8.013000,-6.009226,-6.766128,0.756902,0.434498
8.014000,-6.019265,-6.776518,0.757253,0.434430
8.015000,-6.029295,-6.786897,0.757601,0.434361
8.016000,-6.039316,-6.797265,0.757949,0.434290
8.017000,-6.049327,-6.807621,0.758294,0.434218
8.018000,-6.059329,-6.817967,0.758638,0.434145
8.019000,-6.069321,-6.828301,0.758981,0.434071
8.020000,-6.079303,-6.838624,0.759321,0.433996
8.021000,-6.089276,-6.848936,0.759660,0.433919
8.022000,-6.099239,-6.859237,0.759998,0.433842
8.023000,-6.109192,-6.869526,0.760334,0.433763
8.024000,-6.119136,-6.879804,0.760668,0.433683
8.025000,-6.129071,-6.890071,0.761001,0.433601
8.026000,-6.138995,-6.900327,0.761332,0.433519
8.027000,-6.148910,-6.910571,0.761661,0.433435
8.028000,-6.158815,-6.920804,0.761989,0.433351
8.029000,-6.168710,-6.931026,0.762315,0.433265
8.030000,-6.178596,-6.941236,0.762640,0.433178
8.031000,-6.188472,-6.951435,0.762963,0.433089
8.032000,-6.198338,-6.961622,0.763284,0.433000
8.033000,-6.208195,-6.971798,0.763604,0.432909
8.034000,-6.218041,-6.981963,0.763922,0.432817
8.035000,-6.227878,-6.992116,0.764238,0.432724
8.036000,-6.237705,-7.002258,0.764553,0.432630
8.037000,-6.247522,-7.012388,0.764866,0.432535
8.038000,-6.257329,-7.022506,0.765178,0.432438
8.039000,-6.267126,-7.032614,0.765487,0.432341
8.040000,-6.276914,-7.042709,0.765796,0.432242
8.041000,-6.286691,-7.052793,0.766102,0.432142
8.042000,-6.296459,-7.062866,0.766407,0.432041
8.043000,-6.306216,-7.072926,0.766710,0.431939
8.044000,-6.315964,-7.082976,0.767012,0.431835
8.045000,-6.325702,-7.093013,0.767312,0.431731
8.046000,-6.335429,-7.103039,0.767610,0.431625
8.047000,-6.345147,-7.113053,0.767906,0.431518
8.048000,-6.354855,-7.123056,0.768201,0.431410
8.049000,-6.364552,-7.133047,0.768495,0.431301
8.050000,-6.374240,-7.143026,0.768786,0.431190
8.051000,-6.383917,-7.152994,0.769076,0.431079
8.052000,-6.393585,-7.162949,0.769364,0.430966
8.053000,-6.403242,-7.172893,0.769651,0.430852
8.054000,-6.412889,-7.182825,0.769936,0.430737
8.055000,-6.422527,-7.192746,0.770219,0.430621
8.056000,-6.432153,-7.202654,0.770501,0.430504
8.057000,-6.441770,-7.212551,0.770781,0.430386
8.058000,-6.451377,-7.222436,0.771059,0.430266
8.059000,-6.460973,-7.232309,0.771335,0.430145
8.060000,-6.470560,-7.242170,0.771610,0.430024
8.061000,-6.480136,-7.252019,0.771883,0.429901
8.062000,-6.489701,-7.261856,0.772155,0.429777
8.063000,-6.499257,-7.271682,0.772425,0.429651
8.064000,-6.508802,-7.281495,0.772693,0.429525
8.065000,-6.518337,-7.291296,0.772959,0.429398
8.066000,-6.527862,-7.301086,0.773224,0.429269
8.067000,-6.537376,-7.310863,0.773487,0.429139
8.068000,-6.546880,-7.320629,0.773748,0.429008
8.069000,-6.556374,-7.330382,0.774008,0.428876
8.070000,-6.565858,-7.340123,0.774266,0.428743
8.071000,-6.575331,-7.349853,0.774522,0.428609
8.072000,-6.584793,-7.359570,0.774777,0.428474
8.073000,-6.594245,-7.369275,0.775030,0.428337
8.074000,-6.603687,-7.378968,0.775281,0.428200
8.075000,-6.613119,-7.388649,0.775530,0.428061
8.076000,-6.622540,-7.398317,0.775778,0.427921
8.077000,-6.631950,-7.407974,0.776024,0.427780
8.078000,-6.641350,-7.417618,0.776268,0.427638
8.079000,-6.650740,-7.427250,0.776511,0.427495
8.080000,-6.660119,-7.436870,0.776752,0.427350
8.081000,-6.669487,-7.446478,0.776991,0.427205
8.082000,-6.678845,-7.456074,0.777228,0.427059
8.083000,-6.688193,-7.465657,0.777464,0.426911
8.084000,-6.697529,-7.475228,0.777698,0.426762
8.085000,-6.706856,-7.484786,0.777930,0.426612
8.086000,-6.716171,-7.494333,0.778161,0.426462
8.087000,-6.725477,-7.503866,0.778390,0.426310
8.088000,-6.734771,-7.513388,0.778617,0.426156
8.089000,-6.744055,-7.522897,0.778842,0.426002
8.090000,-6.753328,-7.532394,0.779066,0.425847
8.091000,-6.762591,-7.541879,0.779288,0.425690
8.092000,-6.771842,-7.551351,0.779508,0.425533
8.093000,-6.781084,-7.560811,0.779727,0.425374
8.094000,-6.790314,-7.570258,0.779944,0.425215
8.095000,-6.799534,-7.579693,0.780159,0.425054
8.096000,-6.808743,-7.589115,0.780372,0.424892
8.097000,-6.817941,-7.598525,0.780584,0.424729
8.098000,-6.827128,-7.607922,0.780793,0.424565
8.099000,-6.836305,-7.617307,0.781002,0.424400
8.100000,-6.845471,-7.626679,0.781208,0.424234
8.101000,-6.854626,-7.636039,0.781413,0.424067
8.102000,-6.863770,-7.645386,0.781616,0.423898
8.103000,-6.872904,-7.654720,0.781817,0.423729
8.104000,-6.882026,-7.664042,0.782016,0.423558
8.105000,-6.891138,-7.673352,0.782214,0.423387
8.106000,-6.900239,-7.682649,0.782410,0.423214
8.107000,-6.909329,-7.691933,0.782604,0.423041
8.108000,-6.918408,-7.701204,0.782796,0.422866
8.109000,-6.927476,-7.710463,0.782987,0.422690
8.110000,-6.936533,-7.719709,0.783176,0.422513
8.111000,-6.945579,-7.728942,0.783363,0.422335
8.112000,-6.954614,-7.738163,0.783549,0.422156
8.113000,-6.963639,-7.747371,0.783732,0.421976
8.114000,-6.972652,-7.756566,0.783914,0.421795
8.115000,-6.981654,-7.765749,0.784094,0.421613
8.116000,-6.990645,-7.774918,0.784273,0.421430
8.117000,-6.999626,-7.784075,0.784449,0.421245
8.118000,-7.008595,-7.793219,0.784624,0.421060
8.119000,-7.017553,-7.802350,0.784798,0.420874
8.120000,-7.026500,-7.811469,0.784969,0.420686
8.121000,-7.035436,-7.820574,0.785139,0.420498
8.122000,-7.044360,-7.829667,0.785306,0.420308
8.123000,-7.053274,-7.838747,0.785473,0.420118
8.124000,-7.062176,-7.847813,0.785637,0.419926
8.125000,-7.071068,-7.856867,0.785800,0.419734
8.126000,-7.079948,-7.865908,0.785960,0.419540
8.127000,-7.088817,-7.874936,0.786119,0.419345
8.128000,-7.097675,-7.883952,0.786277,0.419150
8.129000,-7.106521,-7.892954,0.786432,0.418953
8.130000,-7.115357,-7.901943,0.786586,0.418755
8.131000,-7.124181,-7.910919,0.786738,0.418556
8.132000,-7.132994,-7.919882,0.786888,0.418356
8.133000,-7.141795,-7.928832,0.787037,0.418155
8.134000,-7.150586,-7.937769,0.787184,0.417954
8.135000,-7.159365,-7.946693,0.787328,0.417751
8.136000,-7.168133,-7.955604,0.787472,0.417547
8.137000,-7.176889,-7.964502,0.787613,0.417342
8.138000,-7.185634,-7.973387,0.787753,0.417136
8.139000,-7.194368,-7.982258,0.787890,0.416929
8.140000,-7.203090,-7.991117,0.788026,0.416721
8.141000,-7.211801,-7.999962,0.788161,0.416512
8.142000,-7.220501,-8.008794,0.788293,0.416302
8.143000,-7.229189,-8.017613,0.788424,0.416091
8.144000,-7.237866,-8.026419,0.788553,0.415879
8.145000,-7.246531,-8.035211,0.788680,0.415666
8.146000,-7.255185,-8.043991,0.788806,0.415452
8.147000,-7.263828,-8.052757,0.788929,0.415237
8.148000,-7.272459,-8.061510,0.789051,0.415021
8.149000,-7.281078,-8.070249,0.789171,0.414804
8.150000,-7.289686,-8.078976,0.789289,0.414586
8.151000,-7.298283,-8.087689,0.789406,0.414367
8.152000,-7.306868,-8.096388,0.789521,0.414147
8.153000,-7.315441,-8.105075,0.789634,0.413926
8.154000,-7.324003,-8.113748,0.789745,0.413704
8.155000,-7.332553,-8.122408,0.789854,0.413482
8.156000,-7.341092,-8.131054,0.789962,0.413258
8.157000,-7.349619,-8.139687,0.790068,0.413033
8.158000,-7.358135,-8.148307,0.790172,0.412807
8.159000,-7.366639,-8.156913,0.790274,0.412580
8.160000,-7.375131,-8.165506,0.790374,0.412352
8.161000,-7.383612,-8.174085,0.790473,0.412124
8.162000,-7.392081,-8.182651,0.790570,0.411894
8.163000,-7.400538,-8.191203,0.790665,0.411663
8.164000,-7.408984,-8.199742,0.790758,0.411432
8.165000,-7.417418,-8.208268,0.790850,0.411199
8.166000,-7.425840,-8.216780,0.790940,0.410965
8.167000,-7.434250,-8.225278,0.791028,0.410731
8.168000,-7.442649,-8.233763,0.791114,0.410495
8.169000,-7.451036,-8.242234,0.791198,0.410259
8.170000,-7.459411,-8.250692,0.791281,0.410022
8.171000,-7.467775,-8.259136,0.791361,0.409783
8.172000,-7.476127,-8.267567,0.791440,0.409544
8.173000,-7.484466,-8.275984,0.791518,0.409304
8.174000,-7.492794,-8.284388,0.791593,0.409063
8.175000,-7.501111,-8.292777,0.791667,0.408821
8.176000,-7.509415,-8.301154,0.791739,0.408577
8.177000,-7.517708,-8.309516,0.791809,0.408333
8.178000,-7.525988,-8.317865,0.791877,0.408089
8.179000,-7.534257,-8.326200,0.791943,0.407843
8.180000,-7.542514,-8.334522,0.792008,0.407596
8.181000,-7.550759,-8.342830,0.792071,0.407348
8.182000,-7.558992,-8.351124,0.792132,0.407099
8.183000,-7.567213,-8.359404,0.792191,0.406850
8.184000,-7.575422,-8.367671,0.792249,0.406599
8.185000,-7.583619,-8.375924,0.792305,0.406348
8.186000,-7.591804,-8.384163,0.792359,0.406096
8.187000,-7.599978,-8.392388,0.792411,0.405842
8.188000,-7.608139,-8.400600,0.792461,0.405588
8.189000,-7.616288,-8.408797,0.792510,0.405333
8.190000,-7.624425,-8.416981,0.792556,0.405077
8.191000,-7.632550,-8.425151,0.792601,0.404820
8.192000,-7.640663,-8.433308,0.792644,0.404562
8.193000,-7.648764,-8.441450,0.792686,0.404304
8.194000,-7.656853,-8.449579,0.792725,0.404044
8.195000,-7.664930,-8.457693,0.792763,0.403783
8.196000,-7.672995,-8.465794,0.792799,0.403522
8.197000,-7.681047,-8.473881,0.792833,0.403260
8.198000,-7.689088,-8.481954,0.792866,0.402996
8.199000,-7.697116,-8.490013,0.792896,0.402732
8.200000,-7.705132,-8.498058,0.792925,0.402467
8.201000,-7.713136,-8.506089,0.792952,0.402201
8.202000,-7.721128,-8.514106,0.792977,0.401935
8.203000,-7.729108,-8.522109,0.793001,0.401667
8.204000,-7.737075,-8.530098,0.793023,0.401398
8.205000,-7.745031,-8.538073,0.793042,0.401129
8.206000,-7.752974,-8.546034,0.793060,0.400859
8.207000,-7.760904,-8.553981,0.793077,0.400587
8.208000,-7.768823,-8.561914,0.793091,0.400315
8.209000,-7.776729,-8.569833,0.793104,0.400042
8.210000,-7.784623,-8.577738,0.793115,0.399769
8.211000,-7.792505,-8.585629,0.793124,0.399494
8.212000,-7.800374,-8.593505,0.793131,0.399218
8.213000,-7.808231,-8.601368,0.793137,0.398942
8.214000,-7.816076,-8.609216,0.793140,0.398665
8.215000,-7.823908,-8.617050,0.793142,0.398387
8.216000,-7.831728,-8.624871,0.793142,0.398108
8.217000,-7.839536,-8.632677,0.793141,0.397828
8.218000,-7.847331,-8.640468,0.793137,0.397547
8.219000,-7.855114,-8.648246,0.793132,0.397266
8.220000,-7.862884,-8.656009,0.793125,0.396983
8.221000,-7.870642,-8.663759,0.793116,0.396700
8.222000,-7.878388,-8.671494,0.793106,0.396416
8.223000,-7.886121,-8.679214,0.793093,0.396131
8.224000,-7.893842,-8.686921,0.793079,0.395845
8.225000,-7.901550,-8.694613,0.793063,0.395559
8.226000,-7.909246,-8.702291,0.793045,0.395271
8.227000,-7.916929,-8.709955,0.793026,0.394983
8.228000,-7.924600,-8.717604,0.793004,0.394694
8.229000,-7.932258,-8.725239,0.792981,0.394404
8.230000,-7.939904,-8.732860,0.792956,0.394113
8.231000,-7.947537,-8.740467,0.792930,0.393822
8.232000,-7.955158,-8.748059,0.792901,0.393530
8.233000,-7.962766,-8.755637,0.792871,0.393236
8.234000,-7.970361,-8.763200,0.792839,0.392942
8.235000,-7.977944,-8.770749,0.792805,0.392648
8.236000,-7.985515,-8.778284,0.792769,0.392352
8.237000,-7.993072,-8.785804,0.792732,0.392055
8.238000,-8.000618,-8.793310,0.792693,0.391758
8.239000,-8.008150,-8.800802,0.792652,0.391460
8.240000,-8.015670,-8.808279,0.792609,0.391161
8.241000,-8.023177,-8.815741,0.792564,0.390862
8.242000,-8.030672,-8.823189,0.792518,0.390561
8.243000,-8.038153,-8.830623,0.792470,0.390260
8.244000,-8.045622,-8.838042,0.792420,0.389958
8.245000,-8.053079,-8.845447,0.792368,0.389655
8.246000,-8.060523,-8.852837,0.792315,0.389351
8.247000,-8.067954,-8.860213,0.792259,0.389047
8.248000,-8.075372,-8.867574,0.792202,0.388742
8.249000,-8.082777,-8.874921,0.792144,0.388436
8.250000,-8.090170,-8.882253,0.792083,0.388129
8.251000,-8.097550,-8.889571,0.792021,0.387821
8.252000,-8.104917,-8.896874,0.791957,0.387513
8.253000,-8.112271,-8.904162,0.791891,0.387204
8.254000,-8.119613,-8.911436,0.791823,0.386894
8.255000,-8.126942,-8.918695,0.791753,0.386583
8.256000,-8.134258,-8.925940,0.791682,0.386272
8.257000,-8.141561,-8.933170,0.791609,0.385960
8.258000,-8.148851,-8.940385,0.791534,0.385647
8.259000,-8.156128,-8.947586,0.791458,0.385333
8.260000,-8.163393,-8.954772,0.791379,0.385019
8.261000,-8.170644,-8.961943,0.791299,0.384703
8.262000,-8.177883,-8.969100,0.791217,0.384388
8.263000,-8.185108,-8.976242,0.791134,0.384071
8.264000,-8.192321,-8.983370,0.791048,0.383753
8.265000,-8.199521,-8.990482,0.790961,0.383435
8.266000,-8.206708,-8.997580,0.790872,0.383116
8.267000,-8.213882,-9.004663,0.790782,0.382796
8.268000,-8.221043,-9.011732,0.790689,0.382476
8.269000,-8.228191,-9.018786,0.790595,0.382155
8.270000,-8.235326,-9.025825,0.790499,0.381833
8.271000,-8.242448,-9.032849,0.790401,0.381510
8.272000,-8.249557,-9.039858,0.790301,0.381187
8.273000,-8.256653,-9.046853,0.790200,0.380863
8.274000,-8.263736,-9.053833,0.790097,0.380538
8.275000,-8.270806,-9.060798,0.789992,0.380212
8.276000,-8.277863,-9.067748,0.789886,0.379886
8.277000,-8.284906,-9.074684,0.789777,0.379559
8.278000,-8.291937,-9.081604,0.789667,0.379231
8.279000,-8.298955,-9.088510,0.789555,0.378903
8.280000,-8.305959,-9.095401,0.789442,0.378574
8.281000,-8.312950,-9.102277,0.789326,0.378244
8.282000,-8.319929,-9.109138,0.789209,0.377913
8.283000,-8.326894,-9.115984,0.789090,0.377582
8.284000,-8.333846,-9.122815,0.788970,0.377250
8.285000,-8.340784,-9.129632,0.788847,0.376917
8.286000,-8.347710,-9.136433,0.788723,0.376584
8.287000,-8.354622,-9.143220,0.788597,0.376250
8.288000,-8.361522,-9.149991,0.788470,0.375915
8.289000,-8.368408,-9.156748,0.788340,0.375580
8.290000,-8.375280,-9.163489,0.788209,0.375243
8.291000,-8.382140,-9.170216,0.788076,0.374907
8.292000,-8.388986,-9.176928,0.787941,0.374569
8.293000,-8.395819,-9.183625,0.787805,0.374231
8.294000,-8.402639,-9.190306,0.787667,0.373892
8.295000,-8.409446,-9.196973,0.787527,0.373552
8.296000,-8.416239,-9.203625,0.787386,0.373212
8.297000,-8.423019,-9.210261,0.787242,0.372871
8.298000,-8.429786,-9.216883,0.787097,0.372530
8.299000,-8.436539,-9.223490,0.786950,0.372187
8.300000,-8.443279,-9.230081,0.786802,0.371844
8.301000,-8.450006,-9.236657,0.786651,0.371501
8.302000,-8.456719,-9.243219,0.786499,0.371157
8.303000,-8.463419,-9.249765,0.786346,0.370812
8.304000,-8.470106,-9.256296,0.786190,0.370466
8.305000,-8.476779,-9.262812,0.786033,0.370120
8.306000,-8.483439,-9.269313,0.785874,0.369773
8.307000,-8.490086,-9.275799,0.785713,0.369425
8.308000,-8.496719,-9.282270,0.785551,0.369077
8.309000,-8.503339,-9.288725,0.785387,0.368728
8.310000,-8.509945,-9.295166,0.785221,0.368379
8.311000,-8.516538,-9.301591,0.785053,0.368029
8.312000,-8.523117,-9.308001,0.784884,0.367678
8.313000,-8.529683,-9.314396,0.784713,0.367327
8.314000,-8.536235,-9.320776,0.784540,0.366975
8.315000,-8.542774,-9.327140,0.784366,0.366622
8.316000,-8.549300,-9.333489,0.784190,0.366269
8.317000,-8.555812,-9.339824,0.784012,0.365915
8.318000,-8.562310,-9.346142,0.783832,0.365560
8.319000,-8.568795,-9.352446,0.783651,0.365205
8.320000,-8.575267,-9.358734,0.783468,0.364849
8.321000,-8.581724,-9.365007,0.783283,0.364493
8.322000,-8.588169,-9.371265,0.783097,0.364136
8.323000,-8.594599,-9.377508,0.782908,0.363778
8.324000,-8.601017,-9.383735,0.782718,0.363420
8.325000,-8.607420,-9.389947,0.782527,0.363061
8.326000,-8.613810,-9.396144,0.782334,0.362702
8.327000,-8.620187,-9.402325,0.782139,0.362341
8.328000,-8.626549,-9.408491,0.781942,0.361981
8.329000,-8.632899,-9.414642,0.781743,0.361620
8.330000,-8.639234,-9.420778,0.781543,0.361258
8.331000,-8.645556,-9.426898,0.781342,0.360895
8.332000,-8.651864,-9.433002,0.781138,0.360532
8.333000,-8.658159,-9.439092,0.780933,0.360168
8.334000,-8.664440,-9.445166,0.780726,0.359804
8.335000,-8.670707,-9.451224,0.780517,0.359439
8.336000,-8.676961,-9.457268,0.780307,0.359074
8.337000,-8.683200,-9.463296,0.780095,0.358708
8.338000,-8.689426,-9.469308,0.779882,0.358341
8.339000,-8.695639,-9.475305,0.779666,0.357974
8.340000,-8.701838,-9.481287,0.779449,0.357607
8.341000,-8.708022,-9.487253,0.779230,0.357238
8.342000,-8.714194,-9.493204,0.779010,0.356869
8.343000,-8.720351,-9.499139,0.778788,0.356500
8.344000,-8.726495,-9.505059,0.778564,0.356130
8.345000,-8.732625,-9.510963,0.778339,0.355759
8.346000,-8.738741,-9.516852,0.778112,0.355388
8.347000,-8.744843,-9.522726,0.777883,0.355017
8.348000,-8.750931,-9.528584,0.777652,0.354644
8.349000,-8.757006,-9.534426,0.777420,0.354271
8.350000,-8.763067,-9.540253,0.777187,0.353898
8.351000,-8.769114,-9.546065,0.776951,0.353524
8.352000,-8.775147,-9.551861,0.776714,0.353150
8.353000,-8.781166,-9.557641,0.776475,0.352775
8.354000,-8.787172,-9.563406,0.776235,0.352399
8.355000,-8.793163,-9.569156,0.775993,0.352023
8.356000,-8.799141,-9.574889,0.775749,0.351647
8.357000,-8.805104,-9.580608,0.775503,0.351269
8.358000,-8.811054,-9.586310,0.775256,0.350892
8.359000,-8.816990,-9.591998,0.775007,0.350513
8.360000,-8.822912,-9.597669,0.774757,0.350135
8.361000,-8.828820,-9.603325,0.774505,0.349755
8.362000,-8.834714,-9.608966,0.774251,0.349376
8.363000,-8.840595,-9.614590,0.773996,0.348995
8.364000,-8.846461,-9.620200,0.773739,0.348614
8.365000,-8.852313,-9.625793,0.773480,0.348233
8.366000,-8.858151,-9.631371,0.773220,0.347851
8.367000,-8.863976,-9.636933,0.772958,0.347469
8.368000,-8.869786,-9.642480,0.772694,0.347086
8.369000,-8.875582,-9.648011,0.772429,0.346702
8.370000,-8.881364,-9.653527,0.772162,0.346319
8.371000,-8.887133,-9.659026,0.771894,0.345934
8.372000,-8.892887,-9.664510,0.771623,0.345549
8.373000,-8.898627,-9.669979,0.771352,0.345164
8.374000,-8.904353,-9.675431,0.771078,0.344778
8.375000,-8.910065,-9.680868,0.770803,0.344391
8.376000,-8.915763,-9.686290,0.770526,0.344005
8.377000,-8.921447,-9.691695,0.770248,0.343617
8.378000,-8.927117,-9.697085,0.769968,0.343229
8.379000,-8.932773,-9.702459,0.769687,0.342841
8.380000,-8.938414,-9.707818,0.769403,0.342452
8.381000,-8.944042,-9.713160,0.769119,0.342063
8.382000,-8.949655,-9.718487,0.768832,0.341673
8.383000,-8.955254,-9.723799,0.768544,0.341282
8.384000,-8.960839,-9.729094,0.768255,0.340892
8.385000,-8.966410,-9.734374,0.767963,0.340500
8.386000,-8.971967,-9.739638,0.767670,0.340109
8.387000,-8.977510,-9.744886,0.767376,0.339716
8.388000,-8.983038,-9.750118,0.767080,0.339324
8.389000,-8.988552,-9.755335,0.766782,0.338931
8.390000,-8.994053,-9.760535,0.766483,0.338537
8.391000,-8.999538,-9.765720,0.766182,0.338143
8.392000,-9.005010,-9.770890,0.765880,0.337748
8.393000,-9.010467,-9.776043,0.765575,0.337354
8.394000,-9.015911,-9.781180,0.765270,0.336958
8.395000,-9.021340,-9.786302,0.764963,0.336562
8.396000,-9.026754,-9.791408,0.764654,0.336166
8.397000,-9.032155,-9.796498,0.764343,0.335769
8.398000,-9.037541,-9.801572,0.764031,0.335372
8.399000,-9.042913,-9.806630,0.763718,0.334974
8.400000,-9.048271,-9.811673,0.763402,0.334576
8.401000,-9.053614,-9.816699,0.763086,0.334178
8.402000,-9.058943,-9.821710,0.762767,0.333779
8.403000,-9.064258,-9.826705,0.762447,0.333379
8.404000,-9.069558,-9.831684,0.762126,0.332979
8.405000,-9.074844,-9.836647,0.761803,0.332579
8.406000,-9.080116,-9.841594,0.761478,0.332178
8.407000,-9.085373,-9.846525,0.761152,0.331777
8.408000,-9.090617,-9.851440,0.760824,0.331376
8.409000,-9.095845,-9.856340,0.760494,0.330974
8.410000,-9.101060,-9.861223,0.760163,0.330571
8.411000,-9.106260,-9.866091,0.759831,0.330169
8.412000,-9.111445,-9.870942,0.759497,0.329765
8.413000,-9.116617,-9.875778,0.759161,0.329362
8.414000,-9.121773,-9.880598,0.758824,0.328958
8.415000,-9.126916,-9.885401,0.758485,0.328553
8.416000,-9.132044,-9.890189,0.758145,0.328148
8.417000,-9.137158,-9.894961,0.757803,0.327743
8.418000,-9.142257,-9.899717,0.757460,0.327338
8.419000,-9.147341,-9.904456,0.757115,0.326931
8.420000,-9.152412,-9.909180,0.756768,0.326525
8.421000,-9.157468,-9.913888,0.756420,0.326118
8.422000,-9.162509,-9.918580,0.756071,0.325711
8.423000,-9.167536,-9.923256,0.755720,0.325303
8.424000,-9.172548,-9.927915,0.755367,0.324895
8.425000,-9.177546,-9.932559,0.755013,0.324487
8.426000,-9.182530,-9.937187,0.754657,0.324078
8.427000,-9.187499,-9.941799,0.754300,0.323669
8.428000,-9.192453,-9.946394,0.753941,0.323259
8.429000,-9.197393,-9.950974,0.753581,0.322849
8.430000,-9.202318,-9.955538,0.753219,0.322439
8.431000,-9.207229,-9.960085,0.752856,0.322028
8.432000,-9.212126,-9.964617,0.752491,0.321617
8.433000,-9.217007,-9.969132,0.752124,0.321206
8.434000,-9.221875,-9.973631,0.751757,0.320794
8.435000,-9.226727,-9.978115,0.751387,0.320382
8.436000,-9.231566,-9.982582,0.751016,0.319969
8.437000,-9.236389,-9.987033,0.750644,0.319556
8.438000,-9.241198,-9.991468,0.750270,0.319143
8.439000,-9.245992,-9.995887,0.749895,0.318730
8.440000,-9.250772,-10.000290,0.749518,0.318316
8.441000,-9.255537,-10.004676,0.749139,0.317901
8.442000,-9.260288,-10.009047,0.748759,0.317487
8.443000,-9.265024,-10.013401,0.748378,0.317072
8.444000,-9.269745,-10.017740,0.747995,0.316656
8.445000,-9.274452,-10.022062,0.747610,0.316241
8.446000,-9.279144,-10.026368,0.747225,0.315825
8.447000,-9.283821,-10.030658,0.746837,0.315408
8.448000,-9.288484,-10.034932,0.746448,0.314991
8.449000,-9.293132,-10.039189,0.746058,0.314574
8.450000,-9.297765,-10.043431,0.745666,0.314157
8.451000,-9.302384,-10.047656,0.745273,0.313739
8.452000,-9.306987,-10.051865,0.744878,0.313321
8.453000,-9.311577,-10.056058,0.744482,0.312903
8.454000,-9.316151,-10.060235,0.744084,0.312484
8.455000,-9.320711,-10.064396,0.743685,0.312065
8.456000,-9.325256,-10.068540,0.743284,0.311646
8.457000,-9.329787,-10.072669,0.742882,0.311226
8.458000,-9.334302,-10.076781,0.742478,0.310806
8.459000,-9.338803,-10.080877,0.742073,0.310385
8.460000,-9.343289,-10.084956,0.741667,0.309965
8.461000,-9.347761,-10.089020,0.741259,0.309544
8.462000,-9.352218,-10.093067,0.740849,0.309123
8.463000,-9.356659,-10.097098,0.740439,0.308701
8.464000,-9.361087,-10.101113,0.740026,0.308279
8.465000,-9.365499,-10.105111,0.739612,0.307857
8.466000,-9.369896,-10.109094,0.739197,0.307434
8.467000,-9.374279,-10.113060,0.738781,0.307012
8.468000,-9.378647,-10.117010,0.738362,0.306589
8.469000,-9.383000,-10.120943,0.737943,0.306165
8.470000,-9.387339,-10.124861,0.737522,0.305741
8.471000,-9.391662,-10.128762,0.737100,0.305317
8.472000,-9.395971,-10.132646,0.736676,0.304893
8.473000,-9.400265,-10.136515,0.736250,0.304469
8.474000,-9.404544,-10.140367,0.735824,0.304044
8.475000,-9.408808,-10.144203,0.735396,0.303619
8.476000,-9.413057,-10.148023,0.734966,0.303193
8.477000,-9.417291,-10.151827,0.734535,0.302768
8.478000,-9.421511,-10.155614,0.734103,0.302342
8.479000,-9.425716,-10.159385,0.733669,0.301915
8.480000,-9.429905,-10.163139,0.733234,0.301489
8.481000,-9.434080,-10.166878,0.732797,0.301062
8.482000,-9.438240,-10.170600,0.732359,0.300635
8.483000,-9.442385,-10.174305,0.731920,0.300207
8.484000,-9.446515,-10.177995,0.731479,0.299780
8.485000,-9.450631,-10.181668,0.731037,0.299352
8.486000,-9.454731,-10.185324,0.730593,0.298924
8.487000,-9.458816,-10.188965,0.730148,0.298495
8.488000,-9.462887,-10.192589,0.729702,0.298067
8.489000,-9.466942,-10.196197,0.729254,0.297638
8.490000,-9.470983,-10.199788,0.728805,0.297209
8.491000,-9.475009,-10.203363,0.728354,0.296779
8.492000,-9.479019,-10.206922,0.727902,0.296349
8.493000,-9.483015,-10.210464,0.727449,0.295919
8.494000,-9.486996,-10.213990,0.726994,0.295489
8.495000,-9.490961,-10.217500,0.726538,0.295059
8.496000,-9.494912,-10.220993,0.726081,0.294628
8.497000,-9.498848,-10.224470,0.725622,0.294197
8.498000,-9.502769,-10.227931,0.725162,0.293766
8.499000,-9.506674,-10.231375,0.724700,0.293335
8.500000,-9.510565,-10.234803,0.724237,0.292903
8.501000,-9.514441,-10.238214,0.723773,0.292471
8.502000,-9.518302,-10.241609,0.723308,0.292039
8.503000,-9.522147,-10.244988,0.722841,0.291607
8.504000,-9.525978,-10.248350,0.722372,0.291174
8.505000,-9.529793,-10.251696,0.721903,0.290741
8.506000,-9.533594,-10.255025,0.721432,0.290308
8.507000,-9.537379,-10.258339,0.720959,0.289875
8.508000,-9.541150,-10.261635,0.720485,0.289441
8.509000,-9.544905,-10.264916,0.720010,0.289008
8.510000,-9.548645,-10.268179,0.719534,0.288574
8.511000,-9.552371,-10.271427,0.719056,0.288139
8.512000,-9.556081,-10.274658,0.718577,0.287705
8.513000,-9.559776,-10.277872,0.718097,0.287270
8.514000,-9.563456,-10.281071,0.717615,0.286836
8.515000,-9.567121,-10.284252,0.717132,0.286401
8.516000,-9.570770,-10.287418,0.716648,0.285965
8.517000,-9.574405,-10.290567,0.716162,0.285530
8.518000,-9.578024,-10.293699,0.715675,0.285094
8.519000,-9.581629,-10.296815,0.715186,0.284658
8.520000,-9.585218,-10.299915,0.714697,0.284222
8.521000,-9.588792,-10.302998,0.714206,0.283786
8.522000,-9.592351,-10.306064,0.713714,0.283350
8.523000,-9.595895,-10.309115,0.713220,0.282913
8.524000,-9.599423,-10.312148,0.712725,0.282476
8.525000,-9.602937,-10.315166,0.712229,0.282039
8.526000,-9.606435,-10.318167,0.711731,0.281602
8.527000,-9.609918,-10.321151,0.711233,0.281164
8.528000,-9.613386,-10.324119,0.710733,0.280727
8.529000,-9.616839,-10.327070,0.710231,0.280289
8.530000,-9.620277,-10.330005,0.709729,0.279851
8.531000,-9.623699,-10.332924,0.709225,0.279413
8.532000,-9.627106,-10.335826,0.708719,0.278974
8.533000,-9.630498,-10.338711,0.708213,0.278536
8.534000,-9.633875,-10.341580,0.707705,0.278097
8.535000,-9.637237,-10.344433,0.707196,0.277658
8.536000,-9.640583,-10.347269,0.706686,0.277219
8.537000,-9.643914,-10.350088,0.706174,0.276780
8.538000,-9.647230,-10.352892,0.705661,0.276340
8.539000,-9.650531,-10.355678,0.705147,0.275901
8.540000,-9.653816,-10.358448,0.704632,0.275461
8.541000,-9.657087,-10.361202,0.704115,0.275021
8.542000,-9.660342,-10.363939,0.703597,0.274581
8.543000,-9.663581,-10.366659,0.703078,0.274141
8.544000,-9.666806,-10.369363,0.702558,0.273700
8.545000,-9.670015,-10.372051,0.702036,0.273260
8.546000,-9.673209,-10.374722,0.701513,0.272819
8.547000,-9.676387,-10.377376,0.700989,0.272378
8.548000,-9.679551,-10.380014,0.700463,0.271937
8.549000,-9.682699,-10.382636,0.699937,0.271496
8.550000,-9.685832,-10.385241,0.699409,0.271054
8.551000,-9.688949,-10.387829,0.698880,0.270613
8.552000,-9.692051,-10.390401,0.698349,0.270171
8.553000,-9.695138,-10.392956,0.697818,0.269729
8.554000,-9.698210,-10.395495,0.697285,0.269287
8.555000,-9.701266,-10.398017,0.696751,0.268845
8.556000,-9.704307,-10.400523,0.696216,0.268403
8.557000,-9.707333,-10.403012,0.695679,0.267960
8.558000,-9.710343,-10.405484,0.695142,0.267518
8.559000,-9.713338,-10.407941,0.694603,0.267075
8.560000,-9.716317,-10.410380,0.694063,0.266632
8.561000,-9.719282,-10.412803,0.693521,0.266189
8.562000,-9.722231,-10.415209,0.692979,0.265746
8.563000,-9.725164,-10.417599,0.692435,0.265303
8.564000,-9.728082,-10.419972,0.691890,0.264860
8.565000,-9.730985,-10.422329,0.691344,0.264416
8.566000,-9.733873,-10.424669,0.690797,0.263972
8.567000,-9.736745,-10.426993,0.690248,0.263529
8.568000,-9.739601,-10.429300,0.689699,0.263085
8.569000,-9.742443,-10.431590,0.689148,0.262641
8.570000,-9.745269,-10.433864,0.688596,0.262197
8.571000,-9.748079,-10.436122,0.688042,0.261752
8.572000,-9.750874,-10.438362,0.687488,0.261308
8.573000,-9.753654,-10.440587,0.686932,0.260864
8.574000,-9.756419,-10.442794,0.686376,0.260419
8.575000,-9.759168,-10.444985,0.685818,0.259974
8.576000,-9.761901,-10.447160,0.685258,0.259529
8.577000,-9.764619,-10.449318,0.684698,0.259084
8.578000,-9.767322,-10.451459,0.684137,0.258639
8.579000,-9.770009,-10.453583,0.683574,0.258194
8.580000,-9.772681,-10.455692,0.683010,0.257749
8.581000,-9.775338,-10.457783,0.682445,0.257304
8.582000,-9.777979,-10.459858,0.681879,0.256858
8.583000,-9.780604,-10.461916,0.681312,0.256412
8.584000,-9.783214,-10.463958,0.680744,0.255967
8.585000,-9.785809,-10.465983,0.680174,0.255521
8.586000,-9.788388,-10.467992,0.679604,0.255075
8.587000,-9.790952,-10.469984,0.679032,0.254629
8.588000,-9.793500,-10.471959,0.678459,0.254183
8.589000,-9.796033,-10.473918,0.677885,0.253737
8.590000,-9.798551,-10.475860,0.677309,0.253290
8.591000,-9.801052,-10.477786,0.676733,0.252844
8.592000,-9.803539,-10.479694,0.676156,0.252398
8.593000,-9.806010,-10.481587,0.675577,0.251951
8.594000,-9.808465,-10.483463,0.674997,0.251504
8.595000,-9.810905,-10.485322,0.674417,0.251058
8.596000,-9.813330,-10.487164,0.673835,0.250611
8.597000,-9.815739,-10.488990,0.673251,0.250164
8.598000,-9.818132,-10.490799,0.672667,0.249717
8.599000,-9.820510,-10.492592,0.672082,0.249270
8.600000,-9.822873,-10.494368,0.671496,0.248823
8.601000,-9.825219,-10.496128,0.670908,0.248375
8.602000,-9.827551,-10.497870,0.670320,0.247928
8.603000,-9.829867,-10.499597,0.669730,0.247481
8.604000,-9.832167,-10.501306,0.669139,0.247033
8.605000,-9.834452,-10.502999,0.668547,0.246586
8.606000,-9.836721,-10.504676,0.667954,0.246138
8.607000,-9.838975,-10.506335,0.667360,0.245690
8.608000,-9.841213,-10.507978,0.666765,0.245242
8.609000,-9.843436,-10.509605,0.666169,0.244795
8.610000,-9.845643,-10.511215,0.665572,0.244347
8.611000,-9.847835,-10.512808,0.664973,0.243899
8.612000,-9.850011,-10.514385,0.664374,0.243451
8.613000,-9.852172,-10.515945,0.663773,0.243003
8.614000,-9.854317,-10.517488,0.663172,0.242554
8.615000,-9.856446,-10.519015,0.662569,0.242106
8.616000,-9.858560,-10.520525,0.661965,0.241658
8.617000,-9.860658,-10.522019,0.661360,0.241210
8.618000,-9.862741,-10.523495,0.660755,0.240761
8.619000,-9.864808,-10.524956,0.660148,0.240313
8.620000,-9.866859,-10.526399,0.659540,0.239864
8.621000,-9.868895,-10.527826,0.658931,0.239416
8.622000,-9.870916,-10.529237,0.658321,0.238967
8.623000,-9.872921,-10.530630,0.657710,0.238518
8.624000,-9.874910,-10.532007,0.657098,0.238069
8.625000,-9.876883,-10.533368,0.656484,0.237621
8.626000,-9.878841,-10.534712,0.655870,0.237172
8.627000,-9.880784,-10.536039,0.655255,0.236723
8.628000,-9.882711,-10.537349,0.654639,0.236274
8.629000,-9.884622,-10.538643,0.654021,0.235825
8.630000,-9.886517,-10.539920,0.653403,0.235376
8.631000,-9.888397,-10.541181,0.652784,0.234927
8.632000,-9.890262,-10.542425,0.652163,0.234478
8.633000,-9.892111,-10.543652,0.651542,0.234029
8.634000,-9.893944,-10.544863,0.650920,0.233579
8.635000,-9.895761,-10.546057,0.650296,0.233130
8.636000,-9.897563,-10.547235,0.649672,0.232681
8.637000,-9.899349,-10.548396,0.649046,0.232232
8.638000,-9.901120,-10.549540,0.648420,0.231782
8.639000,-9.902875,-10.550667,0.647792,0.231333
8.640000,-9.904614,-10.551778,0.647164,0.230884
8.641000,-9.906338,-10.552872,0.646534,0.230434
8.642000,-9.908046,-10.553950,0.645904,0.229985
8.643000,-9.909738,-10.555011,0.645273,0.229535
8.644000,-9.911415,-10.556055,0.644640,0.229086
8.645000,-9.913076,-10.557083,0.644007,0.228636
8.646000,-9.914722,-10.558094,0.643372,0.228186
8.647000,-9.916352,-10.559089,0.642737,0.227737
8.648000,-9.917966,-10.560066,0.642101,0.227287
8.649000,-9.919564,-10.561028,0.641463,0.226837
8.650000,-9.921147,-10.561972,0.640825,0.226388
8.651000,-9.922714,-10.562900,0.640186,0.225938
8.652000,-9.924266,-10.563811,0.639546,0.225488
8.653000,-9.925801,-10.564706,0.638904,0.225039
8.654000,-9.927322,-10.565584,0.638262,0.224589
8.655000,-9.928826,-10.566445,0.637619,0.224139
8.656000,-9.930315,-10.567290,0.636975,0.223689
8.657000,-9.931788,-10.568118,0.636330,0.223239
8.658000,-9.933245,-10.568929,0.635684,0.222790
8.659000,-9.934687,-10.569724,0.635037,0.222340
8.660000,-9.936113,-10.570502,0.634389,0.221890
8.661000,-9.937523,-10.571264,0.633741,0.221440
8.662000,-9.938918,-10.572009,0.633091,0.220990
8.663000,-9.940297,-10.572737,0.632440,0.220540
8.664000,-9.941660,-10.573449,0.631788,0.220090
8.665000,-9.943008,-10.574144,0.631136,0.219640
8.666000,-9.944340,-10.574822,0.630482,0.219190
8.667000,-9.945656,-10.575484,0.629828,0.218741
8.668000,-9.946956,-10.576129,0.629173,0.218291
8.669000,-9.948241,-10.576757,0.628516,0.217841
8.670000,-9.949510,-10.577369,0.627859,0.217391
8.671000,-9.950763,-10.577964,0.627201,0.216941
8.672000,-9.952001,-10.578543,0.626542,0.216491
8.673000,-9.953223,-10.579105,0.625882,0.216041
8.674000,-9.954429,-10.579650,0.625221,0.215591
8.675000,-9.955620,-10.580179,0.624559,0.215141
8.676000,-9.956794,-10.580691,0.623897,0.214691
8.677000,-9.957953,-10.581187,0.623233,0.214241
8.678000,-9.959097,-10.581665,0.622569,0.213791
8.679000,-9.960224,-10.582128,0.621903,0.213341
8.680000,-9.961336,-10.582573,0.621237,0.212891
8.681000,-9.962432,-10.583002,0.620570,0.212441
8.682000,-9.963513,-10.583414,0.619902,0.211991
8.683000,-9.964577,-10.583810,0.619233,0.211542
8.684000,-9.965626,-10.584189,0.618563,0.211092
8.685000,-9.966659,-10.584552,0.617892,0.210642
8.686000,-9.967677,-10.584898,0.617221,0.210192
8.687000,-9.968678,-10.585227,0.616548,0.209742
8.688000,-9.969664,-10.585539,0.615875,0.209292
8.689000,-9.970635,-10.585835,0.615201,0.208842
8.690000,-9.971589,-10.586115,0.614526,0.208393
8.691000,-9.972528,-10.586378,0.613850,0.207943
8.692000,-9.973451,-10.586624,0.613173,0.207493
8.693000,-9.974358,-10.586853,0.612495,0.207043
8.694000,-9.975249,-10.587066,0.611817,0.206593
8.695000,-9.976125,-10.587263,0.611138,0.206144
8.696000,-9.976985,-10.587442,0.610457,0.205694
8.697000,-9.977829,-10.587605,0.609776,0.205244
8.698000,-9.978658,-10.587752,0.609094,0.204794
8.699000,-9.979470,-10.587882,0.608412,0.204345
8.700000,-9.980267,-10.587995,0.607728,0.203895
8.701000,-9.981048,-10.588092,0.607043,0.203446
8.702000,-9.981814,-10.588172,0.606358,0.202996
8.703000,-9.982564,-10.588236,0.605672,0.202546
8.704000,-9.983297,-10.588282,0.604985,0.202084
8.705000,-9.984016,-10.588312,0.604297,0.201583
8.706000,-9.984718,-10.588325,0.603607,0.201017
8.707000,-9.985404,-10.588320,0.602916,0.200345
8.708000,-9.986075,-10.588297,0.602222,0.199611
8.709000,-9.986730,-10.588257,0.601527,0.198918
8.710000,-9.987370,-10.588199,0.600829,0.198261
8.711000,-9.987993,-10.588123,0.600130,0.197646
8.712000,-9.988601,-10.588030,0.599429,0.197055
8.713000,-9.989193,-10.587920,0.598727,0.196491
8.714000,-9.989769,-10.587793,0.598024,0.195959
8.715000,-9.990329,-10.587649,0.597319,0.195454
8.716000,-9.990874,-10.587488,0.596614,0.194962
8.717000,-9.991403,-10.587311,0.595908,0.194471
8.718000,-9.991916,-10.587117,0.595201,0.193981
8.719000,-9.992413,-10.586906,0.594492,0.193491
8.720000,-9.992895,-10.586678,0.593783,0.193000
8.721000,-9.993360,-10.586433,0.593073,0.192510
8.722000,-9.993810,-10.586172,0.592362,0.192020
8.723000,-9.994245,-10.585894,0.591650,0.191530
8.724000,-9.994663,-10.585600,0.590937,0.191040
8.725000,-9.995066,-10.585288,0.590222,0.190550
8.726000,-9.995452,-10.584960,0.589507,0.190060
8.727000,-9.995823,-10.584615,0.588791,0.189570
8.728000,-9.996179,-10.584253,0.588075,0.189081
8.729000,-9.996518,-10.583875,0.587357,0.188591
8.730000,-9.996842,-10.583480,0.586638,0.188102
8.731000,-9.997150,-10.583068,0.585918,0.187612
8.732000,-9.997442,-10.582639,0.585197,0.187123
8.733000,-9.997718,-10.582194,0.584476,0.186634
8.734000,-9.997979,-10.581732,0.583753,0.186144
8.735000,-9.998224,-10.581253,0.583030,0.185655
8.736000,-9.998452,-10.580758,0.582305,0.185166
8.737000,-9.998666,-10.580246,0.581580,0.184677
8.738000,-9.998863,-10.579717,0.580854,0.184188
8.739000,-9.999045,-10.579171,0.580127,0.183700
8.740000,-9.999210,-10.578609,0.579399,0.183211
8.741000,-9.999360,-10.578030,0.578670,0.182722
8.742000,-9.999495,-10.577434,0.577940,0.182234
8.743000,-9.999613,-10.576822,0.577209,0.181745
8.744000,-9.999716,-10.576193,0.576477,0.181257
8.745000,-9.999803,-10.575547,0.575745,0.180769
8.746000,-9.999874,-10.574885,0.575011,0.180281
8.747000,-9.999929,-10.574206,0.574277,0.179793
8.748000,-9.999968,-10.573510,0.573541,0.179305
8.749000,-9.999992,-10.572797,0.572805,0.178817
8.750000,-10.000000,-10.572068,0.572068,0.178329
8.751000,-9.999992,-10.571322,0.571330,0.177842
8.752000,-9.999968,-10.570560,0.570592,0.177354
8.753000,-9.999929,-10.569781,0.569852,0.176867
8.754000,-9.999874,-10.568985,0.569111,0.176379
8.755000,-9.999803,-10.568173,0.568370,0.175892
8.756000,-9.999716,-10.567343,0.567628,0.175405
8.757000,-9.999613,-10.566498,0.566885,0.174918
8.758000,-9.999495,-10.565635,0.566141,0.174431
8.759000,-9.999360,-10.564756,0.565396,0.173945
8.760000,-9.999210,-10.563861,0.564650,0.173458
8.761000,-9.999045,-10.562948,0.563904,0.172971
8.762000,-9.998863,-10.562019,0.563156,0.172485
8.763000,-9.998666,-10.561074,0.562408,0.171999
8.764000,-9.998452,-10.560111,0.561659,0.171513
8.765000,-9.998224,-10.559133,0.560909,0.171027
8.766000,-9.997979,-10.558137,0.560158,0.170541
8.767000,-9.997718,-10.557125,0.559407,0.170055
8.768000,-9.997442,-10.556096,0.558654,0.169569
8.769000,-9.997150,-10.555051,0.557901,0.169084
8.770000,-9.996842,-10.553989,0.557147,0.168598
8.771000,-9.996518,-10.552910,0.556392,0.168113
8.772000,-9.996179,-10.551815,0.555637,0.167628
8.773000,-9.995823,-10.550704,0.554880,0.167142
8.774000,-9.995452,-10.549575,0.554123,0.166658
8.775000,-9.995066,-10.548430,0.553365,0.166173
8.776000,-9.994663,-10.547269,0.552606,0.165688
8.777000,-9.994245,-10.546091,0.551846,0.165203
8.778000,-9.993810,-10.544896,0.551086,0.164719
8.779000,-9.993360,-10.543685,0.550324,0.164235
8.780000,-9.992895,-10.542457,0.549562,0.163751
8.781000,-9.992413,-10.541213,0.548799,0.163266
8.782000,-9.991916,-10.539952,0.548036,0.162783
8.783000,-9.991403,-10.538674,0.547271,0.162299
8.784000,-9.990874,-10.537380,0.546506,0.161815
8.785000,-9.990329,-10.536070,0.545740,0.161332
8.786000,-9.989769,-10.534742,0.544973,0.160848
8.787000,-9.989193,-10.533399,0.544206,0.160365
8.788000,-9.988601,-10.532038,0.543438,0.159882
8.789000,-9.987993,-10.530662,0.542669,0.159399
8.790000,-9.987370,-10.529268,0.541899,0.158916
8.791000,-9.986730,-10.527858,0.541128,0.158434
8.792000,-9.986075,-10.526432,0.540357,0.157951
8.793000,-9.985404,-10.524989,0.539585,0.157469
8.794000,-9.984718,-10.523530,0.538812,0.156986
8.795000,-9.984016,-10.522054,0.538038,0.156504
8.796000,-9.983297,-10.520561,0.537264,0.156022
8.797000,-9.982564,-10.519053,0.536489,0.155541
8.798000,-9.981814,-10.517527,0.535713,0.155059
8.799000,-9.981048,-10.515985,0.534937,0.154577
8.800000,-9.980267,-10.514427,0.534159,0.154096
8.801000,-9.979470,-10.512852,0.533381,0.153615
8.802000,-9.978658,-10.511260,0.532603,0.153134
8.803000,-9.977829,-10.509653,0.531823,0.152653
8.804000,-9.976985,-10.508028,0.531043,0.152172
8.805000,-9.976125,-10.506387,0.530262,0.151692
8.806000,-9.975249,-10.504730,0.529481,0.151211
8.807000,-9.974358,-10.503056,0.528698,0.150731
8.808000,-9.973451,-10.501366,0.527915,0.150251
8.809000,-9.972528,-10.499659,0.527132,0.149771
8.810000,-9.971589,-10.497936,0.526347,0.149291
8.811000,-9.970635,-10.496197,0.525562,0.148811
8.812000,-9.969664,-10.494441,0.524776,0.148332
8.813000,-9.968678,-10.492668,0.523990,0.147852
8.814000,-9.967677,-10.490880,0.523203,0.147373
8.815000,-9.966659,-10.489074,0.522415,0.146894
8.816000,-9.965626,-10.487253,0.521626,0.146415
8.817000,-9.964577,-10.485414,0.520837,0.145936
8.818000,-9.963513,-10.483560,0.520047,0.145458
8.819000,-9.962432,-10.481689,0.519257,0.144979
8.820000,-9.961336,-10.479802,0.518465,0.144501
8.821000,-9.960224,-10.477898,0.517674,0.144023
8.822000,-9.959097,-10.475978,0.516881,0.143545
8.823000,-9.957953,-10.474041,0.516088,0.143067
8.824000,-9.956794,-10.472088,0.515294,0.142590
8.825000,-9.955620,-10.470119,0.514499,0.142112
8.826000,-9.954429,-10.468133,0.513704,0.141635
8.827000,-9.953223,-10.466131,0.512908,0.141158
8.828000,-9.952001,-10.464113,0.512112,0.140681
8.829000,-9.950763,-10.462078,0.511314,0.140204
8.830000,-9.949510,-10.460027,0.510517,0.139728
8.831000,-9.948241,-10.457959,0.509718,0.139251
8.832000,-9.946956,-10.455875,0.508919,0.138775
8.833000,-9.945656,-10.453775,0.508119,0.138299
8.834000,-9.944340,-10.451659,0.507319,0.137823
8.835000,-9.943008,-10.449526,0.506518,0.137347
8.836000,-9.941660,-10.447377,0.505716,0.136872
8.837000,-9.940297,-10.445211,0.504914,0.136396
8.838000,-9.938918,-10.443029,0.504111,0.135921
8.839000,-9.937523,-10.440831,0.503308,0.135446
8.840000,-9.936113,-10.438617,0.502504,0.134971
8.841000,-9.934687,-10.436386,0.501699,0.134497
8.842000,-9.933245,-10.434139,0.500894,0.134022
8.843000,-9.931788,-10.431876,0.500088,0.133548
8.844000,-9.930315,-10.429596,0.499281,0.133074
8.845000,-9.928826,-10.427300,0.498474,0.132600
8.846000,-9.927322,-10.424988,0.497666,0.132126
8.847000,-9.925801,-10.422659,0.496858,0.131652
8.848000,-9.924266,-10.420315,0.496049,0.131179
8.849000,-9.922714,-10.417954,0.495240,0.130705
8.850000,-9.921147,-10.415576,0.494429,0.130232
8.851000,-9.919564,-10.413183,0.493619,0.129759
8.852000,-9.917966,-10.410773,0.492808,0.129287
8.853000,-9.916352,-10.408347,0.491996,0.128814
8.854000,-9.914722,-10.405905,0.491183,0.128342
8.855000,-9.913076,-10.403447,0.490370,0.127869
8.856000,-9.911415,-10.400972,0.489557,0.127397
8.857000,-9.909738,-10.398481,0.488743,0.126925
8.858000,-9.908046,-10.395974,0.487928,0.126454
8.859000,-9.906338,-10.393451,0.487113,0.125982
8.860000,-9.904614,-10.390911,0.486297,0.125511
8.861000,-9.902875,-10.388355,0.485480,0.125040
8.862000,-9.901120,-10.385783,0.484663,0.124569
8.863000,-9.899349,-10.383195,0.483846,0.124098
8.864000,-9.897563,-10.380591,0.483028,0.123628
8.865000,-9.895761,-10.377971,0.482209,0.123157
8.866000,-9.893944,-10.375334,0.481390,0.122687
8.867000,-9.892111,-10.372681,0.480571,0.122217
8.868000,-9.890262,-10.370012,0.479750,0.121747
8.869000,-9.888397,-10.367327,0.478930,0.121277
8.870000,-9.886517,-10.364626,0.478108,0.120808
8.871000,-9.884622,-10.361908,0.477287,0.120339
8.872000,-9.882711,-10.359175,0.476464,0.119870
8.873000,-9.880784,-10.356425,0.475641,0.119401
8.874000,-9.878841,-10.353659,0.474818,0.118932
8.875000,-9.876883,-10.350877,0.473994,0.118463
8.876000,-9.874910,-10.348079,0.473170,0.117995
8.877000,-9.872921,-10.345265,0.472345,0.117527
8.878000,-9.870916,-10.342435,0.471519,0.117059
8.879000,-9.868895,-10.339589,0.470693,0.116591
8.880000,-9.866859,-10.336726,0.469867,0.116124
8.881000,-9.864808,-10.333848,0.469040,0.115656
8.882000,-9.862741,-10.330953,0.468212,0.115189
8.883000,-9.860658,-10.328043,0.467384,0.114722
8.884000,-9.858560,-10.325116,0.466556,0.114255
8.885000,-9.856446,-10.322173,0.465727,0.113788
8.886000,-9.854317,-10.319214,0.464898,0.113322
8.887000,-9.852172,-10.316239,0.464068,0.112856
8.888000,-9.850011,-10.313248,0.463237,0.112390
8.889000,-9.847835,-10.310241,0.462406,0.111924
8.890000,-9.845643,-10.307218,0.461575,0.111458
8.891000,-9.843436,-10.304179,0.460743,0.110993
8.892000,-9.841213,-10.301124,0.459911,0.110527
8.893000,-9.838975,-10.298053,0.459078,0.110062
8.894000,-9.836721,-10.294966,0.458245,0.109597
8.895000,-9.834452,-10.291863,0.457411,0.109133
8.896000,-9.832167,-10.288744,0.456577,0.108668
8.897000,-9.829867,-10.285609,0.455742,0.108204
8.898000,-9.827551,-10.282458,0.454907,0.107739
8.899000,-9.825219,-10.279291,0.454071,0.107275
8.900000,-9.822873,-10.276108,0.453235,0.106812
8.901000,-9.820510,-10.272909,0.452399,0.106348
8.902000,-9.818132,-10.269694,0.451562,0.105885
8.903000,-9.815739,-10.266463,0.450724,0.105422
8.904000,-9.813330,-10.263216,0.449886,0.104959
8.905000,-9.810905,-10.259953,0.449048,0.104496
8.906000,-9.808465,-10.256675,0.448209,0.104033
8.907000,-9.806010,-10.253380,0.447370,0.103571
8.908000,-9.803539,-10.250070,0.446531,0.103108
8.909000,-9.801052,-10.246743,0.445691,0.102646
8.910000,-9.798551,-10.243401,0.444850,0.102185
8.911000,-9.796033,-10.240042,0.444009,0.101723
8.912000,-9.793500,-10.236668,0.443168,0.101262
8.913000,-9.790952,-10.233278,0.442326,0.100800
8.914000,-9.788388,-10.229872,0.441484,0.100339
8.915000,-9.785809,-10.226450,0.440641,0.099878
8.916000,-9.783214,-10.223013,0.439798,0.099418
8.917000,-9.780604,-10.219559,0.438955,0.098957
8.918000,-9.777979,-10.216090,0.438111,0.098497
8.919000,-9.775338,-10.212605,0.437267,0.098037
8.920000,-9.772681,-10.209104,0.436422,0.097577
8.921000,-9.770009,-10.205587,0.435577,0.097117
8.922000,-9.767322,-10.202054,0.434732,0.096658
8.923000,-9.764619,-10.198505,0.433886,0.096198
8.924000,-9.761901,-10.194941,0.433040,0.095739
8.925000,-9.759168,-10.191361,0.432193,0.095280
8.926000,-9.756419,-10.187765,0.431346,0.094822
8.927000,-9.753654,-10.184153,0.430499,0.094363
8.928000,-9.750874,-10.180525,0.429651,0.093905
8.929000,-9.748079,-10.176882,0.428803,0.093447
8.930000,-9.745269,-10.173223,0.427954,0.092989
8.931000,-9.742443,-10.169548,0.427105,0.092531
8.932000,-9.739601,-10.165857,0.426256,0.092073
8.933000,-9.736745,-10.162151,0.425406,0.091616
8.934000,-9.733873,-10.158429,0.424556,0.091159
8.935000,-9.730985,-10.154691,0.423706,0.090702
8.936000,-9.728082,-10.150937,0.422855,0.090245
8.937000,-9.725164,-10.147168,0.422004,0.089788
8.938000,-9.722231,-10.143383,0.421152,0.089332
8.939000,-9.719282,-10.139582,0.420300,0.088876
8.940000,-9.716317,-10.135765,0.419448,0.088420
8.941000,-9.713338,-10.131933,0.418595,0.087964
8.942000,-9.710343,-10.128085,0.417742,0.087508
8.943000,-9.707333,-10.124222,0.416889,0.087053
8.944000,-9.704307,-10.120342,0.416035,0.086598
8.945000,-9.701266,-10.116447,0.415181,0.086143
8.946000,-9.698210,-10.112537,0.414327,0.085688
8.947000,-9.695138,-10.108610,0.413472,0.085233
8.948000,-9.692051,-10.104668,0.412617,0.084779
8.949000,-9.688949,-10.100711,0.411762,0.084325
8.950000,-9.685832,-10.096738,0.410906,0.083870
8.951000,-9.682699,-10.092749,0.410050,0.083417
8.952000,-9.679551,-10.088744,0.409194,0.082963
8.953000,-9.676387,-10.084724,0.408337,0.082509
8.954000,-9.673209,-10.080689,0.407480,0.082056
8.955000,-9.670015,-10.076637,0.406622,0.081603
8.956000,-9.666806,-10.072570,0.405765,0.081150
8.957000,-9.663581,-10.068488,0.404907,0.080697
8.958000,-9.660342,-10.064390,0.404048,0.080245
8.959000,-9.657087,-10.060276,0.403190,0.079793
8.960000,-9.653816,-10.056147,0.402331,0.079340
8.961000,-9.650531,-10.052002,0.401471,0.078889
8.962000,-9.647230,-10.047842,0.400612,0.078437
8.963000,-9.643914,-10.043666,0.399752,0.077985
8.964000,-9.640583,-10.039475,0.398892,0.077534
8.965000,-9.637237,-10.035268,0.398031,0.077083
8.966000,-9.633875,-10.031046,0.397170,0.076632
8.967000,-9.630498,-10.026808,0.396309,0.076181
8.968000,-9.627106,-10.022554,0.395448,0.075730
8.969000,-9.623699,-10.018285,0.394586,0.075280
8.970000,-9.620277,-10.014001,0.393724,0.074830
8.971000,-9.616839,-10.009701,0.392862,0.074380
8.972000,-9.613386,-10.005386,0.391999,0.073930
8.973000,-9.609918,-10.001055,0.391136,0.073480
8.974000,-9.606435,-9.996709,0.390273,0.073031
8.975000,-9.602937,-9.992347,0.389410,0.072581
8.976000,-9.599423,-9.987970,0.388546,0.072132
8.977000,-9.595895,-9.983577,0.387682,0.071683
8.978000,-9.592351,-9.979169,0.386818,0.071235
8.979000,-9.588792,-9.974745,0.385953,0.070786
8.980000,-9.585218,-9.970306,0.385089,0.070338
8.981000,-9.581629,-9.965852,0.384223,0.069890
8.982000,-9.578024,-9.961382,0.383358,0.069442
8.983000,-9.574405,-9.956897,0.382493,0.068994
8.984000,-9.570770,-9.952397,0.381627,0.068546
8.985000,-9.567121,-9.947881,0.380760,0.068099
8.986000,-9.563456,-9.943350,0.379894,0.067652
8.987000,-9.559776,-9.938803,0.379027,0.067205
8.988000,-9.556081,-9.934241,0.378161,0.066758
8.989000,-9.552371,-9.929664,0.377293,0.066311
8.990000,-9.548645,-9.925071,0.376426,0.065865
8.991000,-9.544905,-9.920463,0.375558,0.065419
8.992000,-9.541150,-9.915840,0.374690,0.064972
8.993000,-9.537379,-9.911202,0.373822,0.064527
8.994000,-9.533594,-9.906548,0.372954,0.064081
8.995000,-9.529793,-9.901879,0.372085,0.063635
8.996000,-9.525978,-9.897194,0.371216,0.063190
8.997000,-9.522147,-9.892494,0.370347,0.062745
8.998000,-9.518302,-9.887779,0.369478,0.062300
8.999000,-9.514441,-9.883049,0.368608,0.061855
9.000000,-9.510565,-9.878303,0.367738,0.061410
9.001000,-9.506674,-9.873543,0.366868,0.060966
9.002000,-9.502769,-9.868767,0.365998,0.060522
9.003000,-9.498848,-9.863975,0.365127,0.060078
9.004000,-9.494912,-9.859169,0.364257,0.059634
9.005000,-9.490961,-9.854347,0.363386,0.059190
9.006000,-9.486996,-9.849510,0.362514,0.058747
9.007000,-9.483015,-9.844658,0.361643,0.058303
9.008000,-9.479019,-9.839791,0.360771,0.057860
9.009000,-9.475009,-9.834908,0.359900,0.057417
9.010000,-9.470983,-9.830011,0.359028,0.056974
9.011000,-9.466942,-9.825098,0.358155,0.056532
9.012000,-9.462887,-9.820170,0.357283,0.056089
9.013000,-9.458816,-9.815227,0.356410,0.055647
9.014000,-9.454731,-9.810268,0.355537,0.055205
9.015000,-9.450631,-9.805295,0.354664,0.054763
9.016000,-9.446515,-9.800306,0.353791,0.054321
9.017000,-9.442385,-9.795303,0.352917,0.053880
9.018000,-9.438240,-9.790284,0.352044,0.053438
9.019000,-9.434080,-9.785250,0.351170,0.052997
9.020000,-9.429905,-9.780201,0.350296,0.052556
9.021000,-9.425716,-9.775137,0.349421,0.052115
9.022000,-9.421511,-9.770058,0.348547,0.051674
9.023000,-9.417291,-9.764964,0.347672,0.051234
9.024000,-9.413057,-9.759854,0.346797,0.050794
9.025000,-9.408808,-9.754730,0.345922,0.050353
9.026000,-9.404544,-9.749591,0.345047,0.049913
9.027000,-9.400265,-9.744436,0.344172,0.049474
9.028000,-9.395971,-9.739267,0.343296,0.049034
9.029000,-9.391662,-9.734083,0.342420,0.048595
9.030000,-9.387339,-9.728883,0.341545,0.048155
9.031000,-9.383000,-9.723669,0.340668,0.047716
9.032000,-9.378647,-9.718439,0.339792,0.047277
9.033000,-9.374279,-9.713195,0.338916,0.046838
9.034000,-9.369896,-9.707935,0.338039,0.046400
9.035000,-9.365499,-9.702661,0.337162,0.045961
9.036000,-9.361087,-9.697372,0.336285,0.045523
9.037000,-9.356659,-9.692068,0.335408,0.045085
9.038000,-9.352218,-9.686748,0.334531,0.044647
9.039000,-9.347761,-9.681414,0.333653,0.044209
9.040000,-9.343289,-9.676065,0.332776,0.043772
9.041000,-9.338803,-9.670701,0.331898,0.043334
9.042000,-9.334302,-9.665322,0.331020,0.042897
9.043000,-9.329787,-9.659929,0.330142,0.042460
9.044000,-9.325256,-9.654520,0.329264,0.042023
9.045000,-9.320711,-9.649096,0.328385,0.041586
9.046000,-9.316151,-9.643658,0.327507,0.041150
9.047000,-9.311577,-9.638205,0.326628,0.040713
9.048000,-9.306987,-9.632737,0.325749,0.040277
9.049000,-9.302384,-9.627254,0.324870,0.039841
9.050000,-9.297765,-9.621756,0.323991,0.039405
9.051000,-9.293132,-9.616243,0.323112,0.038969
9.052000,-9.288484,-9.610716,0.322232,0.038533
9.053000,-9.283821,-9.605174,0.321353,0.038098
9.054000,-9.279144,-9.599617,0.320473,0.037663
9.055000,-9.274452,-9.594045,0.319593,0.037227
9.056000,-9.269745,-9.588458,0.318713,0.036792
9.057000,-9.265024,-9.582857,0.317833,0.036358
9.058000,-9.260288,-9.577241,0.316953,0.035923
9.059000,-9.255537,-9.571610,0.316073,0.035488
9.060000,-9.250772,-9.565964,0.315192,0.035054
9.061000,-9.245992,-9.560304,0.314312,0.034620
9.062000,-9.241198,-9.554629,0.313431,0.034186
9.063000,-9.236389,-9.548939,0.312550,0.033752
9.064000,-9.231566,-9.543235,0.311669,0.033318
9.065000,-9.226727,-9.537515,0.310788,0.032885
9.066000,-9.221875,-9.531781,0.309907,0.032451
9.067000,-9.217007,-9.526033,0.309025,0.032018
9.068000,-9.212126,-9.520270,0.308144,0.031585
9.069000,-9.207229,-9.514492,0.307262,0.031152
9.070000,-9.202318,-9.508699,0.306381,0.030719
9.071000,-9.197393,-9.502892,0.305499,0.030287
9.072000,-9.192453,-9.497070,0.304617,0.029854
9.073000,-9.187499,-9.491234,0.303735,0.029422
9.074000,-9.182530,-9.485383,0.302853,0.028990
9.075000,-9.177546,-9.479517,0.301971,0.028558
9.076000,-9.172548,-9.473637,0.301088,0.028126
9.077000,-9.167536,-9.467742,0.300206,0.027694
9.078000,-9.162509,-9.461832,0.299323,0.027262
9.079000,-9.157468,-9.455908,0.298441,0.026831
9.080000,-9.152412,-9.449970,0.297558,0.026400
9.081000,-9.147341,-9.444017,0.296675,0.025969
9.082000,-9.142257,-9.438049,0.295792,0.025538
9.083000,-9.137158,-9.432067,0.294909,0.025107
9.084000,-9.132044,-9.426070,0.294026,0.024676
9.085000,-9.126916,-9.420059,0.293143,0.024245
9.086000,-9.121773,-9.414033,0.292260,0.023815
9.087000,-9.116617,-9.407993,0.291376,0.023385
9.088000,-9.111445,-9.401938,0.290493,0.022955
9.089000,-9.106260,-9.395869,0.289609,0.022525
9.090000,-9.101060,-9.389785,0.288726,0.022095
9.091000,-9.095845,-9.383687,0.287842,0.021665
9.092000,-9.090617,-9.377575,0.286958,0.021236
9.093000,-9.085373,-9.371448,0.286074,0.020806
9.094000,-9.080116,-9.365306,0.285190,0.020377
9.095000,-9.074844,-9.359150,0.284306,0.019948
9.096000,-9.069558,-9.352980,0.283422,0.019519
9.097000,-9.064258,-9.346796,0.282538,0.019090
9.098000,-9.058943,-9.340597,0.281654,0.018661
9.099000,-9.053614,-9.334383,0.280769,0.018233
9.100000,-9.048271,-9.328155,0.279885,0.017804
9.101000,-9.042913,-9.321913,0.279000,0.017376
9.102000,-9.037541,-9.315657,0.278116,0.016948
9.103000,-9.032155,-9.309386,0.277231,0.016520
9.104000,-9.026754,-9.303101,0.276347,0.016092
9.105000,-9.021340,-9.296801,0.275462,0.015664
9.106000,-9.015911,-9.290488,0.274577,0.015236
9.107000,-9.010467,-9.284160,0.273692,0.014809
9.108000,-9.005010,-9.277817,0.272807,0.014381
9.109000,-8.999538,-9.271461,0.271922,0.013954
9.110000,-8.994053,-9.265090,0.271037,0.013527
9.111000,-8.988552,-9.258705,0.270152,0.013100
9.112000,-8.983038,-9.252305,0.269267,0.012673
9.113000,-8.977510,-9.245891,0.268382,0.012246
9.114000,-8.971967,-9.239464,0.267496,0.011820
9.115000,-8.966410,-9.233022,0.266611,0.011393
9.116000,-8.960839,-9.226565,0.265726,0.010967
9.117000,-8.955254,-9.220095,0.264840,0.010541
9.118000,-8.949655,-9.213610,0.263955,0.010115
9.119000,-8.944042,-9.207111,0.263069,0.009689
9.120000,-8.938414,-9.200598,0.262184,0.009263
9.121000,-8.932773,-9.194071,0.261298,0.008837
9.122000,-8.927117,-9.187529,0.260413,0.008412
9.123000,-8.921447,-9.180974,0.259527,0.007986
9.124000,-8.915763,-9.174404,0.258641,0.007561
9.125000,-8.910065,-9.167821,0.257755,0.007136
9.126000,-8.904353,-9.161223,0.256869,0.006711
9.127000,-8.898627,-9.154611,0.255984,0.006286
9.128000,-8.892887,-9.147985,0.255098,0.005861
9.129000,-8.887133,-9.141345,0.254212,0.005436
9.130000,-8.881364,-9.134690,0.253326,0.005011
9.131000,-8.875582,-9.128022,0.252440,0.004587
9.132000,-8.869786,-9.121340,0.251554,0.004163
9.133000,-8.863976,-9.114643,0.250668,0.003738
9.134000,-8.858151,-9.107933,0.249782,0.003314
9.135000,-8.852313,-9.101209,0.248896,0.002890
9.136000,-8.846461,-9.094470,0.248009,0.002466
9.137000,-8.840595,-9.087718,0.247123,0.002042
9.138000,-8.834714,-9.080951,0.246237,0.001619
9.139000,-8.828820,-9.074171,0.245351,0.001195
9.140000,-8.822912,-9.067377,0.244465,0.000772
9.141000,-8.816990,-9.060568,0.243578,0.000348
9.142000,-8.811054,-9.053746,0.242692,-0.000075
9.143000,-8.805104,-9.046910,0.241806,-0.000498
9.144000,-8.799141,-9.040060,0.240919,-0.000921
9.145000,-8.793163,-9.033196,0.240033,-0.001344
9.146000,-8.787172,-9.026318,0.239147,-0.001767
9.147000,-8.781166,-9.019426,0.238260,-0.002189
9.148000,-8.775147,-9.012521,0.237374,-0.002612
9.149000,-8.769114,-9.005601,0.236487,-0.003035
9.150000,-8.763067,-8.998668,0.235601,-0.003457
9.151000,-8.757006,-8.991720,0.234714,-0.003879
9.152000,-8.750931,-8.984759,0.233828,-0.004301
9.153000,-8.744843,-8.977784,0.232942,-0.004723
9.154000,-8.738741,-8.970796,0.232055,-0.005145
9.155000,-8.732625,-8.963793,0.231169,-0.005567
9.156000,-8.726495,-8.956777,0.230282,-0.005989
9.157000,-8.720351,-8.949747,0.229396,-0.006410
9.158000,-8.714194,-8.942703,0.228509,-0.006832
9.159000,-8.708022,-8.935645,0.227623,-0.007253
9.160000,-8.701838,-8.928574,0.226736,-0.007675
9.161000,-8.695639,-8.921488,0.225850,-0.008096
9.162000,-8.689426,-8.914389,0.224963,-0.008517
9.163000,-8.683200,-8.907277,0.224076,-0.008938
9.164000,-8.676961,-8.900150,0.223190,-0.009359
9.165000,-8.670707,-8.893010,0.222303,-0.009780
9.166000,-8.664440,-8.885857,0.221417,-0.010201
9.167000,-8.658159,-8.878689,0.220530,-0.010621
9.168000,-8.651864,-8.871508,0.219644,-0.011042
9.169000,-8.645556,-8.864313,0.218757,-0.011462
9.170000,-8.639234,-8.857105,0.217871,-0.011883
9.171000,-8.632899,-8.849883,0.216984,-0.012303
9.172000,-8.626549,-8.842647,0.216098,-0.012723
9.173000,-8.620187,-8.835398,0.215211,-0.013143
9.174000,-8.613810,-8.828135,0.214325,-0.013563
9.175000,-8.607420,-8.820859,0.213438,-0.013983
9.176000,-8.601017,-8.813569,0.212552,-0.014403
9.177000,-8.594599,-8.806265,0.211666,-0.014823
9.178000,-8.588169,-8.798948,0.210779,-0.015242
9.179000,-8.581724,-8.791617,0.209893,-0.015662
9.180000,-8.575267,-8.784273,0.209006,-0.016081
9.181000,-8.568795,-8.776915,0.208120,-0.016501
9.182000,-8.562310,-8.769544,0.207234,-0.016920
9.183000,-8.555812,-8.762159,0.206347,-0.017339
9.184000,-8.549300,-8.754761,0.205461,-0.017758
9.185000,-8.542774,-8.747349,0.204575,-0.018177
9.186000,-8.536235,-8.739924,0.203688,-0.018596
9.187000,-8.529683,-8.732485,0.202802,-0.019015
9.188000,-8.523117,-8.725033,0.201916,-0.019434
9.189000,-8.516538,-8.717567,0.201030,-0.019852
9.190000,-8.509945,-8.710088,0.200143,-0.020271
9.191000,-8.503339,-8.702596,0.199257,-0.020689
9.192000,-8.496719,-8.695090,0.198371,-0.021108
9.193000,-8.490086,-8.687571,0.197485,-0.021526
9.194000,-8.483439,-8.680038,0.196599,-0.021945
9.195000,-8.476779,-8.672492,0.195713,-0.022363
9.196000,-8.470106,-8.664933,0.194827,-0.022781
9.197000,-8.463419,-8.657360,0.193941,-0.023199
9.198000,-8.456719,-8.649774,0.193055,-0.023617
9.199000,-8.450006,-8.642175,0.192169,-0.024035
9.200000,-8.443279,-8.634562,0.191283,-0.024453
9.201000,-8.436539,-8.626936,0.190397,-0.024870
9.202000,-8.429786,-8.619297,0.189511,-0.025288
9.203000,-8.423019,-8.611644,0.188625,-0.025706
9.204000,-8.416239,-8.603978,0.187739,-0.026123
9.205000,-8.409446,-8.596299,0.186853,-0.026540
9.206000,-8.402639,-8.588607,0.185968,-0.026958
9.207000,-8.395819,-8.580901,0.185082,-0.027375
9.208000,-8.388986,-8.573183,0.184196,-0.027792
9.209000,-8.382140,-8.565451,0.183311,-0.028210
9.210000,-8.375280,-8.557705,0.182425,-0.028627
9.211000,-8.368408,-8.549947,0.181540,-0.029044
9.212000,-8.361522,-8.542176,0.180654,-0.029461
9.213000,-8.354622,-8.534391,0.179768,-0.029877
9.214000,-8.347710,-8.526593,0.178883,-0.030294
9.215000,-8.340784,-8.518782,0.177998,-0.030711
9.216000,-8.333846,-8.510958,0.177112,-0.031128
9.217000,-8.326894,-8.503121,0.176227,-0.031544
9.218000,-8.319929,-8.495270,0.175342,-0.031961
9.219000,-8.312950,-8.487407,0.174456,-0.032377
9.220000,-8.305959,-8.479530,0.173571,-0.032794
9.221000,-8.298955,-8.471641,0.172686,-0.033210
9.222000,-8.291937,-8.463738,0.171801,-0.033626
9.223000,-8.284906,-8.455822,0.170916,-0.034043
9.224000,-8.277863,-8.447894,0.170031,-0.034459
9.225000,-8.270806,-8.439952,0.169146,-0.034875
9.226000,-8.263736,-8.431997,0.168261,-0.035291
9.227000,-8.256653,-8.424029,0.167376,-0.035707
9.228000,-8.249557,-8.416048,0.166491,-0.036123
9.229000,-8.242448,-8.408055,0.165607,-0.036539
9.230000,-8.235326,-8.400048,0.164722,-0.036955
9.231000,-8.228191,-8.392028,0.163837,-0.037370
9.232000,-8.221043,-8.383996,0.162953,-0.037786
9.233000,-8.213882,-8.375950,0.162068,-0.038202
9.234000,-8.206708,-8.367892,0.161184,-0.038617
9.235000,-8.199521,-8.359820,0.160299,-0.039033
9.236000,-8.192321,-8.351736,0.159415,-0.039448
9.237000,-8.185108,-8.343639,0.158530,-0.039864
9.238000,-8.177883,-8.335529,0.157646,-0.040279
9.239000,-8.170644,-8.327406,0.156762,-0.040694
9.240000,-8.163393,-8.319270,0.155878,-0.041110
9.241000,-8.156128,-8.311122,0.154994,-0.041525
9.242000,-8.148851,-8.302960,0.154110,-0.041940
9.243000,-8.141561,-8.294786,0.153226,-0.042355
9.244000,-8.134258,-8.286599,0.152342,-0.042770
9.245000,-8.126942,-8.278399,0.151458,-0.043185
9.246000,-8.119613,-8.270187,0.150574,-0.043600
9.247000,-8.112271,-8.261961,0.149690,-0.044015
9.248000,-8.104917,-8.253723,0.148806,-0.044430
9.249000,-8.097550,-8.245473,0.147923,-0.044845
9.250000,-8.090170,-8.237209,0.147039,-0.045260
9.251000,-8.082777,-8.228933,0.146156,-0.045674
9.252000,-8.075372,-8.220644,0.145272,-0.046089
9.253000,-8.067954,-8.212342,0.144389,-0.046504
9.254000,-8.060523,-8.204028,0.143505,-0.046918
9.255000,-8.053079,-8.195701,0.142622,-0.047333
9.256000,-8.045622,-8.187361,0.141739,-0.047747
9.257000,-8.038153,-8.179009,0.140856,-0.048162
9.258000,-8.030672,-8.170644,0.139973,-0.048576
9.259000,-8.023177,-8.162267,0.139090,-0.048990
9.260000,-8.015670,-8.153877,0.138207,-0.049405
9.261000,-8.008150,-8.145474,0.137324,-0.049819
9.262000,-8.000618,-8.137059,0.136441,-0.050233
9.263000,-7.993072,-8.128631,0.135558,-0.050648
9.264000,-7.985515,-8.120190,0.134676,-0.051062
9.265000,-7.977944,-8.111737,0.133793,-0.051476
9.266000,-7.970361,-8.103272,0.132911,-0.051890
9.267000,-7.962766,-8.094794,0.132028,-0.052304
9.268000,-7.955158,-8.086304,0.131146,-0.052718
9.269000,-7.947537,-8.077801,0.130263,-0.053132
9.270000,-7.939904,-8.069285,0.129381,-0.053546
9.271000,-7.932258,-8.060757,0.128499,-0.053960
9.272000,-7.924600,-8.052217,0.127617,-0.054374
9.273000,-7.916929,-8.043664,0.126735,-0.054788
9.274000,-7.909246,-8.035099,0.125853,-0.055201
9.275000,-7.901550,-8.026521,0.124971,-0.055615
9.276000,-7.893842,-8.017931,0.124089,-0.056029
9.277000,-7.886121,-8.009329,0.123207,-0.056443
9.278000,-7.878388,-8.000714,0.122326,-0.056856
9.279000,-7.870642,-7.992087,0.121444,-0.057270
9.280000,-7.862884,-7.983447,0.120563,-0.057684
9.281000,-7.855114,-7.974795,0.119681,-0.058097
9.282000,-7.847331,-7.966131,0.118800,-0.058511
9.283000,-7.839536,-7.957454,0.117919,-0.058924
9.284000,-7.831728,-7.948765,0.117037,-0.059338
9.285000,-7.823908,-7.940064,0.116156,-0.059751
9.286000,-7.816076,-7.931351,0.115275,-0.060165
9.287000,-7.808231,-7.922625,0.114394,-0.060578
9.288000,-7.800374,-7.913887,0.113513,-0.060991
9.289000,-7.792505,-7.905137,0.112632,-0.061405
9.290000,-7.784623,-7.896375,0.111752,-0.061818
9.291000,-7.776729,-7.887600,0.110871,-0.062231
9.292000,-7.768823,-7.878813,0.109990,-0.062645
9.293000,-7.760904,-7.870014,0.109110,-0.063058
9.294000,-7.752974,-7.861203,0.108230,-0.063471
9.295000,-7.745031,-7.852380,0.107349,-0.063884
9.296000,-7.737075,-7.843544,0.106469,-0.064298
9.297000,-7.729108,-7.834697,0.105589,-0.064711
9.298000,-7.721128,-7.825837,0.104709,-0.065124
9.299000,-7.713136,-7.816965,0.103829,-0.065537
9.300000,-7.705132,-7.808081,0.102949,-0.065950
9.301000,-7.697116,-7.799185,0.102069,-0.066363
9.302000,-7.689088,-7.790277,0.101189,-0.066776
9.303000,-7.681047,-7.781357,0.100309,-0.067189
9.304000,-7.672995,-7.772425,0.099430,-0.067602
9.305000,-7.664930,-7.763480,0.098550,-0.068015
9.306000,-7.656853,-7.754524,0.097671,-0.068428
9.307000,-7.648764,-7.745556,0.096792,-0.068841
9.308000,-7.640663,-7.736576,0.095912,-0.069254
9.309000,-7.632550,-7.727583,0.095033,-0.069667
9.310000,-7.624425,-7.718579,0.094154,-0.070080
9.311000,-7.616288,-7.709563,0.093275,-0.070493
9.312000,-7.608139,-7.700535,0.092396,-0.070906
9.313000,-7.599978,-7.691495,0.091517,-0.071318
9.314000,-7.591804,-7.682443,0.090639,-0.071731
9.315000,-7.583619,-7.673379,0.089760,-0.072144
9.316000,-7.575422,-7.664303,0.088881,-0.072557
9.317000,-7.567213,-7.655216,0.088003,-0.072970
9.318000,-7.558992,-7.646116,0.087125,-0.073382
9.319000,-7.550759,-7.637005,0.086246,-0.073795
9.320000,-7.542514,-7.627882,0.085368,-0.074208
9.321000,-7.534257,-7.618747,0.084490,-0.074621
9.322000,-7.525988,-7.609600,0.083612,-0.075033
9.323000,-7.517708,-7.600442,0.082734,-0.075446
9.324000,-7.509415,-7.591271,0.081856,-0.075859
9.325000,-7.501111,-7.582089,0.080978,-0.076272
9.326000,-7.492794,-7.572895,0.080101,-0.076684
9.327000,-7.484466,-7.563690,0.079223,-0.077097
9.328000,-7.476127,-7.554472,0.078346,-0.077510
9.329000,-7.467775,-7.545243,0.077468,-0.077922
9.330000,-7.459411,-7.536003,0.076591,-0.078335
9.331000,-7.451036,-7.526750,0.075714,-0.078747
9.332000,-7.442649,-7.517486,0.074837,-0.079160
9.333000,-7.434250,-7.508210,0.073960,-0.079573
9.334000,-7.425840,-7.498923,0.073083,-0.079985
9.335000,-7.417418,-7.489624,0.072206,-0.080398
9.336000,-7.408984,-7.480313,0.071329,-0.080810
9.337000,-7.400538,-7.470991,0.070453,-0.081223
9.338000,-7.392081,-7.461657,0.069576,-0.081636
9.339000,-7.383612,-7.452311,0.068700,-0.082048
9.340000,-7.375131,-7.442954,0.067823,-0.082461
9.341000,-7.366639,-7.433586,0.066947,-0.082873
9.342000,-7.358135,-7.424206,0.066071,-0.083286
9.343000,-7.349619,-7.414814,0.065195,-0.083698
9.344000,-7.341092,-7.405411,0.064319,-0.084111
9.345000,-7.332553,-7.395996,0.063443,-0.084523
9.346000,-7.324003,-7.386570,0.062567,-0.084936
9.347000,-7.315441,-7.377133,0.061691,-0.085348
9.348000,-7.306868,-7.367684,0.060816,-0.085761
9.349000,-7.298283,-7.358223,0.059940,-0.086174
9.350000,-7.289686,-7.348751,0.059065,-0.086586
9.351000,-7.281078,-7.339268,0.058190,-0.086999
9.352000,-7.272459,-7.329773,0.057314,-0.087411
9.353000,-7.263828,-7.320267,0.056439,-0.087824
9.354000,-7.255185,-7.310749,0.055564,-0.088236
9.355000,-7.246531,-7.301221,0.054689,-0.088649
9.356000,-7.237866,-7.291680,0.053814,-0.089061
9.357000,-7.229189,-7.282129,0.052940,-0.089474
9.358000,-7.220501,-7.272566,0.052065,-0.089886
9.359000,-7.211801,-7.262992,0.051191,-0.090299
9.360000,-7.203090,-7.253406,0.050316,-0.090711
9.361000,-7.194368,-7.243810,0.049442,-0.091124
9.362000,-7.185634,-7.234202,0.048568,-0.091536
9.363000,-7.176889,-7.224582,0.047693,-0.091949
9.364000,-7.168133,-7.214952,0.046819,-0.092361
9.365000,-7.159365,-7.205310,0.045945,-0.092774
9.366000,-7.150586,-7.195657,0.045072,-0.093186
9.367000,-7.141795,-7.185993,0.044198,-0.093599
9.368000,-7.132994,-7.176318,0.043324,-0.094011
9.369000,-7.124181,-7.166632,0.042451,-0.094424
9.370000,-7.115357,-7.156934,0.041577,-0.094836
9.371000,-7.106521,-7.147225,0.040704,-0.095249
9.372000,-7.097675,-7.137505,0.039831,-0.095661
9.373000,-7.088817,-7.127774,0.038957,-0.096074
9.374000,-7.079948,-7.118032,0.038084,-0.096486
9.375000,-7.071068,-7.108279,0.037212,-0.096899
9.376000,-7.062176,-7.098515,0.036339,-0.097311
9.377000,-7.053274,-7.088740,0.035466,-0.097724
9.378000,-7.044360,-7.078954,0.034593,-0.098136
9.379000,-7.035436,-7.069156,0.033721,-0.098549
9.380000,-7.026500,-7.059348,0.032848,-0.098962
9.381000,-7.017553,-7.049529,0.031976,-0.099374
9.382000,-7.008595,-7.039698,0.031104,-0.099787
9.383000,-6.999626,-7.029857,0.030232,-0.100199
9.384000,-6.990645,-7.020005,0.029360,-0.100612
9.385000,-6.981654,-7.010142,0.028488,-0.101024
9.386000,-6.972652,-7.000268,0.027616,-0.101437
9.387000,-6.963639,-6.990383,0.026744,-0.101850
9.388000,-6.954614,-6.980487,0.025873,-0.102262
9.389000,-6.945579,-6.970580,0.025001,-0.102675
9.390000,-6.936533,-6.960663,0.024130,-0.103087
9.391000,-6.927476,-6.950734,0.023258,-0.103500
9.392000,-6.918408,-6.940795,0.022387,-0.103913
9.393000,-6.909329,-6.930845,0.021516,-0.104325
9.394000,-6.900239,-6.920884,0.020645,-0.104738
9.395000,-6.891138,-6.910912,0.019774,-0.105151
9.396000,-6.882026,-6.900930,0.018903,-0.105563
9.397000,-6.872904,-6.890937,0.018033,-0.105976
9.398000,-6.863770,-6.880933,0.017162,-0.106389
9.399000,-6.854626,-6.870918,0.016292,-0.106801
9.400000,-6.845471,-6.860892,0.015421,-0.107214
9.401000,-6.836305,-6.850856,0.014551,-0.107627
9.402000,-6.827128,-6.840809,0.013681,-0.108039
9.403000,-6.817941,-6.830752,0.012811,-0.108452
9.404000,-6.808743,-6.820684,0.011941,-0.108865
9.405000,-6.799534,-6.810605,0.011071,-0.109278
9.406000,-6.790314,-6.800515,0.010201,-0.109690
9.407000,-6.781084,-6.790415,0.009332,-0.110103
9.408000,-6.771842,-6.780305,0.008462,-0.110516
9.409000,-6.762591,-6.770183,0.007593,-0.110929
9.410000,-6.753328,-6.760052,0.006724,-0.111341
9.411000,-6.744055,-6.749909,0.005854,-0.111754
9.412000,-6.734771,-6.739756,0.004985,-0.112167
9.413000,-6.725477,-6.729593,0.004116,-0.112580
9.414000,-6.716171,-6.719419,0.003247,-0.112993
9.415000,-6.706856,-6.709234,0.002379,-0.113406
9.416000,-6.697529,-6.699039,0.001510,-0.113818
9.417000,-6.688193,-6.688834,0.000641,-0.114231
9.418000,-6.678845,-6.678618,-0.000227,-0.114644
9.419000,-6.669487,-6.668392,-0.001095,-0.115057
9.420000,-6.660119,-6.658155,-0.001964,-0.115470
9.421000,-6.650740,-6.647908,-0.002832,-0.115883
9.422000,-6.641350,-6.637650,-0.003700,-0.116296
9.423000,-6.631950,-6.627382,-0.004568,-0.116708
9.424000,-6.622540,-6.617104,-0.005436,-0.117121
9.425000,-6.613119,-6.606815,-0.006303,-0.117534
9.426000,-6.603687,-6.596516,-0.007171,-0.117947
9.427000,-6.594245,-6.586207,-0.008038,-0.118360
9.428000,-6.584793,-6.575888,-0.008906,-0.118773
9.429000,-6.575331,-6.565558,-0.009773,-0.119186
9.430000,-6.565858,-6.555217,-0.010640,-0.119599
9.431000,-6.556374,-6.544867,-0.011507,-0.120012
9.432000,-6.546880,-6.534506,-0.012374,-0.120425
9.433000,-6.537376,-6.524135,-0.013241,-0.120838
9.434000,-6.527862,-6.513754,-0.014108,-0.121251
9.435000,-6.518337,-6.503363,-0.014974,-0.121664
9.436000,-6.508802,-6.492961,-0.015841,-0.122077
9.437000,-6.499257,-6.482550,-0.016707,-0.122490
9.438000,-6.489701,-6.472128,-0.017574,-0.122903
9.439000,-6.480136,-6.461696,-0.018440,-0.123316
9.440000,-6.470560,-6.451254,-0.019306,-0.123730
9.441000,-6.460973,-6.440802,-0.020172,-0.124143
9.442000,-6.451377,-6.430339,-0.021038,-0.124556
9.443000,-6.441770,-6.419867,-0.021903,-0.124969
9.444000,-6.432153,-6.409385,-0.022769,-0.125382
9.445000,-6.422527,-6.398892,-0.023634,-0.125795
9.446000,-6.412889,-6.388390,-0.024500,-0.126208
9.447000,-6.403242,-6.377877,-0.025365,-0.126621
9.448000,-6.393585,-6.367354,-0.026230,-0.127035
9.449000,-6.383917,-6.356822,-0.027095,-0.127448
9.450000,-6.374240,-6.346279,-0.027960,-0.127861
9.451000,-6.364552,-6.335727,-0.028825,-0.128274
9.452000,-6.354855,-6.325165,-0.029690,-0.128687
9.453000,-6.345147,-6.314592,-0.030555,-0.129101
9.454000,-6.335429,-6.304010,-0.031419,-0.129514
9.455000,-6.325702,-6.293418,-0.032284,-0.129927
9.456000,-6.315964,-6.282816,-0.033148,-0.130340
9.457000,-6.306216,-6.272204,-0.034012,-0.130754
9.458000,-6.296459,-6.261582,-0.034876,-0.131167
9.459000,-6.286691,-6.250951,-0.035740,-0.131580
9.460000,-6.276914,-6.240310,-0.036604,-0.131993
9.461000,-6.267126,-6.229658,-0.037468,-0.132407
9.462000,-6.257329,-6.218997,-0.038331,-0.132820
9.463000,-6.247522,-6.208327,-0.039195,-0.133233
9.464000,-6.237705,-6.197646,-0.040058,-0.133647
9.465000,-6.227878,-6.186956,-0.040922,-0.134060
9.466000,-6.218041,-6.176256,-0.041785,-0.134473
9.467000,-6.208195,-6.165547,-0.042648,-0.134887
9.468000,-6.198338,-6.154827,-0.043511,-0.135300
9.469000,-6.188472,-6.144098,-0.044374,-0.135713
9.470000,-6.178596,-6.133360,-0.045237,-0.136127
9.471000,-6.168710,-6.122611,-0.046099,-0.136540
9.472000,-6.158815,-6.111853,-0.046962,-0.136953
9.473000,-6.148910,-6.101086,-0.047824,-0.137367
9.474000,-6.138995,-6.090309,-0.048686,-0.137780
9.475000,-6.129071,-6.079522,-0.049549,-0.138194
9.476000,-6.119136,-6.068726,-0.050411,-0.138607
9.477000,-6.109192,-6.057920,-0.051273,-0.139021
9.478000,-6.099239,-6.047105,-0.052134,-0.139434
9.479000,-6.089276,-6.036280,-0.052996,-0.139847
9.480000,-6.079303,-6.025445,-0.053858,-0.140261
9.481000,-6.069321,-6.014601,-0.054719,-0.140674
9.482000,-6.059329,-6.003748,-0.055581,-0.141088
9.483000,-6.049327,-5.992885,-0.056442,-0.141501
9.484000,-6.039316,-5.982013,-0.057303,-0.141915
9.485000,-6.029295,-5.971131,-0.058164,-0.142328
9.486000,-6.019265,-5.960240,-0.059025,-0.142742
9.487000,-6.009226,-5.949340,-0.059886,-0.143155
9.488000,-5.999177,-5.938430,-0.060746,-0.143569
9.489000,-5.989118,-5.927511,-0.061607,-0.143982
9.490000,-5.979050,-5.916582,-0.062468,-0.144396
9.491000,-5.968972,-5.905644,-0.063328,-0.144809
9.492000,-5.958885,-5.894697,-0.064188,-0.145223
9.493000,-5.948789,-5.883741,-0.065048,-0.145636
9.494000,-5.938683,-5.872775,-0.065908,-0.146050
9.495000,-5.928568,-5.861800,-0.066768,-0.146463
9.496000,-5.918444,-5.850816,-0.067628,-0.146877
9.497000,-5.908310,-5.839822,-0.068488,-0.147290
9.498000,-5.898167,-5.828820,-0.069347,-0.147704
9.499000,-5.888014,-5.817808,-0.070207,-0.148117
9.500000,-5.877853,-5.806787,-0.071066,-0.148531
9.501000,-5.867681,-5.795756,-0.071925,-0.148944
9.502000,-5.857501,-5.784717,-0.072784,-0.149358
9.503000,-5.847312,-5.773669,-0.073643,-0.149771
9.504000,-5.837113,-5.762611,-0.074502,-0.150185
9.505000,-5.826905,-5.751544,-0.075361,-0.150598
9.506000,-5.816688,-5.740468,-0.076219,-0.151012
9.507000,-5.806461,-5.729383,-0.077078,-0.151425
9.508000,-5.796226,-5.718290,-0.077936,-0.151839
9.509000,-5.785981,-5.707187,-0.078794,-0.152252
9.510000,-5.775727,-5.696075,-0.079652,-0.152666
9.511000,-5.765464,-5.684954,-0.080511,-0.153079
9.512000,-5.755192,-5.673824,-0.081368,-0.153493
9.513000,-5.744911,-5.662685,-0.082226,-0.153907
9.514000,-5.734621,-5.651537,-0.083084,-0.154320
9.515000,-5.724321,-5.640380,-0.083941,-0.154734
9.516000,-5.714013,-5.629214,-0.084799,-0.155147
9.517000,-5.703696,-5.618039,-0.085656,-0.155561
9.518000,-5.693369,-5.606856,-0.086513,-0.155974
9.519000,-5.683034,-5.595663,-0.087370,-0.156388
9.520000,-5.672689,-5.584462,-0.088227,-0.156801
9.521000,-5.662336,-5.573252,-0.089084,-0.157215
9.522000,-5.651974,-5.562033,-0.089941,-0.157628
9.523000,-5.641603,-5.550805,-0.090798,-0.158042
9.524000,-5.631223,-5.539569,-0.091654,-0.158455
9.525000,-5.620834,-5.528323,-0.092510,-0.158869
9.526000,-5.610436,-5.517069,-0.093367,-0.159282
9.527000,-5.600029,-5.505807,-0.094223,-0.159695
9.528000,-5.589614,-5.494535,-0.095079,-0.160109
9.529000,-5.579189,-5.483255,-0.095935,-0.160522
9.530000,-5.568756,-5.471966,-0.096790,-0.160936
9.531000,-5.558314,-5.460668,-0.097646,-0.161349
9.532000,-5.547863,-5.449362,-0.098502,-0.161763
9.533000,-5.537404,-5.438047,-0.099357,-0.162176
9.534000,-5.526936,-5.426723,-0.100212,-0.162589
9.535000,-5.516459,-5.415391,-0.101067,-0.163003
9.536000,-5.505973,-5.404051,-0.101922,-0.163416
9.537000,-5.495479,-5.392701,-0.102777,-0.163830
9.538000,-5.484976,-5.381343,-0.103632,-0.164243
9.539000,-5.474464,-5.369977,-0.104487,-0.164656
9.540000,-5.463943,-5.358602,-0.105341,-0.165070
9.541000,-5.453414,-5.347219,-0.106196,-0.165483
9.542000,-5.442877,-5.335827,-0.107050,-0.165896
9.543000,-5.432331,-5.324426,-0.107904,-0.166310
9.544000,-5.421776,-5.313018,-0.108758,-0.166723
9.545000,-5.411213,-5.301600,-0.109612,-0.167136
9.546000,-5.400641,-5.290175,-0.110466,-0.167549
9.547000,-5.390060,-5.278741,-0.111320,-0.167963
9.548000,-5.379471,-5.267298,-0.112173,-0.168376
9.549000,-5.368874,-5.255847,-0.113027,-0.168789
9.550000,-5.358268,-5.244388,-0.113880,-0.169202
9.551000,-5.347654,-5.232920,-0.114733,-0.169615
9.552000,-5.337031,-5.221445,-0.115586,-0.170029
9.553000,-5.326400,-5.209960,-0.116439,-0.170442
9.554000,-5.315760,-5.198468,-0.117292,-0.170855
9.555000,-5.305112,-5.186967,-0.118145,-0.171268
9.556000,-5.294455,-5.175458,-0.118997,-0.171681
9.557000,-5.283791,-5.163941,-0.119850,-0.172094
9.558000,-5.273118,-5.152416,-0.120702,-0.172507
9.559000,-5.262436,-5.140882,-0.121554,-0.172920
9.560000,-5.251746,-5.129340,-0.122406,-0.173333
9.561000,-5.241048,-5.117790,-0.123258,-0.173746
9.562000,-5.230342,-5.106232,-0.124110,-0.174159
9.563000,-5.219627,-5.094666,-0.124962,-0.174572
9.564000,-5.208904,-5.083091,-0.125813,-0.174985
9.565000,-5.198173,-5.071509,-0.126664,-0.175398
9.566000,-5.187434,-5.059918,-0.127516,-0.175811
9.567000,-5.176687,-5.048320,-0.128367,-0.176223
9.568000,-5.165931,-5.036713,-0.129218,-0.176636
9.569000,-5.155167,-5.025098,-0.130069,-0.177049
9.570000,-5.144395,-5.013476,-0.130920,-0.177462
9.571000,-5.133615,-5.001845,-0.131770,-0.177875
9.572000,-5.122827,-4.990206,-0.132621,-0.178287
9.573000,-5.112031,-4.978560,-0.133471,-0.178700
9.574000,-5.101227,-4.966905,-0.134321,-0.179113
9.575000,-5.090414,-4.955243,-0.135172,-0.179525
9.576000,-5.079594,-4.943572,-0.136022,-0.179938
9.577000,-5.068765,-4.931894,-0.136872,-0.180350
9.578000,-5.057929,-4.920208,-0.137721,-0.180763
9.579000,-5.047084,-4.908514,-0.138571,-0.181175
9.580000,-5.036232,-4.896812,-0.139420,-0.181588
9.581000,-5.025372,-4.885102,-0.140270,-0.182000
9.582000,-5.014503,-4.873384,-0.141119,-0.182413
9.583000,-5.003627,-4.861659,-0.141968,-0.182825
9.584000,-4.992743,-4.849926,-0.142817,-0.183237
9.585000,-4.981851,-4.838185,-0.143666,-0.183650
9.586000,-4.970951,-4.826437,-0.144514,-0.184062
9.587000,-4.960043,-4.814680,-0.145363,-0.184474
9.588000,-4.949128,-4.802917,-0.146211,-0.184886
9.589000,-4.938205,-4.791145,-0.147060,-0.185298
9.590000,-4.927273,-4.779366,-0.147908,-0.185710
9.591000,-4.916334,-4.767579,-0.148756,-0.186122
9.592000,-4.905388,-4.755784,-0.149604,-0.186534
9.593000,-4.894433,-4.743982,-0.150451,-0.186946
9.594000,-4.883471,-4.732172,-0.151299,-0.187358
9.595000,-4.872501,-4.720355,-0.152147,-0.187770
9.596000,-4.861524,-4.708530,-0.152994,-0.188182
9.597000,-4.850538,-4.696697,-0.153841,-0.188594
9.598000,-4.839545,-4.684857,-0.154688,-0.189006
9.599000,-4.828545,-4.673010,-0.155535,-0.189417
9.600000,-4.817537,-4.661155,-0.156382,-0.189829
9.601000,-4.806521,-4.649292,-0.157229,-0.190241
9.602000,-4.795498,-4.637422,-0.158075,-0.190652
9.603000,-4.784467,-4.625545,-0.158922,-0.191064
9.604000,-4.773428,-4.613660,-0.159768,-0.191475
9.605000,-4.762382,-4.601768,-0.160614,-0.191887
9.606000,-4.751328,-4.589869,-0.161460,-0.192298
9.607000,-4.740267,-4.577962,-0.162306,-0.192710
9.608000,-4.729199,-4.566047,-0.163151,-0.193121
9.609000,-4.718123,-4.554126,-0.163997,-0.193532
9.610000,-4.707039,-4.542197,-0.164842,-0.193943
9.611000,-4.695948,-4.530261,-0.165688,-0.194354
9.612000,-4.684850,-4.518317,-0.166533,-0.194765
9.613000,-4.673744,-4.506367,-0.167378,-0.195176
9.614000,-4.662631,-4.494409,-0.168223,-0.195587
9.615000,-4.651511,-4.482444,-0.169067,-0.195998
9.616000,-4.640383,-4.470471,-0.169912,-0.196409
9.617000,-4.629248,-4.458492,-0.170756,-0.196820
9.618000,-4.618105,-4.446505,-0.171601,-0.197231
9.619000,-4.606956,-4.434511,-0.172445,-0.197641
9.620000,-4.595799,-4.422510,-0.173289,-0.198052
9.621000,-4.584634,-4.410502,-0.174133,-0.198463
9.622000,-4.573463,-4.398487,-0.174976,-0.198873
9.623000,-4.562284,-4.386464,-0.175820,-0.199284
9.624000,-4.551098,-4.374435,-0.176663,-0.199694
9.625000,-4.539905,-4.362399,-0.177506,-0.200104
9.626000,-4.528705,-4.350355,-0.178350,-0.200514
9.627000,-4.517497,-4.338305,-0.179193,-0.200925
9.628000,-4.506283,-4.326247,-0.180035,-0.201335
9.629000,-4.495061,-4.314183,-0.180878,-0.201745
9.630000,-4.483832,-4.302112,-0.181721,-0.202155
9.631000,-4.472596,-4.290033,-0.182563,-0.202565
9.632000,-4.461353,-4.277948,-0.183405,-0.202975
9.633000,-4.450103,-4.265856,-0.184247,-0.203384
9.634000,-4.438846,-4.253757,-0.185089,-0.203794
9.635000,-4.427582,-4.241651,-0.185931,-0.204204
9.636000,-4.416311,-4.229539,-0.186773,-0.204613
9.637000,-4.405033,-4.217419,-0.187614,-0.205023
9.638000,-4.393748,-4.205293,-0.188456,-0.205432
9.639000,-4.382456,-4.193160,-0.189297,-0.205842
9.640000,-4.371158,-4.181020,-0.190138,-0.206251
9.641000,-4.359852,-4.168873,-0.190979,-0.206660
9.642000,-4.348539,-4.156720,-0.191819,-0.207069
9.643000,-4.337220,-4.144560,-0.192660,-0.207478
9.644000,-4.325894,-4.132393,-0.193500,-0.207887
9.645000,-4.314560,-4.120220,-0.194341,-0.208296
9.646000,-4.303221,-4.108040,-0.195181,-0.208705
9.647000,-4.291874,-4.095853,-0.196021,-0.209113
9.648000,-4.280520,-4.083660,-0.196861,-0.209522
9.649000,-4.269160,-4.071460,-0.197700,-0.209931
9.650000,-4.257793,-4.059253,-0.198540,-0.210339
9.651000,-4.246419,-4.047040,-0.199379,-0.210748
9.652000,-4.235039,-4.034820,-0.200218,-0.211156
9.653000,-4.223652,-4.022594,-0.201057,-0.211564
9.654000,-4.212258,-4.010361,-0.201896,-0.211972
9.655000,-4.200857,-3.998122,-0.202735,-0.212380
9.656000,-4.189450,-3.985877,-0.203574,-0.212788
9.657000,-4.178036,-3.973625,-0.204412,-0.213196
9.658000,-4.166616,-3.961366,-0.205250,-0.213604
9.659000,-4.155189,-3.949101,-0.206088,-0.214012
9.660000,-4.143756,-3.936830,-0.206926,-0.214419
9.661000,-4.132316,-3.924552,-0.207764,-0.214827
9.662000,-4.120869,-3.912268,-0.208602,-0.215234
9.663000,-4.109416,-3.899977,-0.209439,-0.215641
9.664000,-4.097957,-3.887680,-0.210276,-0.216049
9.665000,-4.086491,-3.875377,-0.211113,-0.216456
9.666000,-4.075018,-3.863068,-0.211950,-0.216863
9.667000,-4.063539,-3.850752,-0.212787,-0.217270
9.668000,-4.052054,-3.838430,-0.213624,-0.217676
9.669000,-4.040562,-3.826102,-0.214460,-0.218083
9.670000,-4.029064,-3.813768,-0.215297,-0.218490
9.671000,-4.017560,-3.801427,-0.216133,-0.218896
9.672000,-4.006049,-3.789081,-0.216969,-0.219303
9.673000,-3.994532,-3.776728,-0.217804,-0.219709
9.674000,-3.983009,-3.764369,-0.218640,-0.220115
9.675000,-3.971479,-3.752003,-0.219475,-0.220521
9.676000,-3.959943,-3.739632,-0.220311,-0.220927
9.677000,-3.948401,-3.727255,-0.221146,-0.221333
9.678000,-3.936852,-3.714871,-0.221981,-0.221739
9.679000,-3.925298,-3.702482,-0.222816,-0.222145
9.680000,-3.913737,-3.690086,-0.223650,-0.222550
9.681000,-3.902170,-3.677685,-0.224485,-0.222956
9.682000,-3.890596,-3.665277,-0.225319,-0.223361
9.683000,-3.879017,-3.652864,-0.226153,-0.223766
9.684000,-3.867432,-3.640445,-0.226987,-0.224171
9.685000,-3.855840,-3.628019,-0.227821,-0.224576
9.686000,-3.844242,-3.615588,-0.228654,-0.224981
9.687000,-3.832638,-3.603151,-0.229488,-0.225386
9.688000,-3.821029,-3.590708,-0.230321,-0.225790
9.689000,-3.809413,-3.578259,-0.231154,-0.226195
9.690000,-3.797791,-3.565804,-0.231987,-0.226599
9.691000,-3.786163,-3.553344,-0.232820,-0.227004
9.692000,-3.774529,-3.540877,-0.233652,-0.227408
9.693000,-3.762889,-3.528405,-0.234484,-0.227812
9.694000,-3.751244,-3.515927,-0.235317,-0.228216
9.695000,-3.739592,-3.503444,-0.236149,-0.228619
9.696000,-3.727934,-3.490954,-0.236980,-0.229023
9.697000,-3.716271,-3.478459,-0.237812,-0.229426
9.698000,-3.704602,-3.465958,-0.238643,-0.229830
9.699000,-3.692927,-3.453452,-0.239475,-0.230233
9.700000,-3.681246,-3.440940,-0.240306,-0.230636
9.701000,-3.669559,-3.428422,-0.241137,-0.231039
9.702000,-3.657866,-3.415899,-0.241967,-0.231442
9.703000,-3.646168,-3.403370,-0.242798,-0.231845
9.704000,-3.634464,-3.390835,-0.243628,-0.232247
9.705000,-3.622754,-3.378295,-0.244458,-0.232650
9.706000,-3.611038,-3.365750,-0.245288,-0.233052
9.707000,-3.599317,-3.353199,-0.246118,-0.233454
9.708000,-3.587590,-3.340642,-0.246948,-0.233856
9.709000,-3.575857,-3.328080,-0.247777,-0.234258
9.710000,-3.564119,-3.315512,-0.248606,-0.234660
9.711000,-3.552375,-3.302939,-0.249435,-0.235062
9.712000,-3.540625,-3.290361,-0.250264,-0.235463
9.713000,-3.528870,-3.277777,-0.251093,-0.235865
9.714000,-3.517109,-3.265188,-0.251921,-0.236266
9.715000,-3.505343,-3.252594,-0.252750,-0.236667
9.716000,-3.493571,-3.239994,-0.253578,-0.237068
9.717000,-3.481794,-3.227388,-0.254406,-0.237468
9.718000,-3.470011,-3.214778,-0.255233,-0.237869
9.719000,-3.458223,-3.202162,-0.256061,-0.238269
9.720000,-3.446429,-3.189541,-0.256888,-0.238670
9.721000,-3.434630,-3.176915,-0.257715,-0.239070
9.722000,-3.422825,-3.164283,-0.258542,-0.239470
9.723000,-3.411015,-3.151647,-0.259369,-0.239870
9.724000,-3.399200,-3.139005,-0.260195,-0.240269
9.725000,-3.387379,-3.126358,-0.261022,-0.240669
9.726000,-3.375553,-3.113705,-0.261848,-0.241068
9.727000,-3.363722,-3.101048,-0.262674,-0.241467
9.728000,-3.351885,-3.088385,-0.263499,-0.241867
9.729000,-3.340043,-3.075718,-0.264325,-0.242265
9.730000,-3.328195,-3.063045,-0.265150,-0.242664
9.731000,-3.316343,-3.050368,-0.265975,-0.243063
9.732000,-3.304485,-3.037685,-0.266800,-0.243461
9.733000,-3.292622,-3.024997,-0.267625,-0.243859
9.734000,-3.280754,-3.012304,-0.268449,-0.244257
9.735000,-3.268880,-2.999607,-0.269274,-0.244655
9.736000,-3.257002,-2.986904,-0.270098,-0.245053
9.737000,-3.245118,-2.974196,-0.270922,-0.245450
9.738000,-3.233229,-2.961484,-0.271745,-0.245848
9.739000,-3.221335,-2.948766,-0.272569,-0.246245
9.740000,-3.209436,-2.936044,-0.273392,-0.246642
9.741000,-3.197532,-2.923317,-0.274215,-0.247039
9.742000,-3.185623,-2.910585,-0.275038,-0.247436
9.743000,-3.173709,-2.897848,-0.275861,-0.247832
9.744000,-3.161789,-2.885106,-0.276683,-0.248228
9.745000,-3.149865,-2.872360,-0.277505,-0.248625
9.746000,-3.137936,-2.859609,-0.278327,-0.249021
9.747000,-3.126002,-2.846853,-0.279149,-0.249416
9.748000,-3.114063,-2.834092,-0.279970,-0.249812
9.749000,-3.102119,-2.821327,-0.280792,-0.250207
9.750000,-3.090170,-2.808557,-0.281613,-0.250603
9.751000,-3.078216,-2.795782,-0.282434,-0.250998
9.752000,-3.066258,-2.783003,-0.283254,-0.251392
9.753000,-3.054294,-2.770219,-0.284075,-0.251787
9.754000,-3.042326,-2.757431,-0.284895,-0.252182
9.755000,-3.030353,-2.744638,-0.285715,-0.252576
9.756000,-3.018375,-2.731840,-0.286535,-0.252970
9.757000,-3.006392,-2.719038,-0.287354,-0.253364
9.758000,-2.994405,-2.706231,-0.288174,-0.253758
9.759000,-2.982413,-2.693420,-0.288993,-0.254151
9.760000,-2.970416,-2.680604,-0.289812,-0.254544
9.761000,-2.958414,-2.667784,-0.290630,-0.254938
9.762000,-2.946408,-2.654959,-0.291449,-0.255330
9.763000,-2.934397,-2.642130,-0.292267,-0.255723
9.764000,-2.922382,-2.629297,-0.293085,-0.256116
9.765000,-2.910362,-2.616459,-0.293903,-0.256508
9.766000,-2.898337,-2.603617,-0.294720,-0.256900
9.767000,-2.886308,-2.590770,-0.295538,-0.257292
9.768000,-2.874274,-2.577919,-0.296355,-0.257684
9.769000,-2.862236,-2.565064,-0.297171,-0.258075
9.770000,-2.850193,-2.552205,-0.297988,-0.258466
9.771000,-2.838145,-2.539341,-0.298804,-0.258858
9.772000,-2.826093,-2.526473,-0.299621,-0.259248
9.773000,-2.814037,-2.513601,-0.300436,-0.259639
9.774000,-2.801976,-2.500724,-0.301252,-0.260029
9.775000,-2.789911,-2.487844,-0.302067,-0.260420
9.776000,-2.777841,-2.474959,-0.302883,-0.260810
9.777000,-2.765767,-2.462070,-0.303698,-0.261199
9.778000,-2.753689,-2.449177,-0.304512,-0.261589
9.779000,-2.741606,-2.436280,-0.305327,-0.261978
9.780000,-2.729519,-2.423378,-0.306141,-0.262368
9.781000,-2.717428,-2.410473,-0.306955,-0.262756
9.782000,-2.705332,-2.397564,-0.307769,-0.263145
9.783000,-2.693232,-2.384650,-0.308582,-0.263534
9.784000,-2.681128,-2.371733,-0.309395,-0.263922
9.785000,-2.669020,-2.358812,-0.310208,-0.264310
9.786000,-2.656907,-2.345886,-0.311021,-0.264698
9.787000,-2.644790,-2.332957,-0.311833,-0.265085
9.788000,-2.632669,-2.320024,-0.312646,-0.265472
9.789000,-2.620544,-2.307087,-0.313458,-0.265860
9.790000,-2.608415,-2.294146,-0.314269,-0.266246
9.791000,-2.596282,-2.281201,-0.315081,-0.266633
9.792000,-2.584144,-2.268252,-0.315892,-0.267019
9.793000,-2.572003,-2.255300,-0.316703,-0.267406
9.794000,-2.559857,-2.242343,-0.317514,-0.267791
9.795000,-2.547707,-2.229383,-0.318324,-0.268177
9.796000,-2.535554,-2.216419,-0.319134,-0.268563
9.797000,-2.523396,-2.203452,-0.319944,-0.268948
9.798000,-2.511234,-2.190480,-0.320754,-0.269333
9.799000,-2.499068,-2.177505,-0.321563,-0.269717
9.800000,-2.486899,-2.164526,-0.322372,-0.270102
9.801000,-2.474725,-2.151544,-0.323181,-0.270486
9.802000,-2.462548,-2.138558,-0.323990,-0.270870
9.803000,-2.450367,-2.125568,-0.324798,-0.271254
9.804000,-2.438181,-2.112575,-0.325606,-0.271637
9.805000,-2.425992,-2.099578,-0.326414,-0.272020
9.806000,-2.413799,-2.086578,-0.327222,-0.272403
9.807000,-2.401603,-2.073574,-0.328029,-0.272786
9.808000,-2.389402,-2.060566,-0.328836,-0.273168
9.809000,-2.377198,-2.047555,-0.329643,-0.273551
9.810000,-2.364990,-2.034541,-0.330449,-0.273932
9.811000,-2.352778,-2.021523,-0.331255,-0.274314
9.812000,-2.340563,-2.008501,-0.332061,-0.274696
9.813000,-2.328344,-1.995477,-0.332867,-0.275077
9.814000,-2.316121,-1.982448,-0.333672,-0.275458
9.815000,-2.303894,-1.969417,-0.334477,-0.275838
9.816000,-2.291664,-1.956382,-0.335282,-0.276219
9.817000,-2.279430,-1.943344,-0.336087,-0.276599
9.818000,-2.267193,-1.930302,-0.336891,-0.276978
9.819000,-2.254952,-1.917257,-0.337695,-0.277358
9.820000,-2.242708,-1.904209,-0.338499,-0.277737
9.821000,-2.230460,-1.891157,-0.339302,-0.278116
9.822000,-2.218208,-1.878103,-0.340105,-0.278495
9.823000,-2.205953,-1.865045,-0.340908,-0.278873
9.824000,-2.193694,-1.851984,-0.341711,-0.279252
9.825000,-2.181432,-1.838919,-0.342513,-0.279629
9.826000,-2.169167,-1.825852,-0.343315,-0.280007
9.827000,-2.156898,-1.812781,-0.344117,-0.280384
9.828000,-2.144626,-1.799708,-0.344918,-0.280761
9.829000,-2.132350,-1.786631,-0.345719,-0.281138
9.830000,-2.120071,-1.773551,-0.346520,-0.281515
9.831000,-2.107789,-1.760468,-0.347320,-0.281891
9.832000,-2.095503,-1.747382,-0.348121,-0.282267
9.833000,-2.083214,-1.734293,-0.348921,-0.282642
9.834000,-2.070922,-1.721201,-0.349720,-0.283018
9.835000,-2.058626,-1.708106,-0.350520,-0.283393
9.836000,-2.046327,-1.695009,-0.351319,-0.283768
9.837000,-2.034025,-1.681908,-0.352117,-0.284142
9.838000,-2.021720,-1.668804,-0.352916,-0.284516
9.839000,-2.009411,-1.655698,-0.353714,-0.284890
9.840000,-1.997100,-1.642588,-0.354512,-0.285264
9.841000,-1.984785,-1.629476,-0.355309,-0.285637
9.842000,-1.972467,-1.616361,-0.356107,-0.286010
9.843000,-1.960146,-1.603243,-0.356903,-0.286383
9.844000,-1.947822,-1.590122,-0.357700,-0.286755
9.845000,-1.935495,-1.576998,-0.358496,-0.287127
9.846000,-1.923164,-1.563872,-0.359292,-0.287499
9.847000,-1.910831,-1.550743,-0.360088,-0.287870
9.848000,-1.898495,-1.537611,-0.360883,-0.288241
9.849000,-1.886155,-1.524477,-0.361678,-0.288612
9.850000,-1.873813,-1.511340,-0.362473,-0.288983
9.851000,-1.861468,-1.498200,-0.363267,-0.289353
9.852000,-1.849120,-1.485058,-0.364062,-0.289723
9.853000,-1.836769,-1.471913,-0.364855,-0.290093
9.854000,-1.824415,-1.458766,-0.365649,-0.290462
9.855000,-1.812058,-1.445616,-0.366442,-0.290831
9.856000,-1.799698,-1.432463,-0.367235,-0.291199
9.857000,-1.787335,-1.419308,-0.368027,-0.291568
9.858000,-1.774970,-1.406150,-0.368819,-0.291936
9.859000,-1.762602,-1.392990,-0.369611,-0.292303
9.860000,-1.750231,-1.379828,-0.370403,-0.292671
9.861000,-1.737857,-1.366663,-0.371194,-0.293038
9.862000,-1.725480,-1.353496,-0.371985,-0.293405
9.863000,-1.713101,-1.340326,-0.372775,-0.293771
9.864000,-1.700719,-1.327154,-0.373565,-0.294137
9.865000,-1.688334,-1.313979,-0.374355,-0.294503
9.866000,-1.675947,-1.300802,-0.375145,-0.294868
9.867000,-1.663557,-1.287623,-0.375934,-0.295233
9.868000,-1.651165,-1.274442,-0.376723,-0.295598
9.869000,-1.638769,-1.261258,-0.377511,-0.295962
9.870000,-1.626372,-1.248072,-0.378300,-0.296326
9.871000,-1.613971,-1.234884,-0.379087,-0.296690
9.872000,-1.601568,-1.221694,-0.379875,-0.297053
9.873000,-1.589163,-1.208501,-0.380662,-0.297416
9.874000,-1.576755,-1.195306,-0.381449,-0.297779
9.875000,-1.564345,-1.182109,-0.382235,-0.298141
9.876000,-1.551932,-1.168910,-0.383021,-0.298503
9.877000,-1.539516,-1.155709,-0.383807,-0.298865
9.878000,-1.527099,-1.142506,-0.384593,-0.299226
9.879000,-1.514678,-1.129301,-0.385378,-0.299587
9.880000,-1.502256,-1.116094,-0.386162,-0.299948
9.881000,-1.489831,-1.102884,-0.386947,-0.300308
9.882000,-1.477404,-1.089673,-0.387731,-0.300668
9.883000,-1.464974,-1.076460,-0.388514,-0.301028
9.884000,-1.452542,-1.063245,-0.389298,-0.301387
9.885000,-1.440108,-1.050027,-0.390080,-0.301746
9.886000,-1.427671,-1.036808,-0.390863,-0.302104
9.887000,-1.415233,-1.023587,-0.391645,-0.302462
9.888000,-1.402792,-1.010364,-0.392427,-0.302820
9.889000,-1.390348,-0.997140,-0.393209,-0.303177
9.890000,-1.377903,-0.983913,-0.393990,-0.303534
9.891000,-1.365455,-0.970685,-0.394770,-0.303891
9.892000,-1.353006,-0.957455,-0.395551,-0.304247
9.893000,-1.340554,-0.944223,-0.396331,-0.304603
9.894000,-1.328100,-0.930989,-0.397111,-0.304959
9.895000,-1.315644,-0.917754,-0.397890,-0.305314
9.896000,-1.303185,-0.904517,-0.398669,-0.305669
9.897000,-1.290725,-0.891278,-0.399447,-0.306023
9.898000,-1.278263,-0.878038,-0.400225,-0.306377
9.899000,-1.265799,-0.864795,-0.401003,-0.306731
9.900000,-1.253332,-0.851552,-0.401781,-0.307084
9.901000,-1.240864,-0.838306,-0.402558,-0.307437
9.902000,-1.228394,-0.825060,-0.403334,-0.307790
9.903000,-1.215922,-0.811811,-0.404110,-0.308142
9.904000,-1.203448,-0.798561,-0.404886,-0.308494
9.905000,-1.190972,-0.785310,-0.405662,-0.308845
9.906000,-1.178494,-0.772057,-0.406437,-0.309196
9.907000,-1.166014,-0.758802,-0.407212,-0.309547
9.908000,-1.153532,-0.745546,-0.407986,-0.309897
9.909000,-1.141049,-0.732289,-0.408760,-0.310247
9.910000,-1.128564,-0.719030,-0.409533,-0.310597
9.911000,-1.116077,-0.705770,-0.410307,-0.310946
9.912000,-1.103588,-0.692509,-0.411079,-0.311294
9.913000,-1.091098,-0.679246,-0.411852,-0.311643
9.914000,-1.078605,-0.665982,-0.412624,-0.311991
9.915000,-1.066112,-0.652716,-0.413395,-0.312338
9.916000,-1.053616,-0.639449,-0.414166,-0.312685
9.917000,-1.041119,-0.626181,-0.414937,-0.313032
9.918000,-1.028620,-0.612912,-0.415708,-0.313378
9.919000,-1.016119,-0.599642,-0.416478,-0.313724
9.920000,-1.003617,-0.586370,-0.417247,-0.314070
9.921000,-0.991113,-0.573097,-0.418016,-0.314415
9.922000,-0.978608,-0.559823,-0.418785,-0.314759
9.923000,-0.966101,-0.546548,-0.419553,-0.315104
9.924000,-0.953593,-0.533272,-0.420321,-0.315448
9.925000,-0.941083,-0.519994,-0.421089,-0.315791
9.926000,-0.928572,-0.506716,-0.421856,-0.316134
9.927000,-0.916059,-0.493436,-0.422623,-0.316477
9.928000,-0.903545,-0.480156,-0.423389,-0.316819
9.929000,-0.891029,-0.466874,-0.424155,-0.317161
9.930000,-0.878512,-0.453592,-0.424920,-0.317502
9.931000,-0.865993,-0.440308,-0.425685,-0.317843
9.932000,-0.853474,-0.427024,-0.426450,-0.318184
9.933000,-0.840952,-0.413739,-0.427214,-0.318524
9.934000,-0.828430,-0.400452,-0.427978,-0.318863
9.935000,-0.815906,-0.387165,-0.428741,-0.319203
9.936000,-0.803381,-0.373877,-0.429504,-0.319541
9.937000,-0.790855,-0.360588,-0.430266,-0.319880
9.938000,-0.778327,-0.347299,-0.431028,-0.320218
9.939000,-0.765798,-0.334008,-0.431790,-0.320555
9.940000,-0.753268,-0.320717,-0.432551,-0.320893
9.941000,-0.740737,-0.307425,-0.433312,-0.321229
9.942000,-0.728204,-0.294132,-0.434072,-0.321566
9.943000,-0.715671,-0.280839,-0.434832,-0.321901
9.944000,-0.703136,-0.267545,-0.435591,-0.322237
9.945000,-0.690600,-0.254250,-0.436350,-0.322572
9.946000,-0.678063,-0.240954,-0.437109,-0.322906
9.947000,-0.665525,-0.227658,-0.437867,-0.323240
9.948000,-0.652986,-0.214362,-0.438625,-0.323574
9.949000,-0.640446,-0.201064,-0.439382,-0.323907
9.950000,-0.627905,-0.187767,-0.440139,-0.324240
9.951000,-0.615363,-0.174468,-0.440895,-0.324572
9.952000,-0.602820,-0.161169,-0.441651,-0.324904
9.953000,-0.590276,-0.147870,-0.442406,-0.325235
9.954000,-0.577731,-0.134570,-0.443161,-0.325566
9.955000,-0.565185,-0.121270,-0.443916,-0.325897
9.956000,-0.552639,-0.107969,-0.444670,-0.326227
9.957000,-0.540091,-0.094668,-0.445423,-0.326557
9.958000,-0.527543,-0.081366,-0.446176,-0.326886
9.959000,-0.514993,-0.068064,-0.446929,-0.327214
9.960000,-0.502443,-0.054762,-0.447681,-0.327543
9.961000,-0.489892,-0.041460,-0.448433,-0.327870
9.962000,-0.477341,-0.028157,-0.449184,-0.328198
9.963000,-0.464788,-0.014853,-0.449935,-0.328525
9.964000,-0.452235,-0.001550,-0.450685,-0.328851
9.965000,-0.439681,0.011754,-0.451435,-0.329177
9.966000,-0.427127,0.025058,-0.452184,-0.329502
9.967000,-0.414571,0.038362,-0.452933,-0.329827
9.968000,-0.402015,0.051666,-0.453682,-0.330152
9.969000,-0.389459,0.064971,-0.454430,-0.330476
9.970000,-0.376902,0.078275,-0.455177,-0.330800
9.971000,-0.364344,0.091580,-0.455924,-0.331123
9.972000,-0.351786,0.104885,-0.456671,-0.331445
9.973000,-0.339227,0.118190,-0.457417,-0.331767
9.974000,-0.326668,0.131495,-0.458162,-0.332089
9.975000,-0.314108,0.144800,-0.458907,-0.332410
9.976000,-0.301547,0.158105,-0.459652,-0.332731
9.977000,-0.288986,0.171410,-0.460396,-0.333051
9.978000,-0.276425,0.184714,-0.461139,-0.333371
9.979000,-0.263863,0.198019,-0.461882,-0.333690
9.980000,-0.251301,0.211324,-0.462625,-0.334009
9.981000,-0.238738,0.224629,-0.463367,-0.334327
9.982000,-0.226175,0.237933,-0.464109,-0.334645
9.983000,-0.213612,0.251238,-0.464850,-0.334963
9.984000,-0.201048,0.264542,-0.465591,-0.335280
9.985000,-0.188484,0.277846,-0.466331,-0.335596
9.986000,-0.175920,0.291150,-0.467070,-0.335912
9.987000,-0.163356,0.304454,-0.467809,-0.336227
9.988000,-0.150791,0.317757,-0.468548,-0.336542
9.989000,-0.138226,0.331060,-0.469286,-0.336856
9.990000,-0.125660,0.344363,-0.470024,-0.337170
9.991000,-0.113095,0.357666,-0.470761,-0.337484
9.992000,-0.100529,0.370968,-0.471497,-0.337797
9.993000,-0.087963,0.384270,-0.472233,-0.338109
9.994000,-0.075398,0.397571,-0.472969,-0.338421
9.995000,-0.062831,0.410872,-0.473704,-0.338732
9.996000,-0.050265,0.424173,-0.474438,-0.339043
9.997000,-0.037699,0.437473,-0.475172,-0.339353
9.998000,-0.025133,0.450773,-0.475906,-0.339663
9.999000,-0.012566,0.464072,-0.476639,-0.339973
10.000000,-0.000000,0.477371,-0.477371,-0.340282
10.001000,0.012566,0.490669,-0.478103,-0.340590
10.002000,0.025133,0.503967,-0.478834,-0.340898
10.003000,0.037699,0.517264,-0.479565,-0.341205
10.004000,0.050265,0.530561,-0.480295,-0.341512
10.005000,0.062831,0.543856,-0.481025,-0.341818
10.006000,0.075398,0.557152,-0.481754,-0.342124
10.007000,0.087963,0.570446,-0.482483,-0.342429
10.008000,0.100529,0.583740,-0.483211,-0.342734
10.009000,0.113095,0.597034,-0.483939,-0.343038
10.010000,0.125660,0.610326,-0.484666,-0.343342
10.011000,0.138226,0.623618,-0.485392,-0.343645
10.012000,0.150791,0.636909,-0.486118,-0.343947
10.013000,0.163356,0.650199,-0.486844,-0.344250
10.014000,0.175920,0.663489,-0.487568,-0.344551
10.015000,0.188484,0.676777,-0.488293,-0.344852
10.016000,0.201048,0.690065,-0.489016,-0.345153
10.017000,0.213612,0.703352,-0.489740,-0.345453
10.018000,0.226175,0.716638,-0.490462,-0.345752
10.019000,0.238738,0.729923,-0.491184,-0.346051
10.020000,0.251301,0.743207,-0.491906,-0.346349
10.021000,0.263863,0.756490,-0.492627,-0.346647
10.022000,0.276425,0.769772,-0.493347,-0.346945
10.023000,0.288986,0.783054,-0.494067,-0.347241
10.024000,0.301547,0.796334,-0.494787,-0.347538
10.025000,0.314108,0.809613,-0.495505,-0.347833
10.026000,0.326668,0.822891,-0.496223,-0.348128
10.027000,0.339227,0.836168,-0.496941,-0.348423
10.028000,0.351786,0.849444,-0.497658,-0.348717
10.029000,0.364344,0.862719,-0.498375,-0.349011
10.030000,0.376902,0.875992,-0.499090,-0.349304
10.031000,0.389459,0.889265,-0.499806,-0.349596
10.032000,0.402015,0.902536,-0.500520,-0.349888
10.033000,0.414571,0.915806,-0.501235,-0.350179
10.034000,0.427127,0.929075,-0.501948,-0.350470
10.035000,0.439681,0.942342,-0.502661,-0.350760
10.036000,0.452235,0.955609,-0.503373,-0.351050
10.037000,0.464788,0.968873,-0.504085,-0.351339
10.038000,0.477341,0.982137,-0.504797,-0.351627
10.039000,0.489892,0.995399,-0.505507,-0.351915
10.040000,0.502443,1.008660,-0.506217,-0.352203
10.041000,0.514993,1.021920,-0.506927,-0.352490
10.042000,0.527543,1.035178,-0.507635,-0.352776
10.043000,0.540091,1.048435,-0.508344,-0.353062
10.044000,0.552639,1.061690,-0.509051,-0.353347
10.045000,0.565185,1.074944,-0.509758,-0.353631
10.046000,0.577731,1.088196,-0.510465,-0.353915
10.047000,0.590276,1.101447,-0.511171,-0.354199
10.048000,0.602820,1.114696,-0.511876,-0.354482
10.049000,0.615363,1.127944,-0.512581,-0.354764
10.050000,0.627905,1.141190,-0.513285,-0.355046
10.051000,0.640446,1.154434,-0.513988,-0.355327
10.052000,0.652986,1.167677,-0.514691,-0.355608
10.053000,0.665525,1.180918,-0.515393,-0.355888
10.054000,0.678063,1.194158,-0.516095,-0.356167
10.055000,0.690600,1.207396,-0.516796,-0.356446
10.056000,0.703136,1.220632,-0.517496,-0.356724
10.057000,0.715671,1.233867,-0.518196,-0.357002
10.058000,0.728204,1.247099,-0.518895,-0.357279
10.059000,0.740737,1.260330,-0.519593,-0.357556
10.060000,0.753268,1.273559,-0.520291,-0.357832
10.061000,0.765798,1.286787,-0.520988,-0.358107
10.062000,0.778327,1.300012,-0.521685,-0.358382
10.063000,0.790855,1.313236,-0.522381,-0.358656
10.064000,0.803381,1.326457,-0.523076,-0.358929
10.065000,0.815906,1.339677,-0.523771,-0.359202
10.066000,0.828430,1.352895,-0.524465,-0.359475
10.067000,0.840952,1.366111,-0.525159,-0.359747
10.068000,0.853474,1.379325,-0.525851,-0.360018
10.069000,0.865993,1.392537,-0.526544,-0.360289
10.070000,0.878512,1.405747,-0.527235,-0.360559
10.071000,0.891029,1.418955,-0.527926,-0.360828
10.072000,0.903545,1.432161,-0.528616,-0.361097
10.073000,0.916059,1.445365,-0.529306,-0.361365
10.074000,0.928572,1.458566,-0.529995,-0.361633
10.075000,0.941083,1.471766,-0.530683,-0.361900
10.076000,0.953593,1.484964,-0.531371,-0.362166
10.077000,0.966101,1.498159,-0.532058,-0.362432
10.078000,0.978608,1.511352,-0.532744,-0.362698
10.079000,0.991113,1.524543,-0.533430,-0.362962
10.080000,1.003617,1.537732,-0.534115,-0.363226
10.081000,1.016119,1.550918,-0.534799,-0.363490
10.082000,1.028620,1.564102,-0.535483,-0.363752
10.083000,1.041119,1.577284,-0.536166,-0.364015
10.084000,1.053616,1.590464,-0.536848,-0.364276
10.085000,1.066112,1.603641,-0.537530,-0.364537
10.086000,1.078605,1.616816,-0.538211,-0.364798
10.087000,1.091098,1.629989,-0.538891,-0.365057
10.088000,1.103588,1.643159,-0.539571,-0.365316
10.089000,1.116077,1.656326,-0.540250,-0.365575
10.090000,1.128564,1.669492,-0.540928,-0.365833
10.091000,1.141049,1.682655,-0.541606,-0.366090
10.092000,1.153532,1.695815,-0.542282,-0.366347
10.093000,1.166014,1.708973,-0.542959,-0.366603
10.094000,1.178494,1.722128,-0.543634,-0.366858
10.095000,1.190972,1.735281,-0.544309,-0.367113
10.096000,1.203448,1.748431,-0.544983,-0.367367
10.097000,1.215922,1.761579,-0.545657,-0.367621
10.098000,1.228394,1.774724,-0.546330,-0.367874
10.099000,1.240864,1.787866,-0.547002,-0.368126
10.100000,1.253332,1.801006,-0.547673,-0.368378
10.101000,1.265799,1.814143,-0.548344,-0.368629
10.102000,1.278263,1.827277,-0.549014,-0.368879
10.103000,1.290725,1.840409,-0.549684,-0.369129
10.104000,1.303185,1.853538,-0.550352,-0.369378
10.105000,1.315644,1.866664,-0.551020,-0.369626
10.106000,1.328100,1.879787,-0.551687,-0.369874
10.107000,1.340554,1.892908,-0.552354,-0.370121
10.108000,1.353006,1.906025,-0.553020,-0.370368
10.109000,1.365455,1.919140,-0.553685,-0.370614
10.110000,1.377903,1.932252,-0.554349,-0.370859
10.111000,1.390348,1.945361,-0.555013,-0.371104
10.112000,1.402792,1.958468,-0.555676,-0.371348
10.113000,1.415233,1.971571,-0.556338,-0.371591
10.114000,1.427671,1.984671,-0.557000,-0.371834
10.115000,1.440108,1.997768,-0.557661,-0.372076
10.116000,1.452542,2.010863,-0.558321,-0.372317
10.117000,1.464974,2.023954,-0.558980,-0.372558
10.118000,1.477404,2.037042,-0.559639,-0.372798
10.119000,1.489831,2.050128,-0.560297,-0.373038
10.120000,1.502256,2.063210,-0.560954,-0.373277
10.121000,1.514678,2.076289,-0.561610,-0.373515
10.122000,1.527099,2.089365,-0.562266,-0.373752
10.123000,1.539516,2.102437,-0.562921,-0.373989
10.124000,1.551932,2.115507,-0.563575,-0.374226
10.125000,1.564345,2.128574,-0.564229,-0.374461
10.126000,1.576755,2.141637,-0.564882,-0.374696
10.127000,1.589163,2.154697,-0.565534,-0.374930
10.128000,1.601568,2.167753,-0.566185,-0.375164
10.129000,1.613971,2.180807,-0.566836,-0.375397
10.130000,1.626372,2.193857,-0.567485,-0.375629
10.131000,1.638769,2.206904,-0.568134,-0.375861
10.132000,1.651165,2.219947,-0.568783,-0.376092
10.133000,1.663557,2.232987,-0.569430,-0.376322
10.134000,1.675947,2.246024,-0.570077,-0.376552
10.135000,1.688334,2.259058,-0.570723,-0.376781
10.136000,1.700719,2.272087,-0.571368,-0.377009
10.137000,1.713101,2.285114,-0.572013,-0.377236
10.138000,1.725480,2.298137,-0.572657,-0.377463
10.139000,1.737857,2.311157,-0.573300,-0.377690
10.140000,1.750231,2.324173,-0.573942,-0.377915
10.141000,1.762602,2.337185,-0.574583,-0.378140
10.142000,1.774970,2.350194,-0.575224,-0.378365
10.143000,1.787335,2.363199,-0.575864,-0.378588
10.144000,1.799698,2.376201,-0.576503,-0.378811
10.145000,1.812058,2.389199,-0.577142,-0.379033
10.146000,1.824415,2.402194,-0.577779,-0.379255
10.147000,1.836769,2.415185,-0.578416,-0.379476
10.148000,1.849120,2.428172,-0.579052,-0.379696
10.149000,1.861468,2.441155,-0.579687,-0.379916
10.150000,1.873813,2.454135,-0.580322,-0.380134
10.151000,1.886155,2.467111,-0.580956,-0.380353
10.152000,1.898495,2.480083,-0.581589,-0.380570
10.153000,1.910831,2.493052,-0.582221,-0.380787
10.154000,1.923164,2.506016,-0.582852,-0.381003
10.155000,1.935495,2.518977,-0.583483,-0.381218
10.156000,1.947822,2.531934,-0.584112,-0.381433
10.157000,1.960146,2.544887,-0.584741,-0.381647
10.158000,1.972467,2.557837,-0.585370,-0.381861
10.159000,1.984785,2.570782,-0.585997,-0.382073
10.160000,1.997100,2.583723,-0.586623,-0.382285
10.161000,2.009411,2.596661,-0.587249,-0.382497
10.162000,2.021720,2.609594,-0.587874,-0.382707
10.163000,2.034025,2.622524,-0.588498,-0.382917
10.164000,2.046327,2.635449,-0.589122,-0.383126
10.165000,2.058626,2.648370,-0.589744,-0.383335
10.166000,2.070922,2.661288,-0.590366,-0.383543
10.167000,2.083214,2.674201,-0.590987,-0.383750
10.168000,2.095503,2.687110,-0.591607,-0.383956
10.169000,2.107789,2.700015,-0.592226,-0.384162
10.170000,2.120071,2.712916,-0.592845,-0.384367
10.171000,2.132350,2.725813,-0.593463,-0.384572
10.172000,2.144626,2.738705,-0.594079,-0.384775
10.173000,2.156898,2.751594,-0.594695,-0.384978
10.174000,2.169167,2.764478,-0.595311,-0.385181
10.175000,2.181432,2.777357,-0.595925,-0.385382
10.176000,2.193694,2.790233,-0.596539,-0.385583
10.177000,2.205953,2.803104,-0.597151,-0.385783
10.178000,2.218208,2.815971,-0.597763,-0.385983
10.179000,2.230460,2.828834,-0.598374,-0.386181
10.180000,2.242708,2.841692,-0.598984,-0.386379
10.181000,2.254952,2.854546,-0.599594,-0.386577
10.182000,2.267193,2.867395,-0.600202,-0.386773
10.183000,2.279430,2.880240,-0.600810,-0.386969
10.184000,2.291664,2.893081,-0.601417,-0.387164
10.185000,2.303894,2.905917,-0.602023,-0.387359
10.186000,2.316121,2.918749,-0.602628,-0.387553
10.187000,2.328344,2.931576,-0.603232,-0.387746
10.188000,2.340563,2.944399,-0.603836,-0.387938
10.189000,2.352778,2.957217,-0.604439,-0.388130
10.190000,2.364990,2.970030,-0.605040,-0.388321
10.191000,2.377198,2.982839,-0.605641,-0.388511
10.192000,2.389402,2.995644,-0.606241,-0.388700
10.193000,2.401603,3.008443,-0.606840,-0.388889
10.194000,2.413799,3.021238,-0.607439,-0.389077
10.195000,2.425992,3.034029,-0.608036,-0.389264
10.196000,2.438181,3.046814,-0.608633,-0.389451
10.197000,2.450367,3.059595,-0.609229,-0.389637
10.198000,2.462548,3.072371,-0.609824,-0.389822
10.199000,2.474725,3.085143,-0.610418,-0.390006
10.200000,2.486899,3.097910,-0.611011,-0.390190
10.201000,2.499068,3.110672,-0.611603,-0.390373
10.202000,2.511234,3.123429,-0.612194,-0.390555
10.203000,2.523396,3.136181,-0.612785,-0.390737
10.204000,2.535554,3.148928,-0.613375,-0.390918
10.205000,2.547707,3.161671,-0.613963,-0.391098
10.206000,2.559857,3.174408,-0.614551,-0.391277
10.207000,2.572003,3.187141,-0.615138,-0.391456
10.208000,2.584144,3.199869,-0.615724,-0.391634
10.209000,2.596282,3.212591,-0.616310,-0.391811
10.210000,2.608415,3.225309,-0.616894,-0.391987
10.211000,2.620544,3.238022,-0.617478,-0.392163
10.212000,2.632669,3.250730,-0.618060,-0.392338
10.213000,2.644790,3.263432,-0.618642,-0.392512
10.214000,2.656907,3.276130,-0.619223,-0.392686
10.215000,2.669020,3.288822,-0.619802,-0.392859
10.216000,2.681128,3.301510,-0.620381,-0.393031
10.217000,2.693232,3.314192,-0.620960,-0.393202
10.218000,2.705332,3.326869,-0.621537,-0.393373
10.219000,2.717428,3.339541,-0.622113,-0.393542
10.220000,2.729519,3.352208,-0.622688,-0.393712
10.221000,2.741606,3.364869,-0.623263,-0.393880
10.222000,2.753689,3.377526,-0.623837,-0.394048
10.223000,2.765767,3.390177,-0.624409,-0.394214
10.224000,2.777841,3.402822,-0.624981,-0.394381
10.225000,2.789911,3.415463,-0.625552,-0.394546
10.226000,2.801976,3.428098,-0.626122,-0.394711
10.227000,2.814037,3.440728,-0.626691,-0.394875
10.228000,2.826093,3.453352,-0.627259,-0.395038
10.229000,2.838145,3.465971,-0.627826,-0.395200
10.230000,2.850193,3.478585,-0.628392,-0.395362
10.231000,2.862236,3.491193,-0.628958,-0.395523
10.232000,2.874274,3.503796,-0.629522,-0.395683
10.233000,2.886308,3.516393,-0.630086,-0.395842
10.234000,2.898337,3.528985,-0.630648,-0.396001
10.235000,2.910362,3.541571,-0.631210,-0.396159
10.236000,2.922382,3.554152,-0.631770,-0.396316
10.237000,2.934397,3.566727,-0.632330,-0.396473
10.238000,2.946408,3.579297,-0.632889,-0.396628
10.239000,2.958414,3.591861,-0.633447,-0.396783
10.240000,2.970416,3.604420,-0.634004,-0.396938
10.241000,2.982413,3.616972,-0.634560,-0.397091
10.242000,2.994405,3.629520,-0.635115,-0.397244
10.243000,3.006392,3.642061,-0.635669,-0.397396
10.244000,3.018375,3.654597,-0.636222,-0.397547
10.245000,3.030353,3.667127,-0.636774,-0.397697
10.246000,3.042326,3.679651,-0.637326,-0.397847
10.247000,3.054294,3.692170,-0.637876,-0.397996
10.248000,3.066258,3.704683,-0.638425,-0.398144
10.249000,3.078216,3.717190,-0.638974,-0.398291
10.250000,3.090170,3.729691,-0.639521,-0.398438
10.251000,3.102119,3.742187,-0.640068,-0.398584
10.252000,3.114063,3.754676,-0.640613,-0.398729
10.253000,3.126002,3.767160,-0.641158,-0.398873
10.254000,3.137936,3.779638,-0.641702,-0.399017
10.255000,3.149865,3.792109,-0.642244,-0.399160
10.256000,3.161789,3.804575,-0.642786,-0.399302
10.257000,3.173709,3.817035,-0.643327,-0.399443
10.258000,3.185623,3.829489,-0.643866,-0.399584
10.259000,3.197532,3.841937,-0.644405,-0.399724
10.260000,3.209436,3.854379,-0.644943,-0.399863
10.261000,3.221335,3.866815,-0.645480,-0.400001
10.262000,3.233229,3.879245,-0.646016,-0.400138
10.263000,3.245118,3.891669,-0.646551,-0.400275
10.264000,3.257002,3.904086,-0.647085,-0.400411
10.265000,3.268880,3.916498,-0.647618,-0.400546
10.266000,3.280754,3.928903,-0.648150,-0.400681
10.267000,3.292622,3.941302,-0.648681,-0.400815
10.268000,3.304485,3.953696,-0.649211,-0.400947
10.269000,3.316343,3.966082,-0.649740,-0.401080
10.270000,3.328195,3.978463,-0.650268,-0.401211
10.271000,3.340043,3.990837,-0.650795,-0.401342
10.272000,3.351885,4.003205,-0.651321,-0.401471
10.273000,3.363722,4.015567,-0.651846,-0.401601
10.274000,3.375553,4.027923,-0.652370,-0.401729
10.275000,3.387379,4.040272,-0.652893,-0.401856
10.276000,3.399200,4.052615,-0.653415,-0.401983
10.277000,3.411015,4.064951,-0.653936,-0.402109
10.278000,3.422825,4.077281,-0.654456,-0.402234
10.279000,3.434630,4.089605,-0.654975,-0.402359
10.280000,3.446429,4.101922,-0.655493,-0.402482
10.281000,3.458223,4.114233,-0.656010,-0.402605
10.282000,3.470011,4.126537,-0.656526,-0.402727
10.283000,3.481794,4.138835,-0.657041,-0.402849
10.284000,3.493571,4.151127,-0.657555,-0.402969
10.285000,3.505343,4.163411,-0.658068,-0.403089
10.286000,3.517109,4.175690,-0.658580,-0.403208
10.287000,3.528870,4.187961,-0.659091,-0.403326
10.288000,3.540625,4.200226,-0.659601,-0.403444
10.289000,3.552375,4.212485,-0.660110,-0.403560
10.290000,3.564119,4.224737,-0.660618,-0.403676
10.291000,3.575857,4.236982,-0.661125,-0.403792
10.292000,3.587590,4.249220,-0.661631,-0.403906
10.293000,3.599317,4.261452,-0.662135,-0.404019
10.294000,3.611038,4.273677,-0.662639,-0.404132
10.295000,3.622754,4.285896,-0.663142,-0.404244
10.296000,3.634464,4.298107,-0.663644,-0.404355
10.297000,3.646168,4.310312,-0.664145,-0.404466
10.298000,3.657866,4.322510,-0.664644,-0.404576
10.299000,3.669559,4.334702,-0.665143,-0.404684
10.300000,3.681246,4.346886,-0.665641,-0.404792
10.301000,3.692927,4.359064,-0.666137,-0.404900
10.302000,3.704602,4.371234,-0.666633,-0.405006
10.303000,3.716271,4.383398,-0.667127,-0.405112
10.304000,3.727934,4.395555,-0.667621,-0.405217
10.305000,3.739592,4.407705,-0.668113,-0.405321
10.306000,3.751244,4.419848,-0.668604,-0.405425
10.307000,3.762889,4.431984,-0.669095,-0.405527
10.308000,3.774529,4.444113,-0.669584,-0.405629
10.309000,3.786163,4.456235,-0.670072,-0.405730
10.310000,3.797791,4.468350,-0.670559,-0.405830
10.311000,3.809413,4.480458,-0.671045,-0.405930
10.312000,3.821029,4.492559,-0.671531,-0.406028
10.313000,3.832638,4.504653,-0.672015,-0.406126
10.314000,3.844242,4.516740,-0.672497,-0.406223
10.315000,3.855840,4.528819,-0.672979,-0.406320
10.316000,3.867432,4.540892,-0.673460,-0.406415
10.317000,3.879017,4.552957,-0.673940,-0.406510
10.318000,3.890596,4.565015,-0.674419,-0.406604
10.319000,3.902170,4.577066,-0.674896,-0.406697
10.320000,3.913737,4.589110,-0.675373,-0.406789
10.321000,3.925298,4.601146,-0.675848,-0.406881
10.322000,3.936852,4.613175,-0.676323,-0.406972
10.323000,3.948401,4.625197,-0.676796,-0.407062
10.324000,3.959943,4.637211,-0.677268,-0.407151
10.325000,3.971479,4.649219,-0.677740,-0.407239
10.326000,3.983009,4.661218,-0.678210,-0.407327
10.327000,3.994532,4.673211,-0.678679,-0.407414
10.328000,4.006049,4.685196,-0.679147,-0.407500
10.329000,4.017560,4.697174,-0.679614,-0.407585
10.330000,4.029064,4.709144,-0.680079,-0.407669
10.331000,4.040562,4.721107,-0.680544,-0.407753
10.332000,4.052054,4.733062,-0.681008,-0.407836
10.333000,4.063539,4.745010,-0.681470,-0.407918
10.334000,4.075018,4.756950,-0.681932,-0.407999
10.335000,4.086491,4.768883,-0.682392,-0.408080
10.336000,4.097957,4.780808,-0.682852,-0.408159
10.337000,4.109416,4.792726,-0.683310,-0.408238
10.338000,4.120869,4.804636,-0.683767,-0.408316
10.339000,4.132316,4.816539,-0.684223,-0.408394
10.340000,4.143756,4.828434,-0.684678,-0.408470
10.341000,4.155189,4.840321,-0.685132,-0.408546
10.342000,4.166616,4.852200,-0.685584,-0.408621
10.343000,4.178036,4.864072,-0.686036,-0.408695
10.344000,4.189450,4.875936,-0.686486,-0.408768
10.345000,4.200857,4.887793,-0.686936,-0.408841
10.346000,4.212258,4.899642,-0.687384,-0.408912
10.347000,4.223652,4.911483,-0.687831,-0.408983
10.348000,4.235039,4.923316,-0.688277,-0.409053
10.349000,4.246419,4.935141,-0.688722,-0.409123
10.350000,4.257793,4.946959,-0.689166,-0.409191
10.351000,4.269160,4.958769,-0.689609,-0.409259
10.352000,4.280520,4.970571,-0.690050,-0.409326
10.353000,4.291874,4.982365,-0.690491,-0.409392
10.354000,4.303221,4.994151,-0.690930,-0.409457
10.355000,4.314560,5.005929,-0.691369,-0.409522
10.356000,4.325894,5.017699,-0.691806,-0.409586
10.357000,4.337220,5.029462,-0.692242,-0.409649
10.358000,4.348539,5.041216,-0.692677,-0.409711
10.359000,4.359852,5.052962,-0.693110,-0.409772
10.360000,4.371158,5.064701,-0.693543,-0.409833
10.361000,4.382456,5.076431,-0.693975,-0.409892
10.362000,4.393748,5.088153,-0.694405,-0.409951
10.363000,4.405033,5.099868,-0.694834,-0.410009
10.364000,4.416311,5.111574,-0.695262,-0.410067
10.365000,4.427582,5.123272,-0.695690,-0.410123
10.366000,4.438846,5.134962,-0.696115,-0.410179
10.367000,4.450103,5.146643,-0.696540,-0.410234
10.368000,4.461353,5.158317,-0.696964,-0.410288
10.369000,4.472596,5.169982,-0.697386,-0.410341
10.370000,4.483832,5.181640,-0.697808,-0.410394
10.371000,4.495061,5.193289,-0.698228,-0.410446
10.372000,4.506283,5.204929,-0.698647,-0.410496
10.373000,4.517497,5.216562,-0.699065,-0.410547
10.374000,4.528705,5.228186,-0.699481,-0.410596
10.375000,4.539905,5.239802,-0.699897,-0.410644
10.376000,4.551098,5.251410,-0.700311,-0.410692
10.377000,4.562284,5.263009,-0.700725,-0.410739
10.378000,4.573463,5.274600,-0.701137,-0.410785
10.379000,4.584634,5.286182,-0.701548,-0.410830
10.380000,4.595799,5.297756,-0.701958,-0.410875
10.381000,4.606956,5.309322,-0.702366,-0.410919
10.382000,4.618105,5.320879,-0.702774,-0.410961
10.383000,4.629248,5.332428,-0.703180,-0.411004
10.384000,4.640383,5.343969,-0.703586,-0.411045
10.385000,4.651511,5.355500,-0.703990,-0.411085
10.386000,4.662631,5.367024,-0.704393,-0.411125
10.387000,4.673744,5.378539,-0.704794,-0.411164
10.388000,4.684850,5.390045,-0.705195,-0.411202
10.389000,4.695948,5.401543,-0.705594,-0.411239
10.390000,4.707039,5.413032,-0.705993,-0.411276
10.391000,4.718123,5.424512,-0.706390,-0.411311
10.392000,4.729199,5.435984,-0.706786,-0.411346
10.393000,4.740267,5.447448,-0.707180,-0.411380
10.394000,4.751328,5.458902,-0.707574,-0.411413
10.395000,4.762382,5.470348,-0.707966,-0.411446
10.396000,4.773428,5.481786,-0.708358,-0.411478
10.397000,4.784467,5.493214,-0.708748,-0.411508
10.398000,4.795498,5.504634,-0.709136,-0.411538
10.399000,4.806521,5.516045,-0.709524,-0.411568
10.400000,4.817537,5.527447,-0.709911,-0.411596
10.401000,4.828545,5.538841,-0.710296,-0.411624
10.402000,4.839545,5.550226,-0.710680,-0.411650
10.403000,4.850538,5.561602,-0.711063,-0.411676
10.404000,4.861524,5.572969,-0.711445,-0.411702
10.405000,4.872501,5.584327,-0.711826,-0.411726
10.406000,4.883471,5.595676,-0.712205,-0.411750
10.407000,4.894433,5.607016,-0.712583,-0.411772
10.408000,4.905388,5.618348,-0.712960,-0.411794
10.409000,4.916334,5.629671,-0.713336,-0.411816
10.410000,4.927273,5.640984,-0.713711,-0.411836
10.411000,4.938205,5.652289,-0.714084,-0.411856
10.412000,4.949128,5.663584,-0.714456,-0.411874
10.413000,4.960043,5.674871,-0.714827,-0.411892
10.414000,4.970951,5.686149,-0.715197,-0.411910
10.415000,4.981851,5.697417,-0.715566,-0.411926
10.416000,4.992743,5.708677,-0.715934,-0.411941
10.417000,5.003627,5.719927,-0.716300,-0.411956
10.418000,5.014503,5.731168,-0.716665,-0.411970
10.419000,5.025372,5.742400,-0.717029,-0.411983
10.420000,5.036232,5.753623,-0.717391,-0.411996
10.421000,5.047084,5.764837,-0.717753,-0.412007
10.422000,5.057929,5.776042,-0.718113,-0.412018
10.423000,5.068765,5.787238,-0.718472,-0.412028
10.424000,5.079594,5.798424,-0.718830,-0.412037
10.425000,5.090414,5.809601,-0.719187,-0.412045
10.426000,5.101227,5.820769,-0.719542,-0.412053
10.427000,5.112031,5.831927,-0.719896,-0.412059
10.428000,5.122827,5.843076,-0.720249,-0.412065
10.429000,5.133615,5.854216,-0.720601,-0.412070
10.430000,5.144395,5.865347,-0.720952,-0.412075
10.431000,5.155167,5.876468,-0.721301,-0.412078
10.432000,5.165931,5.887580,-0.721649,-0.412081
10.433000,5.176687,5.898683,-0.721996,-0.412083
10.434000,5.187434,5.909776,-0.722342,-0.412084
10.435000,5.198173,5.920860,-0.722686,-0.412084
10.436000,5.208904,5.931934,-0.723030,-0.412084
10.437000,5.219627,5.942999,-0.723372,-0.412082
10.438000,5.230342,5.954054,-0.723712,-0.412080
10.439000,5.241048,5.965100,-0.724052,-0.412077
10.440000,5.251746,5.976137,-0.724390,-0.412074
10.441000,5.262436,5.987163,-0.724727,-0.412069
10.442000,5.273118,5.998181,-0.725063,-0.412064
10.443000,5.283791,6.009189,-0.725398,-0.412058
10.444000,5.294455,6.020187,-0.725731,-0.412051
10.445000,5.305112,6.031175,-0.726064,-0.412043
10.446000,5.315760,6.042154,-0.726395,-0.412034
10.447000,5.326400,6.053124,-0.726724,-0.412025
10.448000,5.337031,6.064084,-0.727053,-0.412015
10.449000,5.347654,6.075034,-0.727380,-0.412004
10.450000,5.358268,6.085974,-0.727706,-0.411992
10.451000,5.368874,6.096905,-0.728031,-0.411980
10.452000,5.379471,6.107826,-0.728354,-0.411966
10.453000,5.390060,6.118737,-0.728677,-0.411952
10.454000,5.400641,6.129638,-0.728998,-0.411937
10.455000,5.411213,6.140530,-0.729318,-0.411922
10.456000,5.421776,6.151412,-0.729636,-0.411905
10.457000,5.432331,6.162284,-0.729954,-0.411888
10.458000,5.442877,6.173147,-0.730270,-0.411869
10.459000,5.453414,6.183999,-0.730585,-0.411851
10.460000,5.463943,6.194842,-0.730898,-0.411831
10.461000,5.474464,6.205674,-0.731210,-0.411810
10.462000,5.484976,6.216497,-0.731522,-0.411789
10.463000,5.495479,6.227310,-0.731831,-0.411767
10.464000,5.505973,6.238113,-0.732140,-0.411744
10.465000,5.516459,6.248906,-0.732447,-0.411720
10.466000,5.526936,6.259689,-0.732753,-0.411696
10.467000,5.537404,6.270462,-0.733058,-0.411670
10.468000,5.547863,6.281225,-0.733362,-0.411644
10.469000,5.558314,6.291978,-0.733664,-0.411617
10.470000,5.568756,6.302721,-0.733965,-0.411589
10.471000,5.579189,6.313454,-0.734265,-0.411561
10.472000,5.589614,6.324177,-0.734563,-0.411532
10.473000,5.600029,6.334890,-0.734861,-0.411502
10.474000,5.610436,6.345593,-0.735157,-0.411471
10.475000,5.620834,6.356285,-0.735452,-0.411439
10.476000,5.631223,6.366968,-0.735745,-0.411406
10.477000,5.641603,6.377640,-0.736037,-0.411373
10.478000,5.651974,6.388302,-0.736328,-0.411339
10.479000,5.662336,6.398954,-0.736618,-0.411304
10.480000,5.672689,6.409596,-0.736906,-0.411268
10.481000,5.683034,6.420227,-0.737193,-0.411232
10.482000,5.693369,6.430848,-0.737479,-0.411195
10.483000,5.703696,6.441459,-0.737764,-0.411157
10.484000,5.714013,6.452060,-0.738047,-0.411118
10.485000,5.724321,6.462651,-0.738329,-0.411078
10.486000,5.734621,6.473231,-0.738610,-0.411038
10.487000,5.744911,6.483800,-0.738890,-0.410997
10.488000,5.755192,6.494360,-0.739168,-0.410954
10.489000,5.765464,6.504909,-0.739445,-0.410912
10.490000,5.775727,6.515448,-0.739721,-0.410868
10.491000,5.785981,6.525976,-0.739995,-0.410824
10.492000,5.796226,6.536494,-0.740268,-0.410778
10.493000,5.806461,6.547001,-0.740540,-0.410732
10.494000,5.816688,6.557498,-0.740810,-0.410686
10.495000,5.826905,6.567985,-0.741080,-0.410638
10.496000,5.837113,6.578461,-0.741348,-0.410590
10.497000,5.847312,6.588926,-0.741615,-0.410541
10.498000,5.857501,6.599381,-0.741880,-0.410491
10.499000,5.867681,6.609826,-0.742144,-0.410440
10.500000,5.877853,6.620260,-0.742407,-0.410388
10.501000,5.888014,6.630683,-0.742669,-0.410336
10.502000,5.898167,6.641096,-0.742929,-0.410283
10.503000,5.908310,6.651498,-0.743188,-0.410229
10.504000,5.918444,6.661889,-0.743446,-0.410175
10.505000,5.928568,6.672270,-0.743702,-0.410119
10.506000,5.938683,6.682640,-0.743957,-0.410063
10.507000,5.948789,6.693000,-0.744211,-0.410006
10.508000,5.958885,6.703349,-0.744464,-0.409948
10.509000,5.968972,6.713687,-0.744715,-0.409889
10.510000,5.979050,6.724015,-0.744965,-0.409830
10.511000,5.989118,6.734331,-0.745213,-0.409770
10.512000,5.999177,6.744637,-0.745461,-0.409709
10.513000,6.009226,6.754933,-0.745707,-0.409647
10.514000,6.019265,6.765217,-0.745952,-0.409585
10.515000,6.029295,6.775491,-0.746195,-0.409521
10.516000,6.039316,6.785753,-0.746437,-0.409457
10.517000,6.049327,6.796005,-0.746678,-0.409392
10.518000,6.059329,6.806246,-0.746918,-0.409327
10.519000,6.069321,6.816477,-0.747156,-0.409260
10.520000,6.079303,6.826696,-0.747393,-0.409193
10.521000,6.089276,6.836904,-0.747629,-0.409125
10.522000,6.099239,6.847102,-0.747863,-0.409056
10.523000,6.109192,6.857289,-0.748096,-0.408987
10.524000,6.119136,6.867464,-0.748328,-0.408917
10.525000,6.129071,6.877629,-0.748558,-0.408845
10.526000,6.138995,6.887783,-0.748788,-0.408774
10.527000,6.148910,6.897925,-0.749015,-0.408701
10.528000,6.158815,6.908057,-0.749242,-0.408627
10.529000,6.168710,6.918178,-0.749467,-0.408553
10.530000,6.178596,6.928287,-0.749691,-0.408478
10.531000,6.188472,6.938386,-0.749914,-0.408402
10.532000,6.198338,6.948473,-0.750135,-0.408326
10.533000,6.208195,6.958549,-0.750355,-0.408249
10.534000,6.218041,6.968615,-0.750574,-0.408170
10.535000,6.227878,6.978669,-0.750791,-0.408092
10.536000,6.237705,6.988712,-0.751007,-0.408012
10.537000,6.247522,6.998743,-0.751222,-0.407931
10.538000,6.257329,7.008764,-0.751435,-0.407850
10.539000,6.267126,7.018773,-0.751647,-0.407768
10.540000,6.276914,7.028772,-0.751858,-0.407685
10.541000,6.286691,7.038759,-0.752067,-0.407602
10.542000,6.296459,7.048734,-0.752276,-0.407518
10.543000,6.306216,7.058699,-0.752482,-0.407433
10.544000,6.315964,7.068652,-0.752688,-0.407347
10.545000,6.325702,7.078594,-0.752892,-0.407260
10.546000,6.335429,7.088524,-0.753095,-0.407173
10.547000,6.345147,7.098443,-0.753296,-0.407085
10.548000,6.354855,7.108351,-0.753497,-0.406996
10.549000,6.364552,7.118248,-0.753696,-0.406906
10.550000,6.374240,7.128133,-0.753893,-0.406815
10.551000,6.383917,7.138007,-0.754089,-0.406724
10.552000,6.393585,7.147869,-0.754284,-0.406632
10.553000,6.403242,7.157720,-0.754478,-0.406539
10.554000,6.412889,7.167560,-0.754670,-0.406446
10.555000,6.422527,7.177388,-0.754861,-0.406352
10.556000,6.432153,7.187204,-0.755051,-0.406257
10.557000,6.441770,7.197009,-0.755239,-0.406161
10.558000,6.451377,7.206803,-0.755426,-0.406064
10.559000,6.460973,7.216585,-0.755612,-0.405967
10.560000,6.470560,7.226356,-0.755796,-0.405869
10.561000,6.480136,7.236115,-0.755979,-0.405770
10.562000,6.489701,7.245862,-0.756161,-0.405670
10.563000,6.499257,7.255598,-0.756341,-0.405570
10.564000,6.508802,7.265322,-0.756520,-0.405469
10.565000,6.518337,7.275035,-0.756698,-0.405367
10.566000,6.527862,7.284736,-0.756874,-0.405264
10.567000,6.537376,7.294425,-0.757049,-0.405161
10.568000,6.546880,7.304103,-0.757223,-0.405056
10.569000,6.556374,7.313769,-0.757395,-0.404951
10.570000,6.565858,7.323423,-0.757566,-0.404846
10.571000,6.575331,7.333066,-0.757736,-0.404739
10.572000,6.584793,7.342697,-0.757904,-0.404632
10.573000,6.594245,7.352316,-0.758071,-0.404524
10.574000,6.603687,7.361924,-0.758236,-0.404415
10.575000,6.613119,7.371519,-0.758401,-0.404306
10.576000,6.622540,7.381103,-0.758564,-0.404195
10.577000,6.631950,7.390675,-0.758725,-0.404084
10.578000,6.641350,7.400236,-0.758886,-0.403973
10.579000,6.650740,7.409784,-0.759045,-0.403860
10.580000,6.660119,7.419321,-0.759202,-0.403747
10.581000,6.669487,7.428846,-0.759358,-0.403633
10.582000,6.678845,7.438359,-0.759513,-0.403518
10.583000,6.688193,7.447860,-0.759667,-0.403402
10.584000,6.697529,7.457349,-0.759819,-0.403286
10.585000,6.706856,7.466826,-0.759970,-0.403169
10.586000,6.716171,7.476291,-0.760120,-0.403051
10.587000,6.725477,7.485744,-0.760268,-0.402933
10.588000,6.734771,7.495186,-0.760415,-0.402813
10.589000,6.744055,7.504615,-0.760560,-0.402693
10.590000,6.753328,7.514033,-0.760704,-0.402573
10.591000,6.762591,7.523438,-0.760847,-0.402451
10.592000,6.771842,7.532831,-0.760989,-0.402329
10.593000,6.781084,7.542213,-0.761129,-0.402206
10.594000,6.790314,7.551582,-0.761268,-0.402082
10.595000,6.799534,7.560939,-0.761405,-0.401958
10.596000,6.808743,7.570284,-0.761541,-0.401832
10.597000,6.817941,7.579617,-0.761676,-0.401706
10.598000,6.827128,7.588938,-0.761809,-0.401580
10.599000,6.836305,7.598247,-0.761942,-0.401452
10.600000,6.845471,7.607543,-0.762072,-0.401324
10.601000,6.854626,7.616828,-0.762202,-0.401195
10.602000,6.863770,7.626100,-0.762330,-0.401065
10.603000,6.872904,7.635360,-0.762456,-0.400935
10.604000,6.882026,7.644608,-0.762582,-0.400804
10.605000,6.891138,7.653844,-0.762706,-0.400672
10.606000,6.900239,7.663067,-0.762828,-0.400539
10.607000,6.909329,7.672278,-0.762949,-0.400406
10.608000,6.918408,7.681477,-0.763069,-0.400272
10.609000,6.927476,7.690664,-0.763188,-0.400137
10.610000,6.936533,7.699838,-0.763305,-0.400001
10.611000,6.945579,7.709000,-0.763421,-0.399865
10.612000,6.954614,7.718150,-0.763535,-0.399728
10.613000,6.963639,7.727287,-0.763649,-0.399590
10.614000,6.972652,7.736412,-0.763760,-0.399451
10.615000,6.981654,7.745525,-0.763871,-0.399312
10.616000,6.990645,7.754625,-0.763980,-0.399172
10.617000,6.999626,7.763713,-0.764088,-0.399031
10.618000,7.008595,7.772789,-0.764194,-0.398890
10.619000,7.017553,7.781852,-0.764299,-0.398748
10.620000,7.026500,7.790902,-0.764403,-0.398605
10.621000,7.035436,7.799940,-0.764505,-0.398461
10.622000,7.044360,7.808966,-0.764606,-0.398317
10.623000,7.053274,7.817979,-0.764705,-0.398172
10.624000,7.062176,7.826980,-0.764804,-0.398026
10.625000,7.071068,7.835968,-0.764901,-0.397879
10.626000,7.079948,7.844944,-0.764996,-0.397732
10.627000,7.088817,7.853907,-0.765090,-0.397584
10.628000,7.097675,7.862858,-0.765183,-0.397435
10.629000,7.106521,7.871796,-0.765274,-0.397286
10.630000,7.115357,7.880721,-0.765365,-0.397136
10.631000,7.124181,7.889634,-0.765453,-0.396985
10.632000,7.132994,7.898534,-0.765541,-0.396833
10.633000,7.141795,7.907422,-0.765627,-0.396681
10.634000,7.150586,7.916297,-0.765711,-0.396528
10.635000,7.159365,7.925159,-0.765795,-0.396374
10.636000,7.168133,7.934009,-0.765876,-0.396220
10.637000,7.176889,7.942846,-0.765957,-0.396065
10.638000,7.185634,7.951670,-0.766036,-0.395909
10.639000,7.194368,7.960482,-0.766114,-0.395752
10.640000,7.203090,7.969281,-0.766191,-0.395595
10.641000,7.211801,7.978067,-0.766266,-0.395437
10.642000,7.220501,7.986840,-0.766339,-0.395278
10.643000,7.229189,7.995601,-0.766412,-0.395118
10.644000,7.237866,8.004349,-0.766483,-0.394958
10.645000,7.246531,8.013084,-0.766553,-0.394797
10.646000,7.255185,8.021806,-0.766621,-0.394636
10.647000,7.263828,8.030516,-0.766688,-0.394473
10.648000,7.272459,8.039212,-0.766753,-0.394310
10.649000,7.281078,8.047896,-0.766818,-0.394147
10.650000,7.289686,8.056567,-0.766881,-0.393982
10.651000,7.298283,8.065225,-0.766942,-0.393817
10.652000,7.306868,8.073870,-0.767002,-0.393651
10.653000,7.315441,8.082502,-0.767061,-0.393485
10.654000,7.324003,8.091121,-0.767118,-0.393317
10.655000,7.332553,8.099728,-0.767174,-0.393149
10.656000,7.341092,8.108321,-0.767229,-0.392981
10.657000,7.349619,8.116902,-0.767282,-0.392811
10.658000,7.358135,8.125469,-0.767334,-0.392641
10.659000,7.366639,8.134024,-0.767385,-0.392470
10.660000,7.375131,8.142565,-0.767434,-0.392299
10.661000,7.383612,8.151094,-0.767482,-0.392127
10.662000,7.392081,8.159609,-0.767528,-0.391954
10.663000,7.400538,8.168112,-0.767574,-0.391780
10.664000,7.408984,8.176601,-0.767617,-0.391606
10.665000,7.417418,8.185078,-0.767660,-0.391431
10.666000,7.425840,8.193541,-0.767701,-0.391255
10.667000,7.434250,8.201991,-0.767741,-0.391079
10.668000,7.442649,8.210428,-0.767779,-0.390902
10.669000,7.451036,8.218852,-0.767816,-0.390724
10.670000,7.459411,8.227263,-0.767851,-0.390546
10.671000,7.467775,8.235660,-0.767886,-0.390367
10.672000,7.476127,8.244045,-0.767918,-0.390187
10.673000,7.484466,8.252416,-0.767950,-0.390006
10.674000,7.492794,8.260774,-0.767980,-0.389825
10.675000,7.501111,8.269119,-0.768009,-0.389643
10.676000,7.509415,8.277451,-0.768036,-0.389461
10.677000,7.517708,8.285770,-0.768062,-0.389277
10.678000,7.525988,8.294075,-0.768087,-0.389093
10.679000,7.534257,8.302367,-0.768110,-0.388909
10.680000,7.542514,8.310646,-0.768132,-0.388723
10.681000,7.550759,8.318911,-0.768153,-0.388537
10.682000,7.558992,8.327164,-0.768172,-0.388351
10.683000,7.567213,8.335402,-0.768190,-0.388163
10.684000,7.575422,8.343628,-0.768206,-0.387975
10.685000,7.583619,8.351840,-0.768221,-0.387786
10.686000,7.591804,8.360039,-0.768235,-0.387597
10.687000,7.599978,8.368225,-0.768247,-0.387407
10.688000,7.608139,8.376397,-0.768258,-0.387216
10.689000,7.616288,8.384556,-0.768268,-0.387025
10.690000,7.624425,8.392701,-0.768276,-0.386832
10.691000,7.632550,8.400833,-0.768283,-0.386640
10.692000,7.640663,8.408952,-0.768289,-0.386446
10.693000,7.648764,8.417057,-0.768293,-0.386252
10.694000,7.656853,8.425149,-0.768296,-0.386057
10.695000,7.664930,8.433227,-0.768297,-0.385862
10.696000,7.672995,8.441292,-0.768297,-0.385665
10.697000,7.681047,8.449343,-0.768296,-0.385468
10.698000,7.689088,8.457381,-0.768293,-0.385271
10.699000,7.697116,8.465405,-0.768289,-0.385073
10.700000,7.705132,8.473416,-0.768284,-0.384874
10.701000,7.713136,8.481413,-0.768277,-0.384674
10.702000,7.721128,8.489397,-0.768269,-0.384474
10.703000,7.729108,8.497367,-0.768259,-0.384273
10.704000,7.737075,8.505324,-0.768249,-0.384072
10.705000,7.745031,8.513267,-0.768236,-0.383869
10.706000,7.752974,8.521196,-0.768223,-0.383667
10.707000,7.760904,8.529112,-0.768208,-0.383463
10.708000,7.768823,8.537014,-0.768192,-0.383259
10.709000,7.776729,8.544903,-0.768174,-0.383054
10.710000,7.784623,8.552778,-0.768155,-0.382848
10.711000,7.792505,8.560639,-0.768134,-0.382642
10.712000,7.800374,8.568487,-0.768113,-0.382435
10.713000,7.808231,8.576321,-0.768090,-0.382228
10.714000,7.816076,8.584141,-0.768065,-0.382020
10.715000,7.823908,8.591947,-0.768039,-0.381811
10.716000,7.831728,8.599740,-0.768012,-0.381601
10.717000,7.839536,8.607519,-0.767983,-0.381391
10.718000,7.847331,8.615284,-0.767953,-0.381181
10.719000,7.855114,8.623036,-0.767922,-0.380969
10.720000,7.862884,8.630774,-0.767890,-0.380757
10.721000,7.870642,8.638498,-0.767855,-0.380544
10.722000,7.878388,8.646208,-0.767820,-0.380331
10.723000,7.886121,8.653904,-0.767783,-0.380117
10.724000,7.893842,8.661587,-0.767745,-0.379902
10.725000,7.901550,8.669256,-0.767706,-0.379687
10.726000,7.909246,8.676911,-0.767665,-0.379471
10.727000,7.916929,8.684552,-0.767623,-0.379254
10.728000,7.924600,8.692179,-0.767579,-0.379037
10.729000,7.932258,8.699792,-0.767534,-0.378819
10.730000,7.939904,8.707392,-0.767488,-0.378600
10.731000,7.947537,8.714977,-0.767440,-0.378381
10.732000,7.955158,8.722549,-0.767391,-0.378161
10.733000,7.962766,8.730107,-0.767341,-0.377941
10.734000,7.970361,8.737651,-0.767289,-0.377720
10.735000,7.977944,8.745181,-0.767236,-0.377498
10.736000,7.985515,8.752696,-0.767182,-0.377275
10.737000,7.993072,8.760198,-0.767126,-0.377052
10.738000,8.000618,8.767686,-0.767069,-0.376829
10.739000,8.008150,8.775160,-0.767010,-0.376604
10.740000,8.015670,8.782620,-0.766950,-0.376379
10.741000,8.023177,8.790066,-0.766889,-0.376154
10.742000,8.030672,8.797498,-0.766826,-0.375927
10.743000,8.038153,8.804916,-0.766763,-0.375700
10.744000,8.045622,8.812320,-0.766697,-0.375473
10.745000,8.053079,8.819709,-0.766631,-0.375245
10.746000,8.060523,8.827085,-0.766563,-0.375016
10.747000,8.067954,8.834447,-0.766493,-0.374787
10.748000,8.075372,8.841794,-0.766422,-0.374557
10.749000,8.082777,8.849128,-0.766350,-0.374326
10.750000,8.090170,8.856447,-0.766277,-0.374095
10.751000,8.097550,8.863752,-0.766202,-0.373863
10.752000,8.104917,8.871043,-0.766126,-0.373630
10.753000,8.112271,8.878320,-0.766048,-0.373397
10.754000,8.119613,8.885582,-0.765969,-0.373163
10.755000,8.126942,8.892831,-0.765889,-0.372929
10.756000,8.134258,8.900065,-0.765808,-0.372694
10.757000,8.141561,8.907285,-0.765725,-0.372458
10.758000,8.148851,8.914491,-0.765640,-0.372222
10.759000,8.156128,8.921683,-0.765555,-0.371985
10.760000,8.163393,8.928860,-0.765468,-0.371747
10.761000,8.170644,8.936024,-0.765379,-0.371509
10.762000,8.177883,8.943172,-0.765290,-0.371271
10.763000,8.185108,8.950307,-0.765199,-0.371031
10.764000,8.192321,8.957428,-0.765106,-0.370791
10.765000,8.199521,8.964534,-0.765013,-0.370551
10.766000,8.206708,8.971625,-0.764917,-0.370309
10.767000,8.213882,8.978703,-0.764821,-0.370068
10.768000,8.221043,8.985766,-0.764723,-0.369825
10.769000,8.228191,8.992815,-0.764624,-0.369582
10.770000,8.235326,8.999849,-0.764524,-0.369338
10.771000,8.242448,9.006870,-0.764422,-0.369094
10.772000,8.249557,9.013875,-0.764318,-0.368849
10.773000,8.256653,9.020867,-0.764214,-0.368604
10.774000,8.263736,9.027844,-0.764108,-0.368358
10.775000,8.270806,9.034807,-0.764001,-0.368111
10.776000,8.277863,9.041755,-0.763892,-0.367864
10.777000,8.284906,9.048689,-0.763782,-0.367616
10.778000,8.291937,9.055608,-0.763671,-0.367367
10.779000,8.298955,9.062513,-0.763558,-0.367118
10.780000,8.305959,9.069403,-0.763444,-0.366869
10.781000,8.312950,9.076279,-0.763329,-0.366618
10.782000,8.319929,9.083141,-0.763212,-0.366367
10.783000,8.326894,9.089988,-0.763094,-0.366116
10.784000,8.333846,9.096821,-0.762975,-0.365864
10.785000,8.340784,9.103639,-0.762854,-0.365611
10.786000,8.347710,9.110442,-0.762732,-0.365358
10.787000,8.354622,9.117231,-0.762609,-0.365104
10.788000,8.361522,9.124006,-0.762484,-0.364849
10.789000,8.368408,9.130766,-0.762358,-0.364594
10.790000,8.375280,9.137511,-0.762231,-0.364339
10.791000,8.382140,9.144242,-0.762102,-0.364082
10.792000,8.388986,9.150958,-0.761972,-0.363826
10.793000,8.395819,9.157660,-0.761840,-0.363568
10.794000,8.402639,9.164347,-0.761708,-0.363310
10.795000,8.409446,9.171019,-0.761574,-0.363051
10.796000,8.416239,9.177677,-0.761438,-0.362792
10.797000,8.423019,9.184320,-0.761301,-0.362532
10.798000,8.429786,9.190949,-0.761163,-0.362272
10.799000,8.436539,9.197563,-0.761024,-0.362011
10.800000,8.443279,9.204162,-0.760883,-0.361750
10.801000,8.450006,9.210747,-0.760741,-0.361488
10.802000,8.456719,9.217317,-0.760597,-0.361225
10.803000,8.463419,9.223872,-0.760453,-0.360962
10.804000,8.470106,9.230413,-0.760307,-0.360698
10.805000,8.476779,9.236938,-0.760159,-0.360433
10.806000,8.483439,9.243450,-0.760010,-0.360168
10.807000,8.490086,9.249946,-0.759860,-0.359903
10.808000,8.496719,9.256428,-0.759709,-0.359636
10.809000,8.503339,9.262894,-0.759556,-0.359370
10.810000,8.509945,9.269347,-0.759402,-0.359102
10.811000,8.516538,9.275784,-0.759246,-0.358835
10.812000,8.523117,9.282207,-0.759090,-0.358566
10.813000,8.529683,9.288614,-0.758931,-0.358297
10.814000,8.536235,9.295007,-0.758772,-0.358027
10.815000,8.542774,9.301386,-0.758611,-0.357757
10.816000,8.549300,9.307749,-0.758449,-0.357487
10.817000,8.555812,9.314097,-0.758286,-0.357215
10.818000,8.562310,9.320431,-0.758121,-0.356943
10.819000,8.568795,9.326750,-0.757955,-0.356671
10.820000,8.575267,9.333054,-0.757787,-0.356398
10.821000,8.581724,9.339343,-0.757619,-0.356124
10.822000,8.588169,9.345617,-0.757449,-0.355850
10.823000,8.594599,9.351877,-0.757277,-0.355576
10.824000,8.601017,9.358121,-0.757105,-0.355300
10.825000,8.607420,9.364351,-0.756931,-0.355025
10.826000,8.613810,9.370566,-0.756755,-0.354748
10.827000,8.620187,9.376765,-0.756579,-0.354471
10.828000,8.626549,9.382950,-0.756401,-0.354194
10.829000,8.632899,9.389120,-0.756221,-0.353916
10.830000,8.639234,9.395275,-0.756041,-0.353637
10.831000,8.645556,9.401415,-0.755859,-0.353358
10.832000,8.651864,9.407540,-0.755675,-0.353078
10.833000,8.658159,9.413650,-0.755491,-0.352798
10.834000,8.664440,9.419745,-0.755305,-0.352517
10.835000,8.670707,9.425825,-0.755118,-0.352236
10.836000,8.676961,9.431890,-0.754929,-0.351954
10.837000,8.683200,9.437940,-0.754739,-0.351671
10.838000,8.689426,9.443975,-0.754548,-0.351388
10.839000,8.695639,9.449995,-0.754356,-0.351105
10.840000,8.701838,9.456000,-0.754162,-0.350821
10.841000,8.708022,9.461989,-0.753967,-0.350536
10.842000,8.714194,9.467964,-0.753771,-0.350251
10.843000,8.720351,9.473924,-0.753573,-0.349965
10.844000,8.726495,9.479868,-0.753374,-0.349679
10.845000,8.732625,9.485798,-0.753173,-0.349392
10.846000,8.738741,9.491712,-0.752972,-0.349105
10.847000,8.744843,9.497612,-0.752769,-0.348817
10.848000,8.750931,9.503496,-0.752565,-0.348528
10.849000,8.757006,9.509365,-0.752359,-0.348239
10.850000,8.763067,9.515219,-0.752152,-0.347950
10.851000,8.769114,9.521058,-0.751944,-0.347660
10.852000,8.775147,9.526881,-0.751734,-0.347369
10.853000,8.781166,9.532690,-0.751524,-0.347078
10.854000,8.787172,9.538483,-0.751312,-0.346787
10.855000,8.793163,9.544261,-0.751098,-0.346494
10.856000,8.799141,9.550024,-0.750883,-0.346202
10.857000,8.805104,9.555772,-0.750667,-0.345908
10.858000,8.811054,9.561504,-0.750450,-0.345615
10.859000,8.816990,9.567222,-0.750232,-0.345320
10.860000,8.822912,9.572924,-0.750012,-0.345026
10.861000,8.828820,9.578611,-0.749790,-0.344730
10.862000,8.834714,9.584282,-0.749568,-0.344434
10.863000,8.840595,9.589939,-0.749344,-0.344138
10.864000,8.846461,9.595580,-0.749119,-0.343841
10.865000,8.852313,9.601206,-0.748893,-0.343544
10.866000,8.858151,9.606816,-0.748665,-0.343246
10.867000,8.863976,9.612412,-0.748436,-0.342947
10.868000,8.869786,9.617992,-0.748206,-0.342648
10.869000,8.875582,9.623556,-0.747974,-0.342349
10.870000,8.881364,9.629106,-0.747741,-0.342048
10.871000,8.887133,9.634640,-0.747507,-0.341748
10.872000,8.892887,9.640159,-0.747272,-0.341447
10.873000,8.898627,9.645662,-0.747035,-0.341145
10.874000,8.904353,9.651150,-0.746797,-0.340843
10.875000,8.910065,9.656623,-0.746558,-0.340540
10.876000,8.915763,9.662080,-0.746317,-0.340237
10.877000,8.921447,9.667522,-0.746075,-0.339934
10.878000,8.927117,9.672949,-0.745832,-0.339629
10.879000,8.932773,9.678360,-0.745588,-0.339325
10.880000,8.938414,9.683756,-0.745342,-0.339020
10.881000,8.944042,9.689137,-0.745095,-0.338714
10.882000,8.949655,9.694502,-0.744847,-0.338408
10.883000,8.955254,9.699851,-0.744597,-0.338101
10.884000,8.960839,9.705186,-0.744346,-0.337794
10.885000,8.966410,9.710504,-0.744094,-0.337486
10.886000,8.971967,9.715808,-0.743841,-0.337178
10.887000,8.977510,9.721096,-0.743586,-0.336869
10.888000,8.983038,9.726368,-0.743330,-0.336560
10.889000,8.988552,9.731625,-0.743073,-0.336250
10.890000,8.994053,9.736867,-0.742814,-0.335940
10.891000,8.999538,9.742093,-0.742554,-0.335629
10.892000,9.005010,9.747303,-0.742293,-0.335318
10.893000,9.010467,9.752498,-0.742031,-0.335006
10.894000,9.015911,9.757678,-0.741767,-0.334694
10.895000,9.021340,9.762842,-0.741502,-0.334381
10.896000,9.026754,9.767990,-0.741236,-0.334068
10.897000,9.032155,9.773123,-0.740969,-0.333754
10.898000,9.037541,9.778241,-0.740700,-0.333440
10.899000,9.042913,9.783343,-0.740430,-0.333126
10.900000,9.048271,9.788429,-0.740159,-0.332810
10.901000,9.053614,9.793500,-0.739886,-0.332495
10.902000,9.058943,9.798555,-0.739612,-0.332179
10.903000,9.064258,9.803595,-0.739337,-0.331862
10.904000,9.069558,9.808619,-0.739061,-0.331545
10.905000,9.074844,9.813628,-0.738783,-0.331227
10.906000,9.080116,9.818621,-0.738505,-0.330909
10.907000,9.085373,9.823598,-0.738225,-0.330590
10.908000,9.090617,9.828560,-0.737943,-0.330271
10.909000,9.095845,9.833506,-0.737661,-0.329952
10.910000,9.101060,9.838436,-0.737377,-0.329632
10.911000,9.106260,9.843351,-0.737092,-0.329311
10.912000,9.111445,9.848251,-0.736805,-0.328990
10.913000,9.116617,9.853134,-0.736518,-0.328669
10.914000,9.121773,9.858002,-0.736229,-0.328347
10.915000,9.126916,9.862854,-0.735938,-0.328024
10.916000,9.132044,9.867691,-0.735647,-0.327702
10.917000,9.137158,9.872512,-0.735354,-0.327378
10.918000,9.142257,9.877317,-0.735060,-0.327054
10.919000,9.147341,9.882107,-0.734765,-0.326730
10.920000,9.152412,9.886881,-0.734469,-0.326405
10.921000,9.157468,9.891639,-0.734171,-0.326080
10.922000,9.162509,9.896381,-0.733872,-0.325754
10.923000,9.167536,9.901108,-0.733572,-0.325428
10.924000,9.172548,9.905819,-0.733271,-0.325101
10.925000,9.177546,9.910514,-0.732968,-0.324774
10.926000,9.182530,9.915194,-0.732664,-0.324447
10.927000,9.187499,9.919858,-0.732359,-0.324119
10.928000,9.192453,9.924506,-0.732053,-0.323790
10.929000,9.197393,9.929138,-0.731745,-0.323461
10.930000,9.202318,9.933755,-0.731436,-0.323131
10.931000,9.207229,9.938355,-0.731126,-0.322802
10.932000,9.212126,9.942940,-0.730815,-0.322471
10.933000,9.217007,9.947509,-0.730502,-0.322140
10.934000,9.221875,9.952063,-0.730188,-0.321809
10.935000,9.226727,9.956601,-0.729873,-0.321477
10.936000,9.231566,9.961122,-0.729557,-0.321145
10.937000,9.236389,9.965628,-0.729239,-0.320812
10.938000,9.241198,9.970118,-0.728921,-0.320479
10.939000,9.245992,9.974593,-0.728601,-0.320146
10.940000,9.250772,9.979051,-0.728279,-0.319812
10.941000,9.255537,9.983494,-0.727957,-0.319477
10.942000,9.260288,9.987921,-0.727633,-0.319142
10.943000,9.265024,9.992332,-0.727308,-0.318807
10.944000,9.269745,9.996727,-0.726982,-0.318471
10.945000,9.274452,10.001106,-0.726655,-0.318134
10.946000,9.279144,10.005470,-0.726326,-0.317798
10.947000,9.283821,10.009817,-0.725996,-0.317461
10.948000,9.288484,10.014149,-0.725665,-0.317123
10.949000,9.293132,10.018465,-0.725333,-0.316785
10.950000,9.297765,10.022764,-0.724999,-0.316446
10.951000,9.302384,10.027048,-0.724665,-0.316107
10.952000,9.306987,10.031316,-0.724329,-0.315768
10.953000,9.311577,10.035568,-0.723992,-0.315428
10.954000,9.316151,10.039805,-0.723653,-0.315088
10.955000,9.320711,10.044025,-0.723314,-0.314747
10.956000,9.325256,10.048229,-0.722973,-0.314406
10.957000,9.329787,10.052418,-0.722631,-0.314064
10.958000,9.334302,10.056590,-0.722288,-0.313722
10.959000,9.338803,10.060747,-0.721943,-0.313380
10.960000,9.343289,10.064887,-0.721598,-0.313037
10.961000,9.347761,10.069012,-0.721251,-0.312693
10.962000,9.352218,10.073120,-0.720903,-0.312349
10.963000,9.356659,10.077213,-0.720553,-0.312005
10.964000,9.361087,10.081289,-0.720203,-0.311660
10.965000,9.365499,10.085350,-0.719851,-0.311315
10.966000,9.369896,10.089395,-0.719498,-0.310970
10.967000,9.374279,10.093423,-0.719144,-0.310624
10.968000,9.378647,10.097436,-0.718789,-0.310277
10.969000,9.383000,10.101433,-0.718432,-0.309931
10.970000,9.387339,10.105413,-0.718075,-0.309583
10.971000,9.391662,10.109378,-0.717716,-0.309236
10.972000,9.395971,10.113326,-0.717356,-0.308888
10.973000,9.400265,10.117259,-0.716994,-0.308539
10.974000,9.404544,10.121176,-0.716632,-0.308190
10.975000,9.408808,10.125076,-0.716268,-0.307841
10.976000,9.413057,10.128960,-0.715903,-0.307491
10.977000,9.417291,10.132829,-0.715537,-0.307141
10.978000,9.421511,10.136681,-0.715170,-0.306790
10.979000,9.425716,10.140517,-0.714802,-0.306439
10.980000,9.429905,10.144337,-0.714432,-0.306088
10.981000,9.434080,10.148141,-0.714061,-0.305736
10.982000,9.438240,10.151929,-0.713689,-0.305383
10.983000,9.442385,10.155701,-0.713316,-0.305031
10.984000,9.446515,10.159457,-0.712941,-0.304677
10.985000,9.450631,10.163197,-0.712566,-0.304324
10.986000,9.454731,10.166920,-0.712189,-0.303970
10.987000,9.458816,10.170628,-0.711811,-0.303616
10.988000,9.462887,10.174319,-0.711432,-0.303261
10.989000,9.466942,10.177994,-0.711052,-0.302906
10.990000,9.470983,10.181653,-0.710670,-0.302550
10.991000,9.475009,10.185296,-0.710287,-0.302194
10.992000,9.479019,10.188923,-0.709904,-0.301837
10.993000,9.483015,10.192534,-0.709518,-0.301481
10.994000,9.486996,10.196128,-0.709132,-0.301123
10.995000,9.490961,10.199706,-0.708745,-0.300766
10.996000,9.494912,10.203269,-0.708356,-0.300408
10.997000,9.498848,10.206815,-0.707967,-0.300049
10.998000,9.502769,10.210344,-0.707576,-0.299690
10.999000,9.506674,10.213858,-0.707184,-0.299331
11.000000,9.510565,10.217356,-0.706790,-0.298971
11.001000,9.514441,10.220837,-0.706396,-0.298611
11.002000,9.518302,10.224302,-0.706000,-0.298251
11.003000,9.522147,10.227751,-0.705604,-0.297890
11.004000,9.525978,10.231184,-0.705206,-0.297529
11.005000,9.529793,10.234600,-0.704807,-0.297167
11.006000,9.533594,10.238000,-0.704406,-0.296805
11.007000,9.537379,10.241385,-0.704005,-0.296443
11.008000,9.541150,10.244752,-0.703603,-0.296080
11.009000,9.544905,10.248104,-0.703199,-0.295717
11.010000,9.548645,10.251439,-0.702794,-0.295353
11.011000,9.552371,10.254759,-0.702388,-0.294989
11.012000,9.556081,10.258062,-0.701981,-0.294625
11.013000,9.559776,10.261348,-0.701572,-0.294260
11.014000,9.563456,10.264619,-0.701163,-0.293895
11.015000,9.567121,10.267873,-0.700752,-0.293529
11.016000,9.570770,10.271111,-0.700341,-0.293163
11.017000,9.574405,10.274332,-0.699928,-0.292797
11.018000,9.578024,10.277538,-0.699514,-0.292430
11.019000,9.581629,10.280727,-0.699098,-0.292063
11.020000,9.585218,10.283900,-0.698682,-0.291695
11.021000,9.588792,10.287056,-0.698264,-0.291328
11.022000,9.592351,10.290197,-0.697846,-0.290959
11.023000,9.595895,10.293321,-0.697426,-0.290591
11.024000,9.599423,10.296428,-0.697005,-0.290222
11.025000,9.602937,10.299520,-0.696583,-0.289852
11.026000,9.606435,10.302595,-0.696160,-0.289482
11.027000,9.609918,10.305654,-0.695735,-0.289112
11.028000,9.613386,10.308696,-0.695310,-0.288742
11.029000,9.616839,10.311722,-0.694883,-0.288371
11.030000,9.620277,10.314732,-0.694455,-0.288000
11.031000,9.623699,10.317726,-0.694027,-0.287628
11.032000,9.627106,10.320703,-0.693597,-0.287256
11.033000,9.630498,10.323664,-0.693165,-0.286883
11.034000,9.633875,10.326608,-0.692733,-0.286511
11.035000,9.637237,10.329536,-0.692300,-0.286138
11.036000,9.640583,10.332448,-0.691865,-0.285764
11.037000,9.643914,10.335344,-0.691429,-0.285390
11.038000,9.647230,10.338223,-0.690993,-0.285016
11.039000,9.650531,10.341086,-0.690555,-0.284641
11.040000,9.653816,10.343932,-0.690116,-0.284266
11.041000,9.657087,10.346762,-0.689675,-0.283891
11.042000,9.660342,10.349576,-0.689234,-0.283515
11.043000,9.663581,10.352373,-0.688792,-0.283139
11.044000,9.666806,10.355154,-0.688348,-0.282763
11.045000,9.670015,10.357918,-0.687904,-0.282386
11.046000,9.673209,10.360667,-0.687458,-0.282009
11.047000,9.676387,10.363398,-0.687011,-0.281631
11.048000,9.679551,10.366114,-0.686563,-0.281253
11.049000,9.682699,10.368813,-0.686114,-0.280875
11.050000,9.685832,10.371495,-0.685664,-0.280496
11.051000,9.688949,10.374161,-0.685212,-0.280117
11.052000,9.692051,10.376811,-0.684760,-0.279738
11.053000,9.695138,10.379445,-0.684306,-0.279358
11.054000,9.698210,10.382062,-0.683852,-0.278978
11.055000,9.701266,10.384662,-0.683396,-0.278598
11.056000,9.704307,10.387246,-0.682939,-0.278217
11.057000,9.707333,10.389814,-0.682481,-0.277836
11.058000,9.710343,10.392365,-0.682022,-0.277455
11.059000,9.713338,10.394900,-0.681562,-0.277073
11.060000,9.716317,10.397418,-0.681101,-0.276691
11.061000,9.719282,10.399920,-0.680639,-0.276308
11.062000,9.722231,10.402406,-0.680175,-0.275925
11.063000,9.725164,10.404875,-0.679711,-0.275542
11.064000,9.728082,10.407327,-0.679245,-0.275159
11.065000,9.730985,10.409763,-0.678778,-0.274775
11.066000,9.733873,10.412183,-0.678310,-0.274390
11.067000,9.736745,10.414586,-0.677842,-0.274006
11.068000,9.739601,10.416973,-0.677372,-0.273621
11.069000,9.742443,10.419343,-0.676900,-0.273236
11.070000,9.745269,10.421697,-0.676428,-0.272850
11.071000,9.748079,10.424034,-0.675955,-0.272464
11.072000,9.750874,10.426355,-0.675481,-0.272078
11.073000,9.753654,10.428660,-0.675005,-0.271691
11.074000,9.756419,10.430948,-0.674529,-0.271304
11.075000,9.759168,10.433219,-0.674051,-0.270917
11.076000,9.761901,10.435474,-0.673573,-0.270529
11.077000,9.764619,10.437712,-0.673093,-0.270141
11.078000,9.767322,10.439934,-0.672612,-0.269753
11.079000,9.770009,10.442140,-0.672130,-0.269364
11.080000,9.772681,10.444329,-0.671647,-0.268975
11.081000,9.775338,10.446501,-0.671163,-0.268586
11.082000,9.777979,10.448657,-0.670678,-0.268196
11.083000,9.780604,10.450796,-0.670192,-0.267806
11.084000,9.783214,10.452919,-0.669705,-0.267416
11.085000,9.785809,10.455026,-0.669217,-0.267025
11.086000,9.788388,10.457115,-0.668727,-0.266634
11.087000,9.790952,10.459189,-0.668237,-0.266243
11.088000,9.793500,10.461246,-0.667745,-0.265851
11.089000,9.796033,10.463286,-0.667253,-0.265459
11.090000,9.798551,10.465310,-0.666759,-0.265067
11.091000,9.801052,10.467317,-0.666264,-0.264674
11.092000,9.803539,10.469308,-0.665769,-0.264281
11.093000,9.806010,10.471282,-0.665272,-0.263888
11.094000,9.808465,10.473239,-0.664774,-0.263494
11.095000,9.810905,10.475180,-0.664275,-0.263101
11.096000,9.813330,10.477105,-0.663775,-0.262706
11.097000,9.815739,10.479013,-0.663274,-0.262312
11.098000,9.818132,10.480904,-0.662772,-0.261917
11.099000,9.820510,10.482779,-0.662269,-0.261522
11.100000,9.822873,10.484637,-0.661765,-0.261126
11.101000,9.825219,10.486479,-0.661260,-0.260730
11.102000,9.827551,10.488304,-0.660753,-0.260334
11.103000,9.829867,10.490113,-0.660246,-0.259938
11.104000,9.832167,10.491905,-0.659738,-0.259541
11.105000,9.834452,10.493681,-0.659228,-0.259144
11.106000,9.836721,10.495439,-0.658718,-0.258746
11.107000,9.838975,10.497182,-0.658207,-0.258349
11.108000,9.841213,10.498908,-0.657694,-0.257950
11.109000,9.843436,10.500617,-0.657181,-0.257552
11.110000,9.845643,10.502309,-0.656666,-0.257153
11.111000,9.847835,10.503985,-0.656150,-0.256754
11.112000,9.850011,10.505645,-0.655634,-0.256355
11.113000,9.852172,10.507288,-0.655116,-0.255956
11.114000,9.854317,10.508914,-0.654597,-0.255556
11.115000,9.856446,10.510524,-0.654078,-0.255155
11.116000,9.858560,10.512117,-0.653557,-0.254755
11.117000,9.860658,10.513693,-0.653035,-0.254354
11.118000,9.862741,10.515253,-0.652512,-0.253953
11.119000,9.864808,10.516796,-0.651989,-0.253551
11.120000,9.866859,10.518323,-0.651464,-0.253150
11.121000,9.868895,10.519833,-0.650938,-0.252748
11.122000,9.870916,10.521327,-0.650411,-0.252345
11.123000,9.872921,10.522804,-0.649883,-0.251943
11.124000,9.874910,10.524264,-0.649354,-0.251540
11.125000,9.876883,10.525708,-0.648824,-0.251136
11.126000,9.878841,10.527135,-0.648293,-0.250733
11.127000,9.880784,10.528545,-0.647761,-0.250329
11.128000,9.882711,10.529939,-0.647228,-0.249925
11.129000,9.884622,10.531316,-0.646694,-0.249520
11.130000,9.886517,10.532677,-0.646159,-0.249116
11.131000,9.888397,10.534021,-0.645623,-0.248711
11.132000,9.890262,10.535348,-0.645086,-0.248305
11.133000,9.892111,10.536659,-0.644548,-0.247900
11.134000,9.893944,10.537953,-0.644009,-0.247494
11.135000,9.895761,10.539230,-0.643469,-0.247087
11.136000,9.897563,10.540491,-0.642928,-0.246681
11.137000,9.899349,10.541736,-0.642386,-0.246274
11.138000,9.901120,10.542963,-0.641843,-0.245867
11.139000,9.902875,10.544174,-0.641299,-0.245460
11.140000,9.904614,10.545368,-0.640754,-0.245052
11.141000,9.906338,10.546546,-0.640208,-0.244644
11.142000,9.908046,10.547707,-0.639661,-0.244236
11.143000,9.909738,10.548852,-0.639113,-0.243827
11.144000,9.911415,10.549979,-0.638564,-0.243418
11.145000,9.913076,10.551091,-0.638014,-0.243009
11.146000,9.914722,10.552185,-0.637463,-0.242600
11.147000,9.916352,10.553263,-0.636911,-0.242190
11.148000,9.917966,10.554324,-0.636358,-0.241780
11.149000,9.919564,10.555369,-0.635804,-0.241370
11.150000,9.921147,10.556397,-0.635250,-0.240960
11.151000,9.922714,10.557408,-0.634694,-0.240549
11.152000,9.924266,10.558402,-0.634137,-0.240138
11.153000,9.925801,10.559380,-0.633579,-0.239726
11.154000,9.927322,10.560342,-0.633020,-0.239315
11.155000,9.928826,10.561286,-0.632460,-0.238903
11.156000,9.930315,10.562214,-0.631899,-0.238490
11.157000,9.931788,10.563126,-0.631338,-0.238078
11.158000,9.933245,10.564020,-0.630775,-0.237665
11.159000,9.934687,10.564898,-0.630211,-0.237252
11.160000,9.936113,10.565760,-0.629647,-0.236839
11.161000,9.937523,10.566604,-0.629081,-0.236425
11.162000,9.938918,10.567433,-0.628514,-0.236011
11.163000,9.940297,10.568244,-0.627947,-0.235597
11.164000,9.941660,10.569039,-0.627378,-0.235183
11.165000,9.943008,10.569817,-0.626809,-0.234768
11.166000,9.944340,10.570578,-0.626238,-0.234353
11.167000,9.945656,10.571323,-0.625667,-0.233938
11.168000,9.946956,10.572051,-0.625095,-0.233523
11.169000,9.948241,10.572762,-0.624521,-0.233107
11.170000,9.949510,10.573457,-0.623947,-0.232691
11.171000,9.950763,10.574135,-0.623372,-0.232275
11.172000,9.952001,10.574797,-0.622796,-0.231858
11.173000,9.953223,10.575441,-0.622218,-0.231441
11.174000,9.954429,10.576069,-0.621640,-0.231024
11.175000,9.955620,10.576681,-0.621061,-0.230607
11.176000,9.956794,10.577276,-0.620481,-0.230189
11.177000,9.957953,10.577854,-0.619900,-0.229771
11.178000,9.959097,10.578415,-0.619318,-0.229353
11.179000,9.960224,10.578960,-0.618736,-0.228935
11.180000,9.961336,10.579488,-0.618152,-0.228516
11.181000,9.962432,10.579999,-0.617567,-0.228097
11.182000,9.963513,10.580494,-0.616981,-0.227678
11.183000,9.964577,10.580972,-0.616395,-0.227258
11.184000,9.965626,10.581433,-0.615807,-0.226839
11.185000,9.966659,10.581878,-0.615219,-0.226419
11.186000,9.967677,10.582306,-0.614629,-0.225998
11.187000,9.968678,10.582717,-0.614039,-0.225578
11.188000,9.969664,10.583112,-0.613448,-0.225157
11.189000,9.970635,10.583490,-0.612856,-0.224736
11.190000,9.971589,10.583851,-0.612262,-0.224315
11.191000,9.972528,10.584196,-0.611668,-0.223894
11.192000,9.973451,10.584524,-0.611073,-0.223472
11.193000,9.974358,10.584835,-0.610478,-0.223050
11.194000,9.975249,10.585130,-0.609881,-0.222627
11.195000,9.976125,10.585408,-0.609283,-0.222205
11.196000,9.976985,10.585669,-0.608684,-0.221782
11.197000,9.977829,10.585914,-0.608085,-0.221359
11.198000,9.978658,10.586142,-0.607484,-0.220936
11.199000,9.979470,10.586353,-0.606883,-0.220512
11.200000,9.980267,10.586548,-0.606280,-0.220089
11.201000,9.981048,10.586725,-0.605677,-0.219665
11.202000,9.981814,10.586887,-0.605073,-0.219240
11.203000,9.982564,10.587031,-0.604468,-0.218816
11.204000,9.983297,10.587159,-0.603862,-0.218391
11.205000,9.984016,10.587270,-0.603255,-0.217966
11.206000,9.984718,10.587365,-0.602647,-0.217541
11.207000,9.985404,10.587443,-0.602038,-0.217115
11.208000,9.986075,10.587504,-0.601429,-0.216690
11.209000,9.986730,10.587548,-0.600818,-0.216259
11.210000,9.987370,10.587576,-0.600207,-0.215815
11.211000,9.987993,10.587587,-0.599594,-0.215302
11.212000,9.988601,10.587580,-0.598979,-0.214675
11.213000,9.989193,10.587555,-0.598362,-0.214009
11.214000,9.989769,10.587512,-0.597743,-0.213377
11.215000,9.990329,10.587452,-0.597123,-0.212775
11.216000,9.990874,10.587375,-0.596501,-0.212219
11.217000,9.991403,10.587280,-0.595877,-0.211677
11.218000,9.991916,10.587168,-0.595252,-0.211166
11.219000,9.992413,10.587040,-0.594626,-0.210683
11.220000,9.992895,10.586894,-0.593999,-0.210217
11.221000,9.993360,10.586732,-0.593371,-0.209753
11.222000,9.993810,10.586553,-0.592742,-0.209289
11.223000,9.994245,10.586357,-0.592112,-0.208825
11.224000,9.994663,10.586144,-0.591481,-0.208361
11.225000,9.995066,10.585914,-0.590849,-0.207897
11.226000,9.995452,10.585668,-0.590215,-0.207432
11.227000,9.995823,10.585405,-0.589581,-0.206967
11.228000,9.996179,10.585125,-0.588946,-0.206502
11.229000,9.996518,10.584828,-0.588309,-0.206037
11.230000,9.996842,10.584514,-0.587672,-0.205572
11.231000,9.997150,10.584184,-0.587034,-0.205106
11.232000,9.997442,10.583836,-0.586394,-0.204641
11.233000,9.997718,10.583472,-0.585754,-0.204175
11.234000,9.997979,10.583091,-0.585112,-0.203708
11.235000,9.998224,10.582693,-0.584470,-0.203242
11.236000,9.998452,10.582279,-0.583826,-0.202775
11.237000,9.998666,10.581848,-0.583182,-0.202309
11.238000,9.998863,10.581399,-0.582536,-0.201842
11.239000,9.999045,10.580934,-0.581890,-0.201375
11.240000,9.999210,10.580453,-0.581242,-0.200907
11.241000,9.999360,10.579954,-0.580594,-0.200440
11.242000,9.999495,10.579439,-0.579944,-0.199972
11.243000,9.999613,10.578907,-0.579294,-0.199504
11.244000,9.999716,10.578358,-0.578642,-0.199036
11.245000,9.999803,10.577792,-0.577990,-0.198568
11.246000,9.999874,10.577210,-0.577336,-0.198099
11.247000,9.999929,10.576610,-0.576681,-0.197631
11.248000,9.999968,10.575994,-0.576026,-0.197162
11.249000,9.999992,10.575362,-0.575369,-0.196693
11.250000,10.000000,10.574712,-0.574712,-0.196224
11.251000,9.999992,10.574045,-0.574053,-0.195754
11.252000,9.999968,10.573362,-0.573394,-0.195285
11.253000,9.999929,10.572662,-0.572733,-0.194815
11.254000,9.999874,10.571946,-0.572072,-0.194345
11.255000,9.999803,10.571212,-0.571410,-0.193875
11.256000,9.999716,10.570462,-0.570746,-0.193405
11.257000,9.999613,10.569695,-0.570082,-0.192934
11.258000,9.999495,10.568911,-0.569416,-0.192464
11.259000,9.999360,10.568110,-0.568750,-0.191993
11.260000,9.999210,10.567293,-0.568083,-0.191522
11.261000,9.999045,10.566459,-0.567414,-0.191051
11.262000,9.998863,10.565608,-0.566745,-0.190580
11.263000,9.998666,10.564741,-0.566075,-0.190108
11.264000,9.998452,10.563856,-0.565404,-0.189637
11.265000,9.998224,10.562955,-0.564732,-0.189165
11.266000,9.997979,10.562037,-0.564059,-0.188693
11.267000,9.997718,10.561103,-0.563385,-0.188221
11.268000,9.997442,10.560151,-0.562710,-0.187749
11.269000,9.997150,10.559183,-0.562034,-0.187277
11.270000,9.996842,10.558199,-0.561357,-0.186804
11.271000,9.996518,10.557197,-0.560679,-0.186331
11.272000,9.996179,10.556179,-0.560000,-0.185858
11.273000,9.995823,10.555144,-0.559320,-0.185385
11.274000,9.995452,10.554092,-0.558640,-0.184912
11.275000,9.995066,10.553024,-0.557958,-0.184439
11.276000,9.994663,10.551938,-0.557275,-0.183966
11.277000,9.994245,10.550836,-0.556592,-0.183492
11.278000,9.993810,10.549718,-0.555907,-0.183018
11.279000,9.993360,10.548582,-0.555222,-0.182544
11.280000,9.992895,10.547430,-0.554536,-0.182070
11.281000,9.992413,10.546262,-0.553848,-0.181596
11.282000,9.991916,10.545076,-0.553160,-0.181122
11.283000,9.991403,10.543874,-0.552471,-0.180647
11.284000,9.990874,10.542655,-0.551781,-0.180173
11.285000,9.990329,10.541420,-0.551090,-0.179698
11.286000,9.989769,10.540167,-0.550398,-0.179223
11.287000,9.989193,10.538898,-0.549706,-0.178748
11.288000,9.988601,10.537613,-0.549012,-0.178273
11.289000,9.987993,10.536310,-0.548317,-0.177798
11.290000,9.987370,10.534991,-0.547622,-0.177322
11.291000,9.986730,10.533656,-0.546925,-0.176847
11.292000,9.986075,10.532303,-0.546228,-0.176371
11.293000,9.985404,10.530934,-0.545530,-0.175895
11.294000,9.984718,10.529548,-0.544831,-0.175419
11.295000,9.984016,10.528146,-0.544131,-0.174943
11.296000,9.983297,10.526727,-0.543430,-0.174467
11.297000,9.982564,10.525291,-0.542728,-0.173990
11.298000,9.981814,10.523839,-0.542025,-0.173514
11.299000,9.981048,10.522370,-0.541321,-0.173037
11.300000,9.980267,10.520884,-0.540617,-0.172560
11.301000,9.979470,10.519382,-0.539911,-0.172084
11.302000,9.978658,10.517863,-0.539205,-0.171607
11.303000,9.977829,10.516327,-0.538498,-0.171129
11.304000,9.976985,10.514775,-0.537790,-0.170652
11.305000,9.976125,10.513206,-0.537081,-0.170175
11.306000,9.975249,10.511620,-0.536371,-0.169697
11.307000,9.974358,10.510018,-0.535660,-0.169220
11.308000,9.973451,10.508399,-0.534949,-0.168742
11.309000,9.972528,10.506764,-0.534236,-0.168264
11.310000,9.971589,10.505112,-0.533523,-0.167786
11.311000,9.970635,10.503443,-0.532809,-0.167308
11.312000,9.969664,10.501758,-0.532093,-0.166830
11.313000,9.968678,10.500056,-0.531378,-0.166352
11.314000,9.967677,10.498337,-0.530661,-0.165873
11.315000,9.966659,10.496602,-0.529943,-0.165395
11.316000,9.965626,10.494851,-0.529224,-0.164916
11.317000,9.964577,10.493082,-0.528505,-0.164437
11.318000,9.963513,10.491297,-0.527785,-0.163958
11.319000,9.962432,10.489496,-0.527064,-0.163480
11.320000,9.961336,10.487678,-0.526342,-0.163000
11.321000,9.960224,10.485843,-0.525619,-0.162521
11.322000,9.959097,10.483992,-0.524895,-0.162042
11.323000,9.957953,10.482124,-0.524171,-0.161563
11.324000,9.956794,10.480240,-0.523445,-0.161083
11.325000,9.955620,10.478339,-0.522719,-0.160604
11.326000,9.954429,10.476421,-0.521992,-0.160124
11.327000,9.953223,10.474487,-0.521264,-0.159644
11.328000,9.952001,10.472536,-0.520535,-0.159164
11.329000,9.950763,10.470569,-0.519806,-0.158684
11.330000,9.949510,10.468586,-0.519075,-0.158204
11.331000,9.948241,10.466585,-0.518344,-0.157724
11.332000,9.946956,10.464568,-0.517612,-0.157244
11.333000,9.945656,10.462535,-0.516879,-0.156763
11.334000,9.944340,10.460485,-0.516145,-0.156283
11.335000,9.943008,10.458419,-0.515411,-0.155802
11.336000,9.941660,10.456336,-0.514676,-0.155322
11.337000,9.940297,10.454236,-0.513939,-0.154841
11.338000,9.938918,10.452120,-0.513202,-0.154360
11.339000,9.937523,10.449988,-0.512465,-0.153879
11.340000,9.936113,10.447839,-0.511726,-0.153398
11.341000,9.934687,10.445673,-0.510986,-0.152917
11.342000,9.933245,10.443491,-0.510246,-0.152436
11.343000,9.931788,10.441293,-0.509505,-0.151955
11.344000,9.930315,10.439078,-0.508763,-0.151474
11.345000,9.928826,10.436847,-0.508021,-0.150992
11.346000,9.927322,10.434599,-0.507277,-0.150511
11.347000,9.925801,10.432334,-0.506533,-0.150029
11.348000,9.924266,10.430053,-0.505788,-0.149547
11.349000,9.922714,10.427756,-0.505042,-0.149066
11.350000,9.921147,10.425442,-0.504295,-0.148584
11.351000,9.919564,10.423112,-0.503548,-0.148102
11.352000,9.917966,10.420765,-0.502799,-0.147620
11.353000,9.916352,10.418402,-0.502050,-0.147138
11.354000,9.914722,10.416022,-0.501301,-0.146656
11.355000,9.913076,10.413626,-0.500550,-0.146174
11.356000,9.911415,10.411214,-0.499799,-0.145691
11.357000,9.909738,10.408785,-0.499046,-0.145209
11.358000,9.908046,10.406339,-0.498293,-0.144726
11.359000,9.906338,10.403878,-0.497540,-0.144244
11.360000,9.904614,10.401399,-0.496785,-0.143761
11.361000,9.902875,10.398905,-0.496030,-0.143279
11.362000,9.901120,10.396394,-0.495274,-0.142796
11.363000,9.899349,10.393866,-0.494517,-0.142313
11.364000,9.897563,10.391322,-0.493759,-0.141830
11.365000,9.895761,10.388762,-0.493001,-0.141348
11.366000,9.893944,10.386186,-0.492242,-0.140865
11.367000,9.892111,10.383593,-0.491482,-0.140382
11.368000,9.890262,10.380983,-0.490721,-0.139898
11.369000,9.888397,10.378357,-0.489960,-0.139415
11.370000,9.886517,10.375715,-0.489198,-0.138932
11.371000,9.884622,10.373057,-0.488435,-0.138449
11.372000,9.882711,10.370382,-0.487671,-0.137965
11.373000,9.880784,10.367691,-0.486907,-0.137482
11.374000,9.878841,10.364983,-0.486142,-0.136999
11.375000,9.876883,10.362259,-0.485376,-0.136515
11.376000,9.874910,10.359519,-0.484609,-0.136031
11.377000,9.872921,10.356762,-0.483842,-0.135548
11.378000,9.870916,10.353990,-0.483074,-0.135064
11.379000,9.868895,10.351200,-0.482305,-0.134580
11.380000,9.866859,10.348395,-0.481535,-0.134097
11.381000,9.864808,10.345573,-0.480765,-0.133613
11.382000,9.862741,10.342735,-0.479994,-0.133129
11.383000,9.860658,10.339880,-0.479222,-0.132645
11.384000,9.858560,10.337009,-0.478450,-0.132161
11.385000,9.856446,10.334122,-0.477676,-0.131677
11.386000,9.854317,10.331219,-0.476902,-0.131193
11.387000,9.852172,10.328299,-0.476128,-0.130709
11.388000,9.850011,10.325363,-0.475352,-0.130224
11.389000,9.847835,10.322411,-0.474576,-0.129740
11.390000,9.845643,10.319443,-0.473799,-0.129256
11.391000,9.843436,10.316458,-0.473022,-0.128771
11.392000,9.841213,10.313457,-0.472243,-0.128287
11.393000,9.838975,10.310440,-0.471464,-0.127803
11.394000,9.836721,10.307406,-0.470685,-0.127318
11.395000,9.834452,10.304356,-0.469904,-0.126834
11.396000,9.832167,10.301290,-0.469123,-0.126349
11.397000,9.829867,10.298208,-0.468341,-0.125864
11.398000,9.827551,10.295110,-0.467559,-0.125380
11.399000,9.825219,10.291995,-0.466776,-0.124895
11.400000,9.822873,10.288864,-0.465992,-0.124410
11.401000,9.820510,10.285717,-0.465207,-0.123926
11.402000,9.818132,10.282554,-0.464422,-0.123441
11.403000,9.815739,10.279375,-0.463636,-0.122956
11.404000,9.813330,10.276179,-0.462849,-0.122471
11.405000,9.810905,10.272967,-0.462062,-0.121986
11.406000,9.808465,10.269739,-0.461274,-0.121501
11.407000,9.806010,10.266495,-0.460485,-0.121016
11.408000,9.803539,10.263235,-0.459696,-0.120531
11.409000,9.801052,10.259958,-0.458906,-0.120046
11.410000,9.798551,10.256665,-0.458115,-0.119561
11.411000,9.796033,10.253357,-0.457323,-0.119076
11.412000,9.793500,10.250032,-0.456531,-0.118591
11.413000,9.790952,10.246691,-0.455739,-0.118106
11.414000,9.788388,10.243333,-0.454945,-0.117621
11.415000,9.785809,10.239960,-0.454151,-0.117136
11.416000,9.783214,10.236571,-0.453356,-0.116650
11.417000,9.780604,10.233165,-0.452561,-0.116165
11.418000,9.777979,10.229743,-0.451765,-0.115680
11.419000,9.775338,10.226306,-0.450968,-0.115194
11.420000,9.772681,10.222852,-0.450170,-0.114709
11.421000,9.770009,10.219382,-0.449372,-0.114224
11.422000,9.767322,10.215896,-0.448574,-0.113738
11.423000,9.764619,10.212394,-0.447774,-0.113253
11.424000,9.761901,10.208875,-0.446974,-0.112768
11.425000,9.759168,10.205341,-0.446173,-0.112282
11.426000,9.756419,10.201791,-0.445372,-0.111797
11.427000,9.753654,10.198224,-0.444570,-0.111311
11.428000,9.750874,10.194642,-0.443768,-0.110826
11.429000,9.748079,10.191044,-0.442964,-0.110340
11.430000,9.745269,10.187429,-0.442160,-0.109855
11.431000,9.742443,10.183799,-0.441356,-0.109369
11.432000,9.739601,10.180152,-0.440551,-0.108883
11.433000,9.736745,10.176489,-0.439745,-0.108398
11.434000,9.733873,10.172811,-0.438938,-0.107912
11.435000,9.730985,10.169116,-0.438131,-0.107427
11.436000,9.728082,10.165406,-0.437324,-0.106941
11.437000,9.725164,10.161679,-0.436515,-0.106455
11.438000,9.722231,10.157937,-0.435706,-0.105970
11.439000,9.719282,10.154178,-0.434897,-0.105484
11.440000,9.716317,10.150404,-0.434087,-0.104998
11.441000,9.713338,10.146613,-0.433276,-0.104513
11.442000,9.710343,10.142807,-0.432464,-0.104027
11.443000,9.707333,10.138985,-0.431652,-0.103541
11.444000,9.704307,10.135146,-0.430840,-0.103056
11.445000,9.701266,10.131292,-0.430026,-0.102570
11.446000,9.698210,10.127422,-0.429212,-0.102084
11.447000,9.695138,10.123536,-0.428398,-0.101598
11.448000,9.692051,10.119634,-0.427583,-0.101113
11.449000,9.688949,10.115716,-0.426767,-0.100627
11.450000,9.685832,10.111783,-0.425951,-0.100141
11.451000,9.682699,10.107833,-0.425134,-0.099655
11.452000,9.679551,10.103867,-0.424317,-0.099170
11.453000,9.676387,10.099886,-0.423498,-0.098684
11.454000,9.673209,10.095889,-0.422680,-0.098198
11.455000,9.670015,10.091875,-0.421861,-0.097712
11.456000,9.666806,10.087846,-0.421041,-0.097227
11.457000,9.663581,10.083801,-0.420220,-0.096741
11.458000,9.660342,10.079741,-0.419399,-0.096255
11.459000,9.657087,10.075664,-0.418578,-0.095769
11.460000,9.653816,10.071572,-0.417755,-0.095284
11.461000,9.650531,10.067464,-0.416933,-0.094798
11.462000,9.647230,10.063339,-0.416109,-0.094312
11.463000,9.643914,10.059200,-0.415285,-0.093826
11.464000,9.640583,10.055044,-0.414461,-0.093341
11.465000,9.637237,10.050873,-0.413636,-0.092855
11.466000,9.633875,10.046685,-0.412810,-0.092369
11.467000,9.630498,10.042482,-0.411984,-0.091883
11.468000,9.627106,10.038263,-0.411157,-0.091398
11.469000,9.623699,10.034029,-0.410330,-0.090912
11.470000,9.620277,10.029779,-0.409502,-0.090426
11.471000,9.616839,10.025512,-0.408673,-0.089941
11.472000,9.613386,10.021231,-0.407844,-0.089455
11.473000,9.609918,10.016933,-0.407015,-0.088969
11.474000,9.606435,10.012620,-0.406185,-0.088484
11.475000,9.602937,10.008291,-0.405354,-0.087998
11.476000,9.599423,10.003946,-0.404523,-0.087512
11.477000,9.595895,9.999586,-0.403691,-0.087027
11.478000,9.592351,9.995209,-0.402858,-0.086541
11.479000,9.588792,9.990818,-0.402026,-0.086055
11.480000,9.585218,9.986410,-0.401192,-0.085570
11.481000,9.581629,9.981987,-0.400358,-0.085084
11.482000,9.578024,9.977548,-0.399524,-0.084599
11.483000,9.574405,9.973093,-0.398688,-0.084113
11.484000,9.570770,9.968623,-0.397853,-0.083627
11.485000,9.567121,9.964137,-0.397017,-0.083142
11.486000,9.563456,9.959636,-0.396180,-0.082656
11.487000,9.559776,9.955119,-0.395343,-0.082171
11.488000,9.556081,9.950586,-0.394505,-0.081685
11.489000,9.552371,9.946037,-0.393667,-0.081200
11.490000,9.548645,9.941473,-0.392828,-0.080715
11.491000,9.544905,9.936894,-0.391989,-0.080229
11.492000,9.541150,9.932299,-0.391149,-0.079744
11.493000,9.537379,9.927688,-0.390309,-0.079258
11.494000,9.533594,9.923062,-0.389468,-0.078773
11.495000,9.529793,9.918420,-0.388626,-0.078288
11.496000,9.525978,9.913762,-0.387784,-0.077802
11.497000,9.522147,9.909089,-0.386942,-0.077317
11.498000,9.518302,9.904400,-0.386099,-0.076832
11.499000,9.514441,9.899696,-0.385255,-0.076347
11.500000,9.510565,9.894977,-0.384412,-0.075861
11.501000,9.506674,9.890241,-0.383567,-0.075376
11.502000,9.502769,9.885491,-0.382722,-0.074891
11.503000,9.498848,9.880725,-0.381877,-0.074406
11.504000,9.494912,9.875943,-0.381031,-0.073921
11.505000,9.490961,9.871146,-0.380184,-0.073436
11.506000,9.486996,9.866333,-0.379337,-0.072951
11.507000,9.483015,9.861505,-0.378490,-0.072466
11.508000,9.479019,9.856661,-0.377642,-0.071981
11.509000,9.475009,9.851802,-0.376793,-0.071496
11.510000,9.470983,9.846927,-0.375944,-0.071011
11.511000,9.466942,9.842037,-0.375095,-0.070526
11.512000,9.462887,9.837132,-0.374245,-0.070041
11.513000,9.458816,9.832211,-0.373395,-0.069556
11.514000,9.454731,9.827275,-0.372544,-0.069071
11.515000,9.450631,9.822323,-0.371692,-0.068586
11.516000,9.446515,9.817356,-0.370840,-0.068102
11.517000,9.442385,9.812373,-0.369988,-0.067617
11.518000,9.438240,9.807376,-0.369135,-0.067132
11.519000,9.434080,9.802362,-0.368282,-0.066647
11.520000,9.429905,9.797334,-0.367428,-0.066163
11.521000,9.425716,9.792290,-0.366574,-0.065678
11.522000,9.421511,9.787230,-0.365719,-0.065194
11.523000,9.417291,9.782156,-0.364864,-0.064709
11.524000,9.413057,9.777066,-0.364009,-0.064225
11.525000,9.408808,9.771960,-0.363152,-0.063740
11.526000,9.404544,9.766840,-0.362296,-0.063256
11.527000,9.400265,9.761704,-0.361439,-0.062771
11.528000,9.395971,9.756552,-0.360581,-0.062287
11.529000,9.391662,9.751386,-0.359724,-0.061803
11.530000,9.387339,9.746204,-0.358865,-0.061318
11.531000,9.383000,9.741007,-0.358006,-0.060834
11.532000,9.378647,9.735794,-0.357147,-0.060350
11.533000,9.374279,9.730566,-0.356287,-0.059866
11.534000,9.369896,9.725324,-0.355427,-0.059382
11.535000,9.365499,9.720065,-0.354567,-0.058898
11.536000,9.361087,9.714792,-0.353705,-0.058414
11.537000,9.356659,9.709503,-0.352844,-0.057930
11.538000,9.352218,9.704199,-0.351982,-0.057446
11.539000,9.347761,9.698880,-0.351120,-0.056962
11.540000,9.343289,9.693546,-0.350257,-0.056478
11.541000,9.338803,9.688197,-0.349393,-0.055994
11.542000,9.334302,9.682832,-0.348530,-0.055510
11.543000,9.329787,9.677452,-0.347666,-0.055027
11.544000,9.325256,9.672057,-0.346801,-0.054543
11.545000,9.320711,9.666647,-0.345936,-0.054059
11.546000,9.316151,9.661222,-0.345071,-0.053576
11.547000,9.311577,9.655782,-0.344205,-0.053092
11.548000,9.306987,9.650326,-0.343339,-0.052609
11.549000,9.302384,9.644855,-0.342472,-0.052125
11.550000,9.297765,9.639370,-0.341605,-0.051642
11.551000,9.293132,9.633869,-0.340737,-0.051158
11.552000,9.288484,9.628353,-0.339869,-0.050675
11.553000,9.283821,9.622822,-0.339001,-0.050192
11.554000,9.279144,9.617276,-0.338132,-0.049709
11.555000,9.274452,9.611714,-0.337263,-0.049225
11.556000,9.269745,9.606138,-0.336393,-0.048742
11.557000,9.265024,9.600547,-0.335523,-0.048259
11.558000,9.260288,9.594941,-0.334653,-0.047776
11.559000,9.255537,9.589319,-0.333782,-0.047293
11.560000,9.250772,9.583683,-0.332911,-0.046810
11.561000,9.245992,9.578032,-0.332039,-0.046327
11.562000,9.241198,9.572365,-0.331167,-0.045845
11.563000,9.236389,9.566684,-0.330295,-0.045362
11.564000,9.231566,9.560988,-0.329422,-0.044879
11.565000,9.226727,9.555276,-0.328549,-0.044397
11.566000,9.221875,9.549550,-0.327675,-0.043914
11.567000,9.217007,9.543809,-0.326801,-0.043431
11.568000,9.212126,9.538053,-0.325927,-0.042949
11.569000,9.207229,9.532281,-0.325052,-0.042466
11.570000,9.202318,9.526495,-0.324177,-0.041984
11.571000,9.197393,9.520694,-0.323301,-0.041502
11.572000,9.192453,9.514879,-0.322426,-0.041019
11.573000,9.187499,9.509048,-0.321549,-0.040537
11.574000,9.182530,9.503202,-0.320673,-0.040055
11.575000,9.177546,9.497342,-0.319795,-0.039573
11.576000,9.172548,9.491466,-0.318918,-0.039091
11.577000,9.167536,9.485576,-0.318040,-0.038609
11.578000,9.162509,9.479671,-0.317162,-0.038127
11.579000,9.157468,9.473751,-0.316283,-0.037645
11.580000,9.152412,9.467816,-0.315405,-0.037163
11.581000,9.147341,9.461867,-0.314525,-0.036682
11.582000,9.142257,9.455902,-0.313646,-0.036200
11.583000,9.137158,9.449923,-0.312766,-0.035718
11.584000,9.132044,9.443929,-0.311885,-0.035237
11.585000,9.126916,9.437920,-0.311004,-0.034755
11.586000,9.121773,9.431897,-0.310123,-0.034274
11.587000,9.116617,9.425858,-0.309242,-0.033792
11.588000,9.111445,9.419805,-0.308360,-0.033311
11.589000,9.106260,9.413738,-0.307478,-0.032830
11.590000,9.101060,9.407655,-0.306595,-0.032349
11.591000,9.095845,9.401558,-0.305712,-0.031867
11.592000,9.090617,9.395446,-0.304829,-0.031386
11.593000,9.085373,9.389319,-0.303946,-0.030905
11.594000,9.080116,9.383178,-0.303062,-0.030424
11.595000,9.074844,9.377022,-0.302178,-0.029944
11.596000,9.069558,9.370851,-0.301293,-0.029463
11.597000,9.064258,9.364666,-0.300408,-0.028982
11.598000,9.058943,9.358466,-0.299523,-0.028501
11.599000,9.053614,9.352251,-0.298637,-0.028021
11.600000,9.048271,9.346022,-0.297751,-0.027540
11.601000,9.042913,9.339778,-0.296865,-0.027060
11.602000,9.037541,9.333519,-0.295978,-0.026579
11.603000,9.032155,9.327246,-0.295091,-0.026099
11.604000,9.026754,9.320958,-0.294204,-0.025619
11.605000,9.021340,9.314656,-0.293316,-0.025138
11.606000,9.015911,9.308339,-0.292428,-0.024658
11.607000,9.010467,9.302007,-0.291540,-0.024178
11.608000,9.005010,9.295661,-0.290651,-0.023698
11.609000,8.999538,9.289301,-0.289762,-0.023218
11.610000,8.994053,9.282926,-0.288873,-0.022738
11.611000,8.988552,9.276536,-0.287984,-0.022258
11.612000,8.983038,9.270132,-0.287094,-0.021779
11.613000,8.977510,9.263713,-0.286204,-0.021299
11.614000,8.971967,9.257280,-0.285313,-0.020819
11.615000,8.966410,9.250833,-0.284422,-0.020340
11.616000,8.960839,9.244371,-0.283531,-0.019861
11.617000,8.955254,9.237894,-0.282640,-0.019381
11.618000,8.949655,9.231403,-0.281748,-0.018902
11.619000,8.944042,9.224898,-0.280856,-0.018423
11.620000,8.938414,9.218378,-0.279963,-0.017943
11.621000,8.932773,9.211843,-0.279071,-0.017464
11.622000,8.927117,9.205295,-0.278178,-0.016985
11.623000,8.921447,9.198732,-0.277285,-0.016506
11.624000,8.915763,9.192154,-0.276391,-0.016027
11.625000,8.910065,9.185562,-0.275497,-0.015549
11.626000,8.904353,9.178956,-0.274603,-0.015070
11.627000,8.898627,9.172336,-0.273709,-0.014591
11.628000,8.892887,9.165701,-0.272814,-0.014113
11.629000,8.887133,9.159051,-0.271919,-0.013634
11.630000,8.881364,9.152388,-0.271023,-0.013156
11.631000,8.875582,9.145710,-0.270128,-0.012677
11.632000,8.869786,9.139018,-0.269232,-0.012199
11.633000,8.863976,9.132311,-0.268336,-0.011721
11.634000,8.858151,9.125591,-0.267439,-0.011243
11.635000,8.852313,9.118856,-0.266542,-0.010765
11.636000,8.846461,9.112106,-0.265645,-0.010287
11.637000,8.840595,9.105343,-0.264748,-0.009809
11.638000,8.834714,9.098565,-0.263851,-0.009331
11.639000,8.828820,9.091773,-0.262953,-0.008853
11.640000,8.822912,9.084967,-0.262055,-0.008376
11.641000,8.816990,9.078146,-0.261156,-0.007898
11.642000,8.811054,9.071312,-0.260257,-0.007421
11.643000,8.805104,9.064463,-0.259358,-0.006943
11.644000,8.799141,9.057600,-0.258459,-0.006466
11.645000,8.793163,9.050723,-0.257560,-0.005989
11.646000,8.787172,9.043832,-0.256660,-0.005511
11.647000,8.781166,9.036926,-0.255760,-0.005034
11.648000,8.775147,9.030007,-0.254860,-0.004557
11.649000,8.769114,9.023073,-0.253959,-0.004080
11.650000,8.763067,9.016125,-0.253058,-0.003604
11.651000,8.757006,9.009163,-0.252157,-0.003127
11.652000,8.750931,9.002187,-0.251256,-0.002650
11.653000,8.744843,8.995197,-0.250355,-0.002173
11.654000,8.738741,8.988193,-0.249453,-0.001697
11.655000,8.732625,8.981175,-0.248551,-0.001220
11.656000,8.726495,8.974143,-0.247648,-0.000744
11.657000,8.720351,8.967097,-0.246746,-0.000268
11.658000,8.714194,8.960037,-0.245843,0.000208
11.659000,8.708022,8.952962,-0.244940,0.000685
11.660000,8.701838,8.945874,-0.244037,0.001161
11.661000,8.695639,8.938772,-0.243133,0.001636
11.662000,8.689426,8.931656,-0.242229,0.002112
11.663000,8.683200,8.924526,-0.241325,0.002588
11.664000,8.676961,8.917382,-0.240421,0.003064
11.665000,8.670707,8.910223,-0.239516,0.003539
11.666000,8.664440,8.903052,-0.238612,0.004015
11.667000,8.658159,8.895866,-0.237707,0.004490
11.668000,8.651864,8.888666,-0.236802,0.004966
11.669000,8.645556,8.881452,-0.235896,0.005441
11.670000,8.639234,8.874225,-0.234990,0.005916
11.671000,8.632899,8.866983,-0.234085,0.006391
11.672000,8.626549,8.859728,-0.233178,0.006866
11.673000,8.620187,8.852459,-0.232272,0.007341
11.674000,8.613810,8.845176,-0.231366,0.007816
11.675000,8.607420,8.837879,-0.230459,0.008291
11.676000,8.601017,8.830568,-0.229552,0.008765
11.677000,8.594599,8.823244,-0.228645,0.009240
11.678000,8.588169,8.815906,-0.227737,0.009714
11.679000,8.581724,8.808554,-0.226829,0.010189
11.680000,8.575267,8.801188,-0.225922,0.010663
11.681000,8.568795,8.793809,-0.225014,0.011137
11.682000,8.562310,8.786415,-0.224105,0.011611
11.683000,8.555812,8.779008,-0.223197,0.012085
11.684000,8.549300,8.771588,-0.222288,0.012559
11.685000,8.542774,8.764153,-0.221379,0.013033
11.686000,8.536235,8.756705,-0.220470,0.013507
11.687000,8.529683,8.749244,-0.219561,0.013981
11.688000,8.523117,8.741768,-0.218651,0.014454
11.689000,8.516538,8.734279,-0.217741,0.014928
11.690000,8.509945,8.726776,-0.216831,0.015401
11.691000,8.503339,8.719260,-0.215921,0.015874
11.692000,8.496719,8.711730,-0.215011,0.016348
11.693000,8.490086,8.704186,-0.214100,0.016821
11.694000,8.483439,8.696629,-0.213190,0.017294
11.695000,8.476779,8.689058,-0.212279,0.017767
11.696000,8.470106,8.681474,-0.211368,0.018240
11.697000,8.463419,8.673876,-0.210456,0.018712
11.698000,8.456719,8.666264,-0.209545,0.019185
11.699000,8.450006,8.658639,-0.208633,0.019658
11.700000,8.443279,8.651001,-0.207721,0.020130
11.701000,8.436539,8.643348,-0.206809,0.020602
11.702000,8.429786,8.635683,-0.205897,0.021075
11.703000,8.423019,8.628004,-0.204985,0.021547
11.704000,8.416239,8.620311,-0.204072,0.022019
11.705000,8.409446,8.612605,-0.203159,0.022491
11.706000,8.402639,8.604886,-0.202246,0.022963
11.707000,8.395819,8.597153,-0.201333,0.023435
11.708000,8.388986,8.589406,-0.200420,0.023906
11.709000,8.382140,8.581646,-0.199506,0.024378
11.710000,8.375280,8.573873,-0.198593,0.024849
11.711000,8.368408,8.566086,-0.197679,0.025321
11.712000,8.361522,8.558286,-0.196765,0.025792
11.713000,8.354622,8.550473,-0.195851,0.026263
11.714000,8.347710,8.542646,-0.194936,0.026735
11.715000,8.340784,8.534806,-0.194022,0.027206
11.716000,8.333846,8.526953,-0.193107,0.027677
11.717000,8.326894,8.519086,-0.192192,0.028147
11.718000,8.319929,8.511206,-0.191277,0.028618
11.719000,8.312950,8.503313,-0.190362,0.029089
11.720000,8.305959,8.495406,-0.189447,0.029559
11.721000,8.298955,8.487486,-0.188531,0.030030
11.722000,8.291937,8.479553,-0.187616,0.030500
11.723000,8.284906,8.471606,-0.186700,0.030970
11.724000,8.277863,8.463647,-0.185784,0.031440
11.725000,8.270806,8.455674,-0.184868,0.031910
11.726000,8.263736,8.447688,-0.183952,0.032380
11.727000,8.256653,8.439688,-0.183035,0.032850
11.728000,8.249557,8.431676,-0.182119,0.033320
11.729000,8.242448,8.423650,-0.181202,0.033790
11.730000,8.235326,8.415611,-0.180285,0.034259
11.731000,8.228191,8.407559,-0.179368,0.034729
11.732000,8.221043,8.399494,-0.178451,0.035198
11.733000,8.213882,8.391416,-0.177534,0.035667
11.734000,8.206708,8.383325,-0.176617,0.036136
11.735000,8.199521,8.375220,-0.175699,0.036605
11.736000,8.192321,8.367103,-0.174781,0.037074
11.737000,8.185108,8.358972,-0.173864,0.037543
11.738000,8.177883,8.350828,-0.172946,0.038012
11.739000,8.170644,8.342672,-0.172028,0.038481
11.740000,8.163393,8.334502,-0.171109,0.038949
11.741000,8.156128,8.326319,-0.170191,0.039417
11.742000,8.148851,8.318123,-0.169273,0.039886
11.743000,8.141561,8.309914,-0.168354,0.040354
11.744000,8.134258,8.301693,-0.167435,0.040822
11.745000,8.126942,8.293458,-0.166516,0.041290
11.746000,8.119613,8.285210,-0.165597,0.041758
11.747000,8.112271,8.276950,-0.164678,0.042226
11.748000,8.104917,8.268676,-0.163759,0.042693
11.749000,8.097550,8.260390,-0.162840,0.043161
11.750000,8.090170,8.252090,-0.161920,0.043629
11.751000,8.082777,8.243778,-0.161001,0.044096
11.752000,8.075372,8.235453,-0.160081,0.044563
11.753000,8.067954,8.227115,-0.159161,0.045030
11.754000,8.060523,8.218764,-0.158241,0.045497
11.755000,8.053079,8.210400,-0.157321,0.045964
11.756000,8.045622,8.202023,-0.156401,0.046431
11.757000,8.038153,8.193634,-0.155481,0.046898
11.758000,8.030672,8.185232,-0.154560,0.047365
11.759000,8.023177,8.176817,-0.153640,0.047831
11.760000,8.015670,8.168389,-0.152719,0.048297
11.761000,8.008150,8.159949,-0.151799,0.048764
11.762000,8.000618,8.151495,-0.150878,0.049230
11.763000,7.993072,8.143029,-0.149957,0.049696
11.764000,7.985515,8.134551,-0.149036,0.050162
11.765000,7.977944,8.126059,-0.148115,0.050628
11.766000,7.970361,8.117555,-0.147193,0.051094
11.767000,7.962766,8.109038,-0.146272,0.051559
11.768000,7.955158,8.100509,-0.145351,0.052025
11.769000,7.947537,8.091966,-0.144429,0.052490
11.770000,7.939904,8.083412,-0.143508,0.052956
11.771000,7.932258,8.074844,-0.142586,0.053421
11.772000,7.924600,8.066264,-0.141664,0.053886
11.773000,7.916929,8.057672,-0.140742,0.054351
11.774000,7.909246,8.049066,-0.139820,0.054816
11.775000,7.901550,8.040448,-0.138898,0.055281
11.776000,7.893842,8.031818,-0.137976,0.055745
11.777000,7.886121,8.023175,-0.137054,0.056210
11.778000,7.878388,8.014520,-0.136132,0.056674
11.779000,7.870642,8.005852,-0.135209,0.057139
11.780000,7.862884,7.997171,-0.134287,0.057603
11.781000,7.855114,7.988478,-0.133364,0.058067
11.782000,7.847331,7.979773,-0.132442,0.058531
11.783000,7.839536,7.971055,-0.131519,0.058995
11.784000,7.831728,7.962324,-0.130596,0.059459
11.785000,7.823908,7.953581,-0.129673,0.059922
11.786000,7.816076,7.944826,-0.128750,0.060386
11.787000,7.808231,7.936058,-0.127827,0.060849
11.788000,7.800374,7.927278,-0.126904,0.061313
11.789000,7.792505,7.918486,-0.125981,0.061776
11.790000,7.784623,7.909681,-0.125058,0.062239
11.791000,7.776729,7.900864,-0.124135,0.062702
11.792000,7.768823,7.892034,-0.123211,0.063165
11.793000,7.760904,7.883192,-0.122288,0.063628
11.794000,7.752974,7.874338,-0.121364,0.064090
11.795000,7.745031,7.865471,-0.120441,0.064553
11.796000,7.737075,7.856592,-0.119517,0.065015
11.797000,7.729108,7.847701,-0.118593,0.065477
11.798000,7.721128,7.838798,-0.117670,0.065940
11.799000,7.713136,7.829882,-0.116746,0.066402
11.800000,7.705132,7.820954,-0.115822,0.066864
11.801000,7.697116,7.812014,-0.114898,0.067325
11.802000,7.689088,7.803062,-0.113974,0.067787
11.803000,7.681047,7.794098,-0.113050,0.068249
11.804000,7.672995,7.785121,-0.112126,0.068710
11.805000,7.664930,7.776132,-0.111202,0.069172
11.806000,7.656853,7.767131,-0.110278,0.069633
11.807000,7.648764,7.758118,-0.109353,0.070094
11.808000,7.640663,7.749092,-0.108429,0.070555
11.809000,7.632550,7.740055,-0.107505,0.071016
11.810000,7.624425,7.731006,-0.106580,0.071477
11.811000,7.616288,7.721944,-0.105656,0.071937
11.812000,7.608139,7.712870,-0.104732,0.072398
11.813000,7.599978,7.703785,-0.103807,0.072858
11.814000,7.591804,7.694687,-0.102883,0.073319
11.815000,7.583619,7.685577,-0.101958,0.073779
11.816000,7.575422,7.676455,-0.101033,0.074239
11.817000,7.567213,7.667322,-0.100109,0.074699
11.818000,7.558992,7.658176,-0.099184,0.075159
11.819000,7.550759,7.649018,-0.098259,0.075618
11.820000,7.542514,7.639848,-0.097334,0.076078
11.821000,7.534257,7.630667,-0.096410,0.076537
11.822000,7.525988,7.621473,-0.095485,0.076997
11.823000,7.517708,7.612268,-0.094560,0.077456
11.824000,7.509415,7.603050,-0.093635,0.077915
11.825000,7.501111,7.593821,-0.092710,0.078374
11.826000,7.492794,7.584580,-0.091785,0.078833
11.827000,7.484466,7.575327,-0.090860,0.079292
11.828000,7.476127,7.566062,-0.089935,0.079750
11.829000,7.467775,7.556785,-0.089010,0.080209
11.830000,7.459411,7.547497,-0.088085,0.080667
11.831000,7.451036,7.538196,-0.087160,0.081125
11.832000,7.442649,7.528884,-0.086235,0.081583
11.833000,7.434250,7.519560,-0.085310,0.082041
11.834000,7.425840,7.510225,-0.084385,0.082499
11.835000,7.417418,7.500877,-0.083460,0.082957
11.836000,7.408984,7.491518,-0.082534,0.083415
11.837000,7.400538,7.482147,-0.081609,0.083872
11.838000,7.392081,7.472765,-0.080684,0.084329
11.839000,7.383612,7.463371,-0.079759,0.084787
11.840000,7.375131,7.453965,-0.078834,0.085244
11.841000,7.366639,7.444547,-0.077908,0.085701
11.842000,7.358135,7.435118,-0.076983,0.086158
11.843000,7.349619,7.425677,-0.076058,0.086614
11.844000,7.341092,7.416225,-0.075133,0.087071
11.845000,7.332553,7.406761,-0.074207,0.087528
11.846000,7.324003,7.397285,-0.073282,0.087984
11.847000,7.315441,7.387798,-0.072357,0.088440
11.848000,7.306868,7.378299,-0.071431,0.088896
11.849000,7.298283,7.368789,-0.070506,0.089352
11.850000,7.289686,7.359267,-0.069581,0.089808
11.851000,7.281078,7.349734,-0.068656,0.090264
11.852000,7.272459,7.340189,-0.067730,0.090720
11.853000,7.263828,7.330633,-0.066805,0.091175
11.854000,7.255185,7.321065,-0.065880,0.091630
11.855000,7.246531,7.311486,-0.064954,0.092086
11.856000,7.237866,7.301895,-0.064029,0.092541
11.857000,7.229189,7.292293,-0.063104,0.092996
11.858000,7.220501,7.282680,-0.062179,0.093450
11.859000,7.211801,7.273055,-0.061253,0.093905
11.860000,7.203090,7.263418,-0.060328,0.094360
11.861000,7.194368,7.253771,-0.059403,0.094814
11.862000,7.185634,7.244112,-0.058478,0.095269
11.863000,7.176889,7.234442,-0.057553,0.095723
11.864000,7.168133,7.224760,-0.056627,0.096177
11.865000,7.159365,7.215067,-0.055702,0.096631
11.866000,7.150586,7.205363,-0.054777,0.097084
11.867000,7.141795,7.195647,-0.053852,0.097538
11.868000,7.132994,7.185921,-0.052927,0.097992
11.869000,7.124181,7.176183,-0.052002,0.098445
11.870000,7.115357,7.166433,-0.051077,0.098898
11.871000,7.106521,7.156673,-0.050152,0.099351
11.872000,7.097675,7.146901,-0.049227,0.099804
11.873000,7.088817,7.137119,-0.048302,0.100257
11.874000,7.079948,7.127325,-0.047377,0.100710
11.875000,7.071068,7.117519,-0.046452,0.101163
11.876000,7.062176,7.107703,-0.045527,0.101615
11.877000,7.053274,7.097876,-0.044602,0.102067
11.878000,7.044360,7.088037,-0.043677,0.102520
11.879000,7.035436,7.078188,-0.042752,0.102972
11.880000,7.026500,7.068327,-0.041827,0.103424
11.881000,7.017553,7.058455,-0.040903,0.103875
11.882000,7.008595,7.048572,-0.039978,0.104327
11.883000,6.999626,7.038679,-0.039053,0.104779
11.884000,6.990645,7.028774,-0.038128,0.105230
11.885000,6.981654,7.018858,-0.037204,0.105681
11.886000,6.972652,7.008931,-0.036279,0.106132
11.887000,6.963639,6.998993,-0.035355,0.106583
11.888000,6.954614,6.989045,-0.034430,0.107034
11.889000,6.945579,6.979085,-0.033506,0.107485
11.890000,6.936533,6.969114,-0.032581,0.107935
11.891000,6.927476,6.959133,-0.031657,0.108386
11.892000,6.918408,6.949140,-0.030732,0.108836
11.893000,6.909329,6.939137,-0.029808,0.109286
11.894000,6.900239,6.929123,-0.028884,0.109736
11.895000,6.891138,6.919098,-0.027960,0.110186
11.896000,6.882026,6.909062,-0.027036,0.110636
11.897000,6.872904,6.899015,-0.026111,0.111086
11.898000,6.863770,6.888958,-0.025187,0.111535
11.899000,6.854626,6.878889,-0.024263,0.111984
11.900000,6.845471,6.868810,-0.023339,0.112434
11.901000,6.836305,6.858721,-0.022415,0.112883
11.902000,6.827128,6.848620,-0.021492,0.113332
11.903000,6.817941,6.838509,-0.020568,0.113780
11.904000,6.808743,6.828387,-0.019644,0.114229
11.905000,6.799534,6.818254,-0.018720,0.114677
11.906000,6.790314,6.808111,-0.017797,0.115126
11.907000,6.781084,6.797957,-0.016873,0.115574
11.908000,6.771842,6.787792,-0.015950,0.116022
11.909000,6.762591,6.777617,-0.015026,0.116470
11.910000,6.753328,6.767431,-0.014103,0.116918
11.911000,6.744055,6.757234,-0.013180,0.117365
11.912000,6.734771,6.747027,-0.012256,0.117813
11.913000,6.725477,6.736810,-0.011333,0.118260
11.914000,6.716171,6.726582,-0.010410,0.118707
11.915000,6.706856,6.716343,-0.009487,0.119154
11.916000,6.697529,6.706093,-0.008564,0.119601
11.917000,6.688193,6.695834,-0.007641,0.120048
11.918000,6.678845,6.685563,-0.006718,0.120495
11.919000,6.669487,6.675283,-0.005795,0.120941
11.920000,6.660119,6.664991,-0.004873,0.121387
11.921000,6.650740,6.654690,-0.003950,0.121834
11.922000,6.641350,6.644378,-0.003028,0.122280
11.923000,6.631950,6.634055,-0.002105,0.122725
11.924000,6.622540,6.623722,-0.001183,0.123171
11.925000,6.613119,6.613379,-0.000260,0.123617
11.926000,6.603687,6.603025,0.000662,0.124062
11.927000,6.594245,6.592661,0.001584,0.124507
11.928000,6.584793,6.582287,0.002506,0.124953
11.929000,6.575331,6.571903,0.003428,0.125398
11.930000,6.565858,6.561508,0.004350,0.125842
11.931000,6.556374,6.551102,0.005272,0.126287
11.932000,6.546880,6.540687,0.006194,0.126732
11.933000,6.537376,6.530261,0.007115,0.127176
11.934000,6.527862,6.519825,0.008037,0.127620
11.935000,6.518337,6.509379,0.008958,0.128064
11.936000,6.508802,6.498923,0.009880,0.128508
11.937000,6.499257,6.488456,0.010801,0.128952
11.938000,6.489701,6.477979,0.011722,0.129396
11.939000,6.480136,6.467492,0.012643,0.129839
11.940000,6.470560,6.456995,0.013564,0.130283
11.941000,6.460973,6.446488,0.014485,0.130726
11.942000,6.451377,6.435971,0.015406,0.131169
11.943000,6.441770,6.425443,0.016327,0.131612
11.944000,6.432153,6.414906,0.017248,0.132055
11.945000,6.422527,6.404358,0.018168,0.132497
11.946000,6.412889,6.393801,0.019089,0.132940
11.947000,6.403242,6.383233,0.020009,0.133382
11.948000,6.393585,6.372656,0.020929,0.133824
11.949000,6.383917,6.362068,0.021849,0.134266
11.950000,6.374240,6.351471,0.022769,0.134708
11.951000,6.364552,6.340863,0.023689,0.135149
11.952000,6.354855,6.330246,0.024609,0.135591
11.953000,6.345147,6.319618,0.025529,0.136032
11.954000,6.335429,6.308981,0.026449,0.136473
11.955000,6.325702,6.298334,0.027368,0.136915
11.956000,6.315964,6.287676,0.028287,0.137355
11.957000,6.306216,6.277010,0.029207,0.137796
11.958000,6.296459,6.266333,0.030126,0.138237
11.959000,6.286691,6.255646,0.031045,0.138677
11.960000,6.276914,6.244950,0.031964,0.139117
11.961000,6.267126,6.234243,0.032883,0.139557
11.962000,6.257329,6.223527,0.033802,0.139997
11.963000,6.247522,6.212801,0.034720,0.140437
11.964000,6.237705,6.202066,0.035639,0.140877
11.965000,6.227878,6.191321,0.036557,0.141316
11.966000,6.218041,6.180566,0.037475,0.141755
11.967000,6.208195,6.169801,0.038394,0.142195
11.968000,6.198338,6.159027,0.039312,0.142634
11.969000,6.188472,6.148242,0.040230,0.143072
11.970000,6.178596,6.137449,0.041147,0.143511
11.971000,6.168710,6.126645,0.042065,0.143950
11.972000,6.158815,6.115832,0.042983,0.144388
11.973000,6.148910,6.105010,0.043900,0.144826
11.974000,6.138995,6.094178,0.044817,0.145264
11.975000,6.129071,6.083336,0.045734,0.145702
11.976000,6.119136,6.072485,0.046652,0.146140
11.977000,6.109192,6.061624,0.047568,0.146577
11.978000,6.099239,6.050754,0.048485,0.147014
11.979000,6.089276,6.039874,0.049402,0.147452
11.980000,6.079303,6.028985,0.050318,0.147889
11.981000,6.069321,6.018086,0.051235,0.148325
11.982000,6.059329,6.007178,0.052151,0.148762
11.983000,6.049327,5.996260,0.053067,0.149199
11.984000,6.039316,5.985333,0.053983,0.149635
11.985000,6.029295,5.974396,0.054899,0.150071
11.986000,6.019265,5.963450,0.055815,0.150507
11.987000,6.009226,5.952495,0.056730,0.150943
11.988000,5.999177,5.941531,0.057646,0.151379
11.989000,5.989118,5.930557,0.058561,0.151814
11.990000,5.979050,5.919574,0.059476,0.152250
11.991000,5.968972,5.908581,0.060391,0.152685
11.992000,5.958885,5.897579,0.061306,0.153120
11.993000,5.948789,5.886568,0.062221,0.153555
11.994000,5.938683,5.875548,0.063136,0.153989
11.995000,5.928568,5.864518,0.064050,0.154424
11.996000,5.918444,5.853479,0.064964,0.154858
11.997000,5.908310,5.842432,0.065878,0.155292
11.998000,5.898167,5.831374,0.066792,0.155726
11.999000,5.888014,5.820308,0.067706,0.156160
12.000000,5.877853,5.809233,0.068620,0.156594
12.001000,5.867681,5.798148,0.069533,0.157027
12.002000,5.857501,5.787054,0.070447,0.157460
12.003000,5.847312,5.775951,0.071360,0.157893
12.004000,5.837113,5.764840,0.072273,0.158326
12.005000,5.826905,5.753719,0.073186,0.158759
12.006000,5.816688,5.742589,0.074099,0.159192
12.007000,5.806461,5.731450,0.075012,0.159624
12.008000,5.796226,5.720302,0.075924,0.160056
12.009000,5.785981,5.709145,0.076836,0.160489
12.010000,5.775727,5.697979,0.077748,0.160920
12.011000,5.765464,5.686804,0.078660,0.161352
12.012000,5.755192,5.675620,0.079572,0.161784
12.013000,5.744911,5.664427,0.080484,0.162215
12.014000,5.734621,5.653225,0.081395,0.162646
12.015000,5.724321,5.642014,0.082307,0.163077
12.016000,5.714013,5.630795,0.083218,0.163508
12.017000,5.703696,5.619567,0.084129,0.163939
12.018000,5.693369,5.608329,0.085040,0.164369
12.019000,5.683034,5.597083,0.085950,0.164799
12.020000,5.672689,5.585829,0.086861,0.165230
12.021000,5.662336,5.574565,0.087771,0.165660
12.022000,5.651974,5.563293,0.088681,0.166089
12.023000,5.641603,5.552011,0.089591,0.166519
12.024000,5.631223,5.540722,0.090501,0.166948
12.025000,5.620834,5.529423,0.091411,0.167377
12.026000,5.610436,5.518116,0.092320,0.167806
12.027000,5.600029,5.506800,0.093230,0.168235
12.028000,5.589614,5.495475,0.094139,0.168664
12.029000,5.579189,5.484142,0.095048,0.169092
12.030000,5.568756,5.472800,0.095956,0.169521
12.031000,5.558314,5.461449,0.096865,0.169949
12.032000,5.547863,5.450090,0.097773,0.170377
12.033000,5.537404,5.438722,0.098682,0.170804
12.034000,5.526936,5.427346,0.099590,0.171232
12.035000,5.516459,5.415961,0.100497,0.171659
12.036000,5.505973,5.404568,0.101405,0.172087
12.037000,5.495479,5.393166,0.102313,0.172513
12.038000,5.484976,5.381756,0.103220,0.172940
12.039000,5.474464,5.370337,0.104127,0.173367
12.040000,5.463943,5.358910,0.105034,0.173793
12.041000,5.453414,5.347474,0.105941,0.174220
12.042000,5.442877,5.336030,0.106847,0.174646
12.043000,5.432331,5.324577,0.107753,0.175071
12.044000,5.421776,5.313116,0.108660,0.175497
12.045000,5.411213,5.301647,0.109566,0.175923
12.046000,5.400641,5.290169,0.110471,0.176348
12.047000,5.390060,5.278683,0.111377,0.176773
12.048000,5.379471,5.267189,0.112282,0.177198
12.049000,5.368874,5.255686,0.113188,0.177623
12.050000,5.358268,5.244175,0.114093,0.178047
12.051000,5.347654,5.232656,0.114997,0.178471
12.052000,5.337031,5.221129,0.115902,0.178895
12.053000,5.326400,5.209593,0.116806,0.179319
12.054000,5.315760,5.198049,0.117710,0.179743
12.055000,5.305112,5.186497,0.118614,0.180167
12.056000,5.294455,5.174937,0.119518,0.180590
12.057000,5.283791,5.163369,0.120422,0.181013
12.058000,5.273118,5.151792,0.121325,0.181436
12.059000,5.262436,5.140208,0.122228,0.181859
12.060000,5.251746,5.128615,0.123131,0.182281
12.061000,5.241048,5.117014,0.124034,0.182704
12.062000,5.230342,5.105405,0.124937,0.183126
12.063000,5.219627,5.093788,0.125839,0.183548
12.064000,5.208904,5.082163,0.126741,0.183970
12.065000,5.198173,5.070530,0.127643,0.184391
12.066000,5.187434,5.058889,0.128545,0.184813
12.067000,5.176687,5.047240,0.129446,0.185234
12.068000,5.165931,5.035583,0.130348,0.185655
12.069000,5.155167,5.023919,0.131249,0.186075
12.070000,5.144395,5.012246,0.132150,0.186496
12.071000,5.133615,5.000565,0.133050,0.186916
12.072000,5.122827,4.988877,0.133951,0.187337
12.073000,5.112031,4.977180,0.134851,0.187756
12.074000,5.101227,4.965476,0.135751,0.188176
12.075000,5.090414,4.953764,0.136651,0.188596
12.076000,5.079594,4.942044,0.137550,0.189015
12.077000,5.068765,4.930316,0.138449,0.189434
12.078000,5.057929,4.918580,0.139349,0.189853
12.079000,5.047084,4.906837,0.140247,0.190272
12.080000,5.036232,4.895086,0.141146,0.190690
12.081000,5.025372,4.883327,0.142044,0.191109
12.082000,5.014503,4.871561,0.142943,0.191527
12.083000,5.003627,4.859787,0.143841,0.191945
12.084000,4.992743,4.848005,0.144738,0.192362
12.085000,4.981851,4.836215,0.145636,0.192780
12.086000,4.970951,4.824418,0.146533,0.193197
12.087000,4.960043,4.812613,0.147430,0.193614
12.088000,4.949128,4.800801,0.148327,0.194031
12.089000,4.938205,4.788981,0.149224,0.194448
12.090000,4.927273,4.777153,0.150120,0.194864
12.091000,4.916334,4.765318,0.151016,0.195280
12.092000,4.905388,4.753476,0.151912,0.195696
12.093000,4.894433,4.741626,0.152808,0.196112
12.094000,4.883471,4.729768,0.153703,0.196528
12.095000,4.872501,4.717903,0.154598,0.196943
12.096000,4.861524,4.706031,0.155493,0.197358
12.097000,4.850538,4.694151,0.156388,0.197773
12.098000,4.839545,4.682263,0.157282,0.198188
12.099000,4.828545,4.670368,0.158177,0.198602
12.100000,4.817537,4.658466,0.159070,0.199016
12.101000,4.806521,4.646557,0.159964,0.199430
12.102000,4.795498,4.634640,0.160858,0.199844
12.103000,4.784467,4.622716,0.161751,0.200258
12.104000,4.773428,4.610784,0.162644,0.200671
12.105000,4.762382,4.598845,0.163537,0.201084
12.106000,4.751328,4.586899,0.164429,0.201497
12.107000,4.740267,4.574946,0.165321,0.201910
12.108000,4.729199,4.562986,0.166213,0.202323
12.109000,4.718123,4.551018,0.167105,0.202735
12.110000,4.707039,4.539043,0.167997,0.203147
12.111000,4.695948,4.527061,0.168888,0.203559
12.112000,4.684850,4.515071,0.169779,0.203971
12.113000,4.673744,4.503075,0.170669,0.204382
12.114000,4.662631,4.491071,0.171560,0.204793
12.115000,4.651511,4.479061,0.172450,0.205204
12.116000,4.640383,4.467043,0.173340,0.205615
12.117000,4.629248,4.455018,0.174230,0.206025
12.118000,4.618105,4.442986,0.175119,0.206436
12.119000,4.606956,4.430947,0.176008,0.206846
12.120000,4.595799,4.418901,0.176897,0.207255
12.121000,4.584634,4.406848,0.177786,0.207665
12.122000,4.573463,4.394788,0.178674,0.208074
12.123000,4.562284,4.382722,0.179562,0.208484
12.124000,4.551098,4.370648,0.180450,0.208892
12.125000,4.539905,4.358567,0.181338,0.209301
12.126000,4.528705,4.346480,0.182225,0.209710
12.127000,4.517497,4.334385,0.183112,0.210118
12.128000,4.506283,4.322284,0.183999,0.210526
12.129000,4.495061,4.310175,0.184886,0.210934
12.130000,4.483832,4.298060,0.185772,0.211341
12.131000,4.472596,4.285939,0.186658,0.211748
12.132000,4.461353,4.273810,0.187543,0.212155
12.133000,4.450103,4.261674,0.188429,0.212562
12.134000,4.438846,4.249532,0.189314,0.212969
12.135000,4.427582,4.237383,0.190199,0.213375
12.136000,4.416311,4.225228,0.191083,0.213781
12.137000,4.405033,4.213065,0.191968,0.214187
12.138000,4.393748,4.200897,0.192852,0.214593
12.139000,4.382456,4.188721,0.193736,0.214998
12.140000,4.371158,4.176539,0.194619,0.215403
12.141000,4.359852,4.164350,0.195502,0.215808
12.142000,4.348539,4.152154,0.196385,0.216213
12.143000,4.337220,4.139952,0.197268,0.216617
12.144000,4.325894,4.127743,0.198150,0.217022
12.145000,4.314560,4.115528,0.199032,0.217426
12.146000,4.303221,4.103306,0.199914,0.217829
12.147000,4.291874,4.091078,0.200796,0.218233
12.148000,4.280520,4.078843,0.201677,0.218636
12.149000,4.269160,4.066602,0.202558,0.219039
12.150000,4.257793,4.054355,0.203438,0.219442
12.151000,4.246419,4.042101,0.204319,0.219844
12.152000,4.235039,4.029840,0.205199,0.220246
12.153000,4.223652,4.017573,0.206078,0.220648
12.154000,4.212258,4.005300,0.206958,0.221050
12.155000,4.200857,3.993020,0.207837,0.221452
12.156000,4.189450,3.980734,0.208716,0.221853
12.157000,4.178036,3.968442,0.209594,0.222254
12.158000,4.166616,3.956143,0.210473,0.222655
12.159000,4.155189,3.943839,0.211351,0.223055
12.160000,4.143756,3.931527,0.212228,0.223456
12.161000,4.132316,3.919210,0.213106,0.223856
12.162000,4.120869,3.906886,0.213983,0.224255
12.163000,4.109416,3.894557,0.214860,0.224655
12.164000,4.097957,3.882221,0.215736,0.225054
12.165000,4.086491,3.869878,0.216612,0.225453
12.166000,4.075018,3.857530,0.217488,0.225852
12.167000,4.063539,3.845176,0.218364,0.226250
12.168000,4.052054,3.832815,0.219239,0.226649
12.169000,4.040562,3.820448,0.220114,0.227047
12.170000,4.029064,3.808076,0.220989,0.227444
12.171000,4.017560,3.795697,0.221863,0.227842
12.172000,4.006049,3.783312,0.222737,0.228239
12.173000,3.994532,3.770921,0.223611,0.228636
12.174000,3.983009,3.758525,0.224484,0.229033
12.175000,3.971479,3.746122,0.225357,0.229429
12.176000,3.959943,3.733713,0.226230,0.229826
12.177000,3.948401,3.721298,0.227102,0.230221
12.178000,3.936852,3.708878,0.227974,0.230617
12.179000,3.925298,3.696451,0.228846,0.231013
12.180000,3.913737,3.684019,0.229718,0.231408
12.181000,3.902170,3.671581,0.230589,0.231803
12.182000,3.890596,3.659137,0.231460,0.232197
12.183000,3.879017,3.646687,0.232330,0.232592
12.184000,3.867432,3.634231,0.233201,0.232986
12.185000,3.855840,3.621769,0.234071,0.233379
12.186000,3.844242,3.609302,0.234940,0.233773
12.187000,3.832638,3.596829,0.235809,0.234166
12.188000,3.821029,3.584350,0.236678,0.234559
12.189000,3.809413,3.571866,0.237547,0.234952
12.190000,3.797791,3.559376,0.238415,0.235345
12.191000,3.786163,3.546880,0.239283,0.235737
12.192000,3.774529,3.534379,0.240151,0.236129
12.193000,3.762889,3.521871,0.241018,0.236520
12.194000,3.751244,3.509359,0.241885,0.236912
12.195000,3.739592,3.496840,0.242752,0.237303
12.196000,3.727934,3.484317,0.243618,0.237694
12.197000,3.716271,3.471787,0.244484,0.238085
12.198000,3.704602,3.459252,0.245349,0.238475
12.199000,3.692927,3.446712,0.246215,0.238865
12.200000,3.681246,3.434166,0.247080,0.239255
12.201000,3.669559,3.421614,0.247944,0.239644
12.202000,3.657866,3.409058,0.248809,0.240033
12.203000,3.646168,3.396495,0.249672,0.240422
12.204000,3.634464,3.383928,0.250536,0.240811
12.205000,3.622754,3.371354,0.251399,0.241199
12.206000,3.611038,3.358776,0.252262,0.241588
12.207000,3.599317,3.346192,0.253125,0.241975
12.208000,3.587590,3.333603,0.253987,0.242363
12.209000,3.575857,3.321008,0.254849,0.242750
12.210000,3.564119,3.308408,0.255710,0.243137
12.211000,3.552375,3.295803,0.256572,0.243524
12.212000,3.540625,3.283193,0.257432,0.243910
12.213000,3.528870,3.270577,0.258293,0.244297
12.214000,3.517109,3.257957,0.259153,0.244682
12.215000,3.505343,3.245330,0.260013,0.245068
12.216000,3.493571,3.232699,0.260872,0.245453
12.217000,3.481794,3.220063,0.261731,0.245838
12.218000,3.470011,3.207421,0.262590,0.246223
12.219000,3.458223,3.194775,0.263448,0.246607
12.220000,3.446429,3.182123,0.264306,0.246992
12.221000,3.434630,3.169466,0.265164,0.247375
12.222000,3.422825,3.156804,0.266021,0.247759
12.223000,3.411015,3.144137,0.266878,0.248142
12.224000,3.399200,3.131465,0.267735,0.248525
12.225000,3.387379,3.118788,0.268591,0.248908
12.226000,3.375553,3.106106,0.269447,0.249290
12.227000,3.363722,3.093419,0.270302,0.249673
12.228000,3.351885,3.080727,0.271157,0.250054
12.229000,3.340043,3.068031,0.272012,0.250436
12.230000,3.328195,3.055329,0.272866,0.250817
12.231000,3.316343,3.042622,0.273721,0.251198
12.232000,3.304485,3.029911,0.274574,0.251579
12.233000,3.292622,3.017195,0.275427,0.251959
12.234000,3.280754,3.004473,0.276280,0.252339
12.235000,3.268880,2.991747,0.277133,0.252719
12.236000,3.257002,2.979017,0.277985,0.253098
12.237000,3.245118,2.966281,0.278837,0.253478
12.238000,3.233229,2.953541,0.279688,0.253856
12.239000,3.221335,2.940796,0.280539,0.254235
12.240000,3.209436,2.928046,0.281390,0.254613
12.241000,3.197532,2.915292,0.282240,0.254991
12.242000,3.185623,2.902533,0.283090,0.255369
12.243000,3.173709,2.889769,0.283940,0.255746
12.244000,3.161789,2.877001,0.284789,0.256123
12.245000,3.149865,2.864228,0.285638,0.256500
12.246000,3.137936,2.851450,0.286486,0.256876
12.247000,3.126002,2.838668,0.287334,0.257253
12.248000,3.114063,2.825881,0.288182,0.257628
12.249000,3.102119,2.813090,0.289029,0.258004
12.250000,3.090170,2.800294,0.289876,0.258379
12.251000,3.078216,2.787494,0.290722,0.258754
12.252000,3.066258,2.774689,0.291568,0.259129
12.253000,3.054294,2.761880,0.292414,0.259503
12.254000,3.042326,2.749067,0.293259,0.259877
12.255000,3.030353,2.736248,0.294104,0.260251
12.256000,3.018375,2.723426,0.294949,0.260624
12.257000,3.006392,2.710599,0.295793,0.260997
12.258000,2.994405,2.697768,0.296637,0.261370
12.259000,2.982413,2.684933,0.297480,0.261742
12.260000,2.970416,2.672093,0.298323,0.262114
12.261000,2.958414,2.659249,0.299165,0.262486
12.262000,2.946408,2.646401,0.300008,0.262857
12.263000,2.934397,2.633548,0.300849,0.263229
12.264000,2.922382,2.620691,0.301691,0.263599
12.265000,2.910362,2.607830,0.302532,0.263970
12.266000,2.898337,2.594965,0.303372,0.264340
12.267000,2.886308,2.582095,0.304212,0.264710
12.268000,2.874274,2.569222,0.305052,0.265080
12.269000,2.862236,2.556344,0.305891,0.265449
12.270000,2.850193,2.543462,0.306730,0.265818
12.271000,2.838145,2.530577,0.307569,0.266186
12.272000,2.826093,2.517687,0.308407,0.266555
12.273000,2.814037,2.504793,0.309245,0.266923
12.274000,2.801976,2.491894,0.310082,0.267290
12.275000,2.789911,2.478992,0.310919,0.267657
12.276000,2.777841,2.466086,0.311755,0.268024
12.277000,2.765767,2.453176,0.312591,0.268391
12.278000,2.753689,2.440262,0.313427,0.268757
12.279000,2.741606,2.427344,0.314262,0.269123
12.280000,2.729519,2.414422,0.315097,0.269489
12.281000,2.717428,2.401497,0.315931,0.269854
12.282000,2.705332,2.388567,0.316765,0.270219
12.283000,2.693232,2.375634,0.317599,0.270584
12.284000,2.681128,2.362696,0.318432,0.270948
12.285000,2.669020,2.349755,0.319265,0.271312
12.286000,2.656907,2.336810,0.320097,0.271676
12.287000,2.644790,2.323862,0.320929,0.272039
12.288000,2.632669,2.310909,0.321760,0.272402
12.289000,2.620544,2.297953,0.322591,0.272765
12.290000,2.608415,2.284993,0.323422,0.273127
12.291000,2.596282,2.272030,0.324252,0.273489
12.292000,2.584144,2.259062,0.325082,0.273851
12.293000,2.572003,2.246092,0.325911,0.274212
12.294000,2.559857,2.233117,0.326740,0.274573
12.295000,2.547707,2.220139,0.327568,0.274934
12.296000,2.535554,2.207157,0.328396,0.275294
12.297000,2.523396,2.194172,0.329224,0.275654
12.298000,2.511234,2.181183,0.330051,0.276014
12.299000,2.499068,2.168191,0.330878,0.276373
12.300000,2.486899,2.155195,0.331704,0.276732
12.301000,2.474725,2.142196,0.332530,0.277090
12.302000,2.462548,2.129193,0.333355,0.277449
12.303000,2.450367,2.116186,0.334180,0.277807
12.304000,2.438181,2.103177,0.335005,0.278164
12.305000,2.425992,2.090164,0.335829,0.278521
12.306000,2.413799,2.077147,0.336652,0.278878
12.307000,2.401603,2.064127,0.337475,0.279235
12.308000,2.389402,2.051104,0.338298,0.279591
12.309000,2.377198,2.038077,0.339121,0.279947
12.310000,2.364990,2.025048,0.339942,0.280302
12.311000,2.352778,2.012014,0.340764,0.280657
12.312000,2.340563,1.998978,0.341585,0.281012
12.313000,2.328344,1.985938,0.342405,0.281366
12.314000,2.316121,1.972896,0.343225,0.281720
12.315000,2.303894,1.959849,0.344045,0.282074
12.316000,2.291664,1.946800,0.344864,0.282427
12.317000,2.279430,1.933748,0.345683,0.282780
12.318000,2.267193,1.920692,0.346501,0.283133
12.319000,2.254952,1.907634,0.347319,0.283485
12.320000,2.242708,1.894572,0.348136,0.283837
12.321000,2.230460,1.881507,0.348953,0.284188
12.322000,2.218208,1.868439,0.349769,0.284540
12.323000,2.205953,1.855368,0.350585,0.284890
12.324000,2.193694,1.842294,0.351401,0.285241
12.325000,2.181432,1.829217,0.352216,0.285591
12.326000,2.169167,1.816137,0.353030,0.285941
12.327000,2.156898,1.803054,0.353844,0.286290
12.328000,2.144626,1.789968,0.354658,0.286639
12.329000,2.132350,1.776879,0.355471,0.286988
12.330000,2.120071,1.763788,0.356284,0.287336
12.331000,2.107789,1.750693,0.357096,0.287684
12.332000,2.095503,1.737596,0.357907,0.288031
12.333000,2.083214,1.724495,0.358719,0.288379
12.334000,2.070922,1.711392,0.359529,0.288725
12.335000,2.058626,1.698286,0.360340,0.289072
12.336000,2.046327,1.685178,0.361150,0.289418
12.337000,2.034025,1.672066,0.361959,0.289764
12.338000,2.021720,1.658952,0.362768,0.290109
12.339000,2.009411,1.645835,0.363576,0.290454
12.340000,1.997100,1.632716,0.364384,0.290798
12.341000,1.984785,1.619593,0.365192,0.291143
12.342000,1.972467,1.606468,0.365999,0.291486
12.343000,1.960146,1.593341,0.366805,0.291830
12.344000,1.947822,1.580211,0.367611,0.292173
12.345000,1.935495,1.567078,0.368417,0.292516
12.346000,1.923164,1.553943,0.369222,0.292858
12.347000,1.910831,1.540805,0.370026,0.293200
12.348000,1.898495,1.527665,0.370830,0.293541
12.349000,1.886155,1.514522,0.371634,0.293883
12.350000,1.873813,1.501376,0.372437,0.294223
12.351000,1.861468,1.488228,0.373239,0.294564
12.352000,1.849120,1.475078,0.374042,0.294904
12.353000,1.836769,1.461925,0.374843,0.295243
12.354000,1.824415,1.448770,0.375644,0.295583
12.355000,1.812058,1.435613,0.376445,0.295922
12.356000,1.799698,1.422453,0.377245,0.296260
12.357000,1.787335,1.409291,0.378045,0.296598
12.358000,1.774970,1.396126,0.378844,0.296936
12.359000,1.762602,1.382959,0.379642,0.297273
12.360000,1.750231,1.369790,0.380440,0.297610
12.361000,1.737857,1.356619,0.381238,0.297947
12.362000,1.725480,1.343445,0.382035,0.298283
12.363000,1.713101,1.330269,0.382832,0.298619
12.364000,1.700719,1.317091,0.383628,0.298954
12.365000,1.688334,1.303911,0.384423,0.299289
12.366000,1.675947,1.290729,0.385219,0.299623
12.367000,1.663557,1.277544,0.386013,0.299958
12.368000,1.651165,1.264357,0.386807,0.300291
12.369000,1.638769,1.251169,0.387601,0.300625
12.370000,1.626372,1.237978,0.388394,0.300958
12.371000,1.613971,1.224785,0.389186,0.301291
12.372000,1.601568,1.211590,0.389978,0.301623
12.373000,1.589163,1.198393,0.390770,0.301955
12.374000,1.576755,1.185194,0.391561,0.302286
12.375000,1.564345,1.171993,0.392351,0.302617
12.376000,1.551932,1.158791,0.393141,0.302948
12.377000,1.539516,1.145586,0.393931,0.303278
12.378000,1.527099,1.132379,0.394720,0.303608
12.379000,1.514678,1.119170,0.395508,0.303937
12.380000,1.502256,1.105960,0.396296,0.304266
12.381000,1.489831,1.092748,0.397083,0.304595
12.382000,1.477404,1.079534,0.397870,0.304923
12.383000,1.464974,1.066318,0.398656,0.305251
12.384000,1.452542,1.053100,0.399442,0.305578
12.385000,1.440108,1.039881,0.400227,0.305905
12.386000,1.427671,1.026659,0.401012,0.306231
12.387000,1.415233,1.013436,0.401796,0.306558
12.388000,1.402792,1.000212,0.402580,0.306883
12.389000,1.390348,0.986985,0.403363,0.307209
12.390000,1.377903,0.973757,0.404146,0.307534
12.391000,1.365455,0.960528,0.404928,0.307858
12.392000,1.353006,0.947296,0.405709,0.308182
12.393000,1.340554,0.934064,0.406490,0.308506
12.394000,1.328100,0.920829,0.407270,0.308829
12.395000,1.315644,0.907593,0.408050,0.309152
12.396000,1.303185,0.894356,0.408830,0.309474
12.397000,1.290725,0.881117,0.409609,0.309796
12.398000,1.278263,0.867876,0.410387,0.310118
12.399000,1.265799,0.854634,0.411165,0.310439
12.400000,1.253332,0.841391,0.411942,0.310760
12.401000,1.240864,0.828146,0.412718,0.311080
12.402000,1.228394,0.814899,0.413494,0.311400
12.403000,1.215922,0.801652,0.414270,0.311720
12.404000,1.203448,0.788403,0.415045,0.312039
12.405000,1.190972,0.775152,0.415819,0.312357
12.406000,1.178494,0.761900,0.416593,0.312676
12.407000,1.166014,0.748647,0.417367,0.312993
12.408000,1.153532,0.735393,0.418139,0.313311
12.409000,1.141049,0.722137,0.418912,0.313628
12.410000,1.128564,0.708881,0.419683,0.313944
12.411000,1.116077,0.695623,0.420454,0.314260
12.412000,1.103588,0.682363,0.421225,0.314576
12.413000,1.091098,0.669103,0.421995,0.314891
12.414000,1.078605,0.655841,0.422764,0.315206
12.415000,1.066112,0.642578,0.423533,0.315520
12.416000,1.053616,0.629314,0.424301,0.315834
12.417000,1.041119,0.616049,0.425069,0.316148
12.418000,1.028620,0.602783,0.425836,0.316461
12.419000,1.016119,0.589516,0.426603,0.316773
12.420000,1.003617,0.576248,0.427369,0.317086
12.421000,0.991113,0.562979,0.428135,0.317397
12.422000,0.978608,0.549709,0.428899,0.317709
12.423000,0.966101,0.536438,0.429664,0.318020
12.424000,0.953593,0.523165,0.430427,0.318330
12.425000,0.941083,0.509892,0.431191,0.318640
12.426000,0.928572,0.496619,0.431953,0.318950
12.427000,0.916059,0.483344,0.432715,0.319259
12.428000,0.903545,0.470068,0.433477,0.319567
12.429000,0.891029,0.456791,0.434238,0.319876
12.430000,0.878512,0.443514,0.434998,0.320183
12.431000,0.865993,0.430236,0.435758,0.320491
12.432000,0.853474,0.416957,0.436517,0.320798
12.433000,0.840952,0.403677,0.437275,0.321104
12.434000,0.828430,0.390397,0.438033,0.321410
12.435000,0.815906,0.377115,0.438791,0.321716
12.436000,0.803381,0.363834,0.439547,0.322021
12.437000,0.790855,0.350551,0.440304,0.322326
12.438000,0.778327,0.337268,0.441059,0.322630
12.439000,0.765798,0.323984,0.441814,0.322934
12.440000,0.753268,0.310699,0.442569,0.323237
12.441000,0.740737,0.297414,0.443323,0.323540
12.442000,0.728204,0.284128,0.444076,0.323842
12.443000,0.715671,0.270842,0.444829,0.324144
12.444000,0.703136,0.257555,0.445581,0.324446
12.445000,0.690600,0.244268,0.446332,0.324747
12.446000,0.678063,0.230980,0.447083,0.325047
12.447000,0.665525,0.217692,0.447833,0.325348
12.448000,0.652986,0.204403,0.448583,0.325647
12.449000,0.640446,0.191114,0.449332,0.325946
12.450000,0.627905,0.177825,0.450080,0.326245
12.451000,0.615363,0.164535,0.450828,0.326544
12.452000,0.602820,0.151245,0.451576,0.326841
12.453000,0.590276,0.137954,0.452322,0.327139
12.454000,0.577731,0.124663,0.453068,0.327436
12.455000,0.565185,0.111372,0.453814,0.327732
12.456000,0.552639,0.098080,0.454559,0.328028
12.457000,0.540091,0.084788,0.455303,0.328324
12.458000,0.527543,0.071496,0.456046,0.328619
12.459000,0.514993,0.058204,0.456789,0.328913
12.460000,0.502443,0.044911,0.457532,0.329208
12.461000,0.489892,0.031619,0.458274,0.329501
12.462000,0.477341,0.018326,0.459015,0.329794
12.463000,0.464788,0.005033,0.459755,0.330087
12.464000,0.452235,-0.008260,0.460495,0.330379
12.465000,0.439681,-0.021553,0.461234,0.330671
12.466000,0.427127,-0.034846,0.461973,0.330963
12.467000,0.414571,-0.048140,0.462711,0.331253
12.468000,0.402015,-0.061433,0.463449,0.331544
12.469000,0.389459,-0.074726,0.464185,0.331834
12.470000,0.376902,-0.088020,0.464922,0.332123
12.471000,0.364344,-0.101313,0.465657,0.332412
12.472000,0.351786,-0.114606,0.466392,0.332701
12.473000,0.339227,-0.127899,0.467126,0.332989
12.474000,0.326668,-0.141192,0.467860,0.333276
12.475000,0.314108,-0.154485,0.468593,0.333563
12.476000,0.301547,-0.167778,0.469325,0.333850
12.477000,0.288986,-0.181071,0.470057,0.334136
12.478000,0.276425,-0.194363,0.470788,0.334422
12.479000,0.263863,-0.207656,0.471519,0.334707
12.480000,0.251301,-0.220948,0.472249,0.334991
12.481000,0.238738,-0.234240,0.472978,0.335275
12.482000,0.226175,-0.247531,0.473706,0.335559
12.483000,0.213612,-0.260822,0.474434,0.335842
12.484000,0.201048,-0.274113,0.475162,0.336125
12.485000,0.188484,-0.287404,0.475888,0.336407
12.486000,0.175920,-0.300694,0.476614,0.336689
12.487000,0.163356,-0.313984,0.477340,0.336970
12.488000,0.150791,-0.327274,0.478064,0.337251
12.489000,0.138226,-0.340563,0.478788,0.337531
12.490000,0.125660,-0.353851,0.479512,0.337811
12.491000,0.113095,-0.367140,0.480235,0.338091
12.492000,0.100529,-0.380428,0.480957,0.338369
12.493000,0.087963,-0.393715,0.481678,0.338648
12.494000,0.075398,-0.407002,0.482399,0.338925
12.495000,0.062831,-0.420288,0.483119,0.339203
12.496000,0.050265,-0.433573,0.483839,0.339480
12.497000,0.037699,-0.446859,0.484558,0.339756
12.498000,0.025133,-0.460143,0.485276,0.340032
12.499000,0.012566,-0.473427,0.485993,0.340307
12.500000,0.000000,-0.486710,0.486710,0.340582
12.501000,-0.012566,-0.499993,0.487426,0.340856
12.502000,-0.025133,-0.513275,0.488142,0.341130
12.503000,-0.037699,-0.526556,0.488857,0.341404
12.504000,-0.050265,-0.539836,0.489571,0.341676
12.505000,-0.062831,-0.553116,0.490284,0.341949
12.506000,-0.075398,-0.566395,0.490997,0.342221
12.507000,-0.087963,-0.579673,0.491709,0.342492
12.508000,-0.100529,-0.592950,0.492421,0.342763
12.509000,-0.113095,-0.606227,0.493132,0.343033
12.510000,-0.125660,-0.619502,0.493842,0.343303
12.511000,-0.138226,-0.632777,0.494552,0.343572
12.512000,-0.150791,-0.646051,0.495260,0.343841
12.513000,-0.163356,-0.659324,0.495969,0.344110
12.514000,-0.175920,-0.672596,0.496676,0.344377
12.515000,-0.188484,-0.685867,0.497383,0.344645
12.516000,-0.201048,-0.699137,0.498089,0.344912
12.517000,-0.213612,-0.712406,0.498794,0.345178
12.518000,-0.226175,-0.725674,0.499499,0.345444
12.519000,-0.238738,-0.738942,0.500203,0.345709
12.520000,-0.251301,-0.752207,0.500907,0.345974
12.521000,-0.263863,-0.765472,0.501609,0.346238
12.522000,-0.276425,-0.778736,0.502311,0.346502
12.523000,-0.288986,-0.791999,0.503013,0.346765
12.524000,-0.301547,-0.805260,0.503713,0.347028
12.525000,-0.314108,-0.818521,0.504413,0.347290
12.526000,-0.326668,-0.831780,0.505112,0.347551
12.527000,-0.339227,-0.845038,0.505811,0.347813
12.528000,-0.351786,-0.858295,0.506509,0.348073
12.529000,-0.364344,-0.871550,0.507206,0.348333
12.530000,-0.376902,-0.884804,0.507902,0.348593
12.531000,-0.389459,-0.898057,0.508598,0.348852
12.532000,-0.402015,-0.911309,0.509293,0.349111
12.533000,-0.414571,-0.924559,0.509988,0.349369
12.534000,-0.427127,-0.937808,0.510681,0.349626
12.535000,-0.439681,-0.951055,0.511374,0.349883
12.536000,-0.452235,-0.964302,0.512066,0.350140
12.537000,-0.464788,-0.977546,0.512758,0.350395
12.538000,-0.477341,-0.990790,0.513449,0.350651
12.539000,-0.489892,-1.004031,0.514139,0.350906
12.540000,-0.502443,-1.017272,0.514828,0.351160
12.541000,-0.514993,-1.030510,0.515517,0.351414
12.542000,-0.527543,-1.043748,0.516205,0.351667
12.543000,-0.540091,-1.056983,0.516892,0.351920
12.544000,-0.552639,-1.070218,0.517579,0.352172
12.545000,-0.565185,-1.083450,0.518265,0.352424
12.546000,-0.577731,-1.096681,0.518950,0.352675
12.547000,-0.590276,-1.109911,0.519634,0.352926
12.548000,-0.602820,-1.123138,0.520318,0.353176
12.549000,-0.615363,-1.136364,0.521001,0.353426
12.550000,-0.627905,-1.149589,0.521683,0.353675
12.551000,-0.640446,-1.162811,0.522365,0.353923
12.552000,-0.652986,-1.176032,0.523046,0.354171
12.553000,-0.665525,-1.189251,0.523726,0.354418
12.554000,-0.678063,-1.202469,0.524405,0.354665
12.555000,-0.690600,-1.215684,0.525084,0.354912
12.556000,-0.703136,-1.228898,0.525762,0.355158
12.557000,-0.715671,-1.242110,0.526439,0.355403
12.558000,-0.728204,-1.255320,0.527116,0.355648
12.559000,-0.740737,-1.268528,0.527791,0.355892
12.560000,-0.753268,-1.281734,0.528466,0.356136
12.561000,-0.765798,-1.294939,0.529140,0.356379
12.562000,-0.778327,-1.308141,0.529814,0.356621
12.563000,-0.790855,-1.321341,0.530487,0.356863
12.564000,-0.803381,-1.334540,0.531159,0.357105
12.565000,-0.815906,-1.347736,0.531830,0.357346
12.566000,-0.828430,-1.360931,0.532501,0.357586
12.567000,-0.840952,-1.374123,0.533171,0.357826
12.568000,-0.853474,-1.387313,0.533840,0.358065
12.569000,-0.865993,-1.400501,0.534508,0.358304
12.570000,-0.878512,-1.413687,0.535176,0.358542
12.571000,-0.891029,-1.426871,0.535842,0.358780
12.572000,-0.903545,-1.440053,0.536508,0.359017
12.573000,-0.916059,-1.453233,0.537174,0.359254
12.574000,-0.928572,-1.466410,0.537838,0.359490
12.575000,-0.941083,-1.479585,0.538502,0.359725
12.576000,-0.953593,-1.492758,0.539165,0.359960
12.577000,-0.966101,-1.505929,0.539828,0.360194
12.578000,-0.978608,-1.519097,0.540489,0.360428
12.579000,-0.991113,-1.532264,0.541150,0.360661
12.580000,-1.003617,-1.545427,0.541810,0.360894
12.581000,-1.016119,-1.558589,0.542469,0.361126
12.582000,-1.028620,-1.571748,0.543128,0.361358
12.583000,-1.041119,-1.584904,0.543786,0.361589
12.584000,-1.053616,-1.598059,0.544443,0.361819
12.585000,-1.066112,-1.611211,0.545099,0.362049
12.586000,-1.078605,-1.624360,0.545755,0.362279
12.587000,-1.091098,-1.637507,0.546409,0.362507
12.588000,-1.103588,-1.650651,0.547063,0.362736
12.589000,-1.116077,-1.663793,0.547716,0.362963
12.590000,-1.128564,-1.676933,0.548369,0.363190
12.591000,-1.141049,-1.690070,0.549021,0.363417
12.592000,-1.153532,-1.703204,0.549671,0.363643
12.593000,-1.166014,-1.716336,0.550322,0.363868
12.594000,-1.178494,-1.729465,0.550971,0.364093
12.595000,-1.190972,-1.742591,0.551619,0.364317
12.596000,-1.203448,-1.755715,0.552267,0.364541
12.597000,-1.215922,-1.768836,0.552914,0.364764
12.598000,-1.228394,-1.781954,0.553560,0.364987
12.599000,-1.240864,-1.795070,0.554206,0.365209
12.600000,-1.253332,-1.808183,0.554851,0.365430
12.601000,-1.265799,-1.821293,0.555494,0.365651
12.602000,-1.278263,-1.834400,0.556138,0.365871
12.603000,-1.290725,-1.847505,0.556780,0.366091
12.604000,-1.303185,-1.860607,0.557421,0.366310
12.605000,-1.315644,-1.873706,0.558062,0.366529
12.606000,-1.328100,-1.886802,0.558702,0.366747
12.607000,-1.340554,-1.899895,0.559341,0.366964
12.608000,-1.353006,-1.912985,0.559980,0.367181
12.609000,-1.365455,-1.926072,0.560617,0.367397
12.610000,-1.377903,-1.939157,0.561254,0.367613
12.611000,-1.390348,-1.952238,0.561890,0.367828
12.612000,-1.402792,-1.965317,0.562525,0.368043
12.613000,-1.415233,-1.978392,0.563159,0.368257
12.614000,-1.427671,-1.991464,0.563793,0.368470
12.615000,-1.440108,-2.004534,0.564426,0.368683
12.616000,-1.452542,-2.017600,0.565058,0.368895
12.617000,-1.464974,-2.030663,0.565689,0.369107
12.618000,-1.477404,-2.043723,0.566319,0.369318
12.619000,-1.489831,-2.056780,0.566949,0.369529
12.620000,-1.502256,-2.069834,0.567578,0.369738
12.621000,-1.514678,-2.082884,0.568206,0.369948
12.622000,-1.527099,-2.095931,0.568833,0.370157
12.623000,-1.539516,-2.108976,0.569459,0.370365
12.624000,-1.551932,-2.122016,0.570085,0.370572
12.625000,-1.564345,-2.135054,0.570709,0.370779
12.626000,-1.576755,-2.148088,0.571333,0.370986
12.627000,-1.589163,-2.161119,0.571956,0.371192
12.628000,-1.601568,-2.174147,0.572579,0.371397
12.629000,-1.613971,-2.187171,0.573200,0.371601
12.630000,-1.626372,-2.200192,0.573821,0.371805
12.631000,-1.638769,-2.213210,0.574441,0.372009
12.632000,-1.651165,-2.226224,0.575060,0.372212
12.633000,-1.663557,-2.239235,0.575678,0.372414
12.634000,-1.675947,-2.252242,0.576295,0.372616
12.635000,-1.688334,-2.265246,0.576912,0.372817
12.636000,-1.700719,-2.278246,0.577527,0.373017
12.637000,-1.713101,-2.291243,0.578142,0.373217
12.638000,-1.725480,-2.304237,0.578756,0.373417
12.639000,-1.737857,-2.317226,0.579370,0.373615
12.640000,-1.750231,-2.330213,0.579982,0.373814
12.641000,-1.762602,-2.343195,0.580593,0.374011
12.642000,-1.774970,-2.356174,0.581204,0.374208
12.643000,-1.787335,-2.369149,0.581814,0.374404
12.644000,-1.799698,-2.382121,0.582423,0.374600
12.645000,-1.812058,-2.395089,0.583031,0.374795
12.646000,-1.824415,-2.408053,0.583639,0.374990
12.647000,-1.836769,-2.421014,0.584245,0.375184
12.648000,-1.849120,-2.433971,0.584851,0.375377
12.649000,-1.861468,-2.446924,0.585456,0.375570
12.650000,-1.873813,-2.459873,0.586060,0.375762
12.651000,-1.886155,-2.472819,0.586663,0.375954
12.652000,-1.898495,-2.485760,0.587265,0.376145
12.653000,-1.910831,-2.498698,0.587867,0.376335
12.654000,-1.923164,-2.511632,0.588468,0.376525
12.655000,-1.935495,-2.524562,0.589067,0.376714
12.656000,-1.947822,-2.537488,0.589666,0.376902
12.657000,-1.960146,-2.550410,0.590264,0.377090
12.658000,-1.972467,-2.563329,0.590862,0.377278
12.659000,-1.984785,-2.576243,0.591458,0.377464
12.660000,-1.997100,-2.589153,0.592054,0.377650
12.661000,-2.009411,-2.602060,0.592648,0.377836
12.662000,-2.021720,-2.614962,0.593242,0.378021
12.663000,-2.034025,-2.627860,0.593835,0.378205
12.664000,-2.046327,-2.640754,0.594427,0.378389
12.665000,-2.058626,-2.653644,0.595018,0.378572
12.666000,-2.070922,-2.666530,0.595609,0.378754
12.667000,-2.083214,-2.679412,0.596198,0.378936
12.668000,-2.095503,-2.692290,0.596787,0.379117
12.669000,-2.107789,-2.705163,0.597375,0.379298
12.670000,-2.120071,-2.718033,0.597962,0.379478
12.671000,-2.132350,-2.730898,0.598548,0.379657
12.672000,-2.144626,-2.743759,0.599133,0.379836
12.673000,-2.156898,-2.756615,0.599717,0.380014
12.674000,-2.169167,-2.769468,0.600301,0.380192
12.675000,-2.181432,-2.782316,0.600883,0.380369
12.676000,-2.193694,-2.795159,0.601465,0.380545
12.677000,-2.205953,-2.807999,0.602046,0.380721
12.678000,-2.218208,-2.820834,0.602626,0.380896
12.679000,-2.230460,-2.833664,0.603205,0.381070
12.680000,-2.242708,-2.846491,0.603783,0.381244
12.681000,-2.254952,-2.859312,0.604360,0.381417
12.682000,-2.267193,-2.872130,0.604937,0.381590
12.683000,-2.279430,-2.884943,0.605512,0.381762
12.684000,-2.291664,-2.897751,0.606087,0.381933
12.685000,-2.303894,-2.910555,0.606661,0.382104
12.686000,-2.316121,-2.923354,0.607234,0.382274
12.687000,-2.328344,-2.936149,0.607806,0.382444
12.688000,-2.340563,-2.948940,0.608377,0.382612
12.689000,-2.352778,-2.961725,0.608947,0.382781
12.690000,-2.364990,-2.974506,0.609516,0.382948
12.691000,-2.377198,-2.987283,0.610085,0.383115
12.692000,-2.389402,-3.000055,0.610652,0.383282
12.693000,-2.401603,-3.012822,0.611219,0.383447
12.694000,-2.413799,-3.025584,0.611785,0.383613
12.695000,-2.425992,-3.038342,0.612350,0.383777
12.696000,-2.438181,-3.051095,0.612914,0.383941
12.697000,-2.450367,-3.063843,0.613477,0.384104
12.698000,-2.462548,-3.076587,0.614039,0.384267
12.699000,-2.474725,-3.089326,0.614600,0.384429
12.700000,-2.486899,-3.102060,0.615161,0.384590
12.701000,-2.499068,-3.114789,0.615720,0.384751
12.702000,-2.511234,-3.127513,0.616279,0.384911
12.703000,-2.523396,-3.140232,0.616836,0.385070
12.704000,-2.535554,-3.152947,0.617393,0.385229
12.705000,-2.547707,-3.165656,0.617949,0.385387
12.706000,-2.559857,-3.178361,0.618504,0.385545
12.707000,-2.572003,-3.191061,0.619058,0.385702
12.708000,-2.584144,-3.203755,0.619611,0.385858
12.709000,-2.596282,-3.216445,0.620163,0.386014
12.710000,-2.608415,-3.229130,0.620715,0.386169
12.711000,-2.620544,-3.241809,0.621265,0.386323
12.712000,-2.632669,-3.254484,0.621814,0.386477
12.713000,-2.644790,-3.267154,0.622363,0.386630
12.714000,-2.656907,-3.279818,0.622911,0.386783
12.715000,-2.669020,-3.292477,0.623457,0.386934
12.716000,-2.681128,-3.305131,0.624003,0.387086
12.717000,-2.693232,-3.317781,0.624548,0.387236
12.718000,-2.705332,-3.330424,0.625092,0.387386
12.719000,-2.717428,-3.343063,0.625635,0.387535
12.720000,-2.729519,-3.355697,0.626177,0.387684
12.721000,-2.741606,-3.368325,0.626718,0.387832
12.722000,-2.753689,-3.380948,0.627259,0.387979
12.723000,-2.765767,-3.393565,0.627798,0.388126
12.724000,-2.777841,-3.406178,0.628336,0.388272
12.725000,-2.789911,-3.418785,0.628874,0.388418
12.726000,-2.801976,-3.431387,0.629410,0.388562
12.727000,-2.814037,-3.443983,0.629946,0.388707
12.728000,-2.826093,-3.456574,0.630481,0.388850
12.729000,-2.838145,-3.469159,0.631014,0.388993
12.730000,-2.850193,-3.481740,0.631547,0.389135
12.731000,-2.862236,-3.494314,0.632079,0.389277
12.732000,-2.874274,-3.506884,0.632610,0.389418
12.733000,-2.886308,-3.519447,0.633140,0.389558
12.734000,-2.898337,-3.532006,0.633669,0.389698
12.735000,-2.910362,-3.544559,0.634197,0.389837
12.736000,-2.922382,-3.557106,0.634724,0.389975
12.737000,-2.934397,-3.569647,0.635250,0.390113
12.738000,-2.946408,-3.582184,0.635775,0.390250
12.739000,-2.958414,-3.594714,0.636300,0.390386
12.740000,-2.970416,-3.607239,0.636823,0.390522
12.741000,-2.982413,-3.619758,0.637346,0.390657
12.742000,-2.994405,-3.632272,0.637867,0.390791
12.743000,-3.006392,-3.644780,0.638388,0.390925
12.744000,-3.018375,-3.657282,0.638907,0.391058
12.745000,-3.030353,-3.669778,0.639426,0.391191
12.746000,-3.042326,-3.682269,0.639943,0.391323
12.747000,-3.054294,-3.694754,0.640460,0.391454
12.748000,-3.066258,-3.707233,0.640976,0.391584
12.749000,-3.078216,-3.719707,0.641491,0.391714
12.750000,-3.090170,-3.732174,0.642004,0.391844
12.751000,-3.102119,-3.744636,0.642517,0.391972
12.752000,-3.114063,-3.757092,0.643029,0.392100
12.753000,-3.126002,-3.769542,0.643540,0.392227
12.754000,-3.137936,-3.781986,0.644050,0.392354
12.755000,-3.149865,-3.794424,0.644559,0.392480
12.756000,-3.161789,-3.806856,0.645067,0.392605
12.757000,-3.173709,-3.819283,0.645574,0.392730
12.758000,-3.185623,-3.831703,0.646080,0.392854
12.759000,-3.197532,-3.844117,0.646585,0.392977
12.760000,-3.209436,-3.856526,0.647090,0.393100
12.761000,-3.221335,-3.868928,0.647593,0.393222
12.762000,-3.233229,-3.881324,0.648095,0.393343
12.763000,-3.245118,-3.893714,0.648596,0.393464
12.764000,-3.257002,-3.906098,0.649096,0.393584
12.765000,-3.268880,-3.918476,0.649596,0.393703
12.766000,-3.280754,-3.930848,0.650094,0.393822
12.767000,-3.292622,-3.943213,0.650591,0.393940
12.768000,-3.304485,-3.955573,0.651088,0.394057
12.769000,-3.316343,-3.967926,0.651583,0.394174
12.770000,-3.328195,-3.980273,0.652077,0.394290
12.771000,-3.340043,-3.992614,0.652571,0.394406
12.772000,-3.351885,-4.004948,0.653063,0.394520
12.773000,-3.363722,-4.017276,0.653555,0.394634
12.774000,-3.375553,-4.029598,0.654045,0.394748
12.775000,-3.387379,-4.041914,0.654535,0.394860
12.776000,-3.399200,-4.054223,0.655023,0.394973
12.777000,-3.411015,-4.066526,0.655511,0.395084
12.778000,-3.422825,-4.078823,0.655997,0.395195
12.779000,-3.434630,-4.091113,0.656483,0.395305
12.780000,-3.446429,-4.103396,0.656967,0.395414
12.781000,-3.458223,-4.115674,0.657451,0.395523
12.782000,-3.470011,-4.127945,0.657933,0.395631
12.783000,-3.481794,-4.140209,0.658415,0.395738
12.784000,-3.493571,-4.152467,0.658895,0.395845
12.785000,-3.505343,-4.164718,0.659375,0.395951
12.786000,-3.517109,-4.176963,0.659853,0.396057
12.787000,-3.528870,-4.189201,0.660331,0.396161
12.788000,-3.540625,-4.201433,0.660807,0.396266
12.789000,-3.552375,-4.213658,0.661283,0.396369
12.790000,-3.564119,-4.225876,0.661757,0.396472
12.791000,-3.575857,-4.238088,0.662231,0.396574
12.792000,-3.587590,-4.250293,0.662704,0.396675
12.793000,-3.599317,-4.262492,0.663175,0.396776
12.794000,-3.611038,-4.274684,0.663646,0.396876
12.795000,-3.622754,-4.286869,0.664115,0.396975
12.796000,-3.634464,-4.299047,0.664584,0.397074
12.797000,-3.646168,-4.311219,0.665051,0.397172
12.798000,-3.657866,-4.323384,0.665517,0.397269
12.799000,-3.669559,-4.335542,0.665983,0.397366
12.800000,-3.681246,-4.347693,0.666447,0.397462
12.801000,-3.692927,-4.359837,0.666911,0.397557
12.802000,-3.704602,-4.371975,0.667373,0.397652
12.803000,-3.716271,-4.384106,0.667835,0.397746
12.804000,-3.727934,-4.396229,0.668295,0.397839
12.805000,-3.739592,-4.408346,0.668754,0.397932
12.806000,-3.751244,-4.420456,0.669213,0.398024
12.807000,-3.762889,-4.432559,0.669670,0.398115
12.808000,-3.774529,-4.444655,0.670126,0.398206
12.809000,-3.786163,-4.456745,0.670581,0.398296
12.810000,-3.797791,-4.468827,0.671036,0.398385
12.811000,-3.809413,-4.480902,0.671489,0.398474
12.812000,-3.821029,-4.492970,0.671941,0.398562
12.813000,-3.832638,-4.505031,0.672392,0.398649
12.814000,-3.844242,-4.517085,0.672842,0.398735
12.815000,-3.855840,-4.529131,0.673291,0.398821
12.816000,-3.867432,-4.541171,0.673740,0.398906
12.817000,-3.879017,-4.553204,0.674187,0.398991
12.818000,-3.890596,-4.565229,0.674633,0.399075
12.819000,-3.902170,-4.577247,0.675078,0.399158
12.820000,-3.913737,-4.589258,0.675521,0.399240
12.821000,-3.925298,-4.601262,0.675964,0.399322
12.822000,-3.936852,-4.613258,0.676406,0.399403
12.823000,-3.948401,-4.625248,0.676847,0.399484
12.824000,-3.959943,-4.637230,0.677287,0.399564
12.825000,-3.971479,-4.649204,0.677726,0.399643
12.826000,-3.983009,-4.661172,0.678163,0.399721
12.827000,-3.994532,-4.673132,0.678600,0.399799
12.828000,-4.006049,-4.685085,0.679035,0.399876
12.829000,-4.017560,-4.697030,0.679470,0.399952
12.830000,-4.029064,-4.708968,0.679904,0.400028
12.831000,-4.040562,-4.720898,0.680336,0.400103
12.832000,-4.052054,-4.732822,0.680767,0.400177
12.833000,-4.063539,-4.744737,0.681198,0.400251
12.834000,-4.075018,-4.756645,0.681627,0.400324
12.835000,-4.086491,-4.768546,0.682055,0.400396
12.836000,-4.097957,-4.780439,0.682483,0.400467
12.837000,-4.109416,-4.792325,0.682909,0.400538
12.838000,-4.120869,-4.804203,0.683334,0.400608
12.839000,-4.132316,-4.816074,0.683758,0.400678
12.840000,-4.143756,-4.827937,0.684181,0.400747
12.841000,-4.155189,-4.839792,0.684603,0.400815
12.842000,-4.166616,-4.851640,0.685024,0.400882
12.843000,-4.178036,-4.863480,0.685444,0.400949
12.844000,-4.189450,-4.875313,0.685863,0.401015
12.845000,-4.200857,-4.887138,0.686280,0.401081
12.846000,-4.212258,-4.898955,0.686697,0.401145
12.847000,-4.223652,-4.910764,0.687112,0.401209
12.848000,-4.235039,-4.922566,0.687527,0.401273
12.849000,-4.246419,-4.934360,0.687940,0.401335
12.850000,-4.257793,-4.946146,0.688353,0.401397
12.851000,-4.269160,-4.957924,0.688764,0.401458
12.852000,-4.280520,-4.969695,0.689174,0.401519
12.853000,-4.291874,-4.981457,0.689584,0.401579
12.854000,-4.303221,-4.993212,0.689992,0.401638
12.855000,-4.314560,-5.004959,0.690399,0.401697
12.856000,-4.325894,-5.016698,0.690805,0.401754
12.857000,-4.337220,-5.028430,0.691210,0.401812
12.858000,-4.348539,-5.040153,0.691614,0.401868
12.859000,-4.359852,-5.051868,0.692016,0.401924
12.860000,-4.371158,-5.063576,0.692418,0.401979
12.861000,-4.382456,-5.075275,0.692819,0.402033
12.862000,-4.393748,-5.086967,0.693218,0.402087
12.863000,-4.405033,-5.098650,0.693617,0.402140
12.864000,-4.416311,-5.110325,0.694014,0.402192
12.865000,-4.427582,-5.121993,0.694410,0.402244
12.866000,-4.438846,-5.133652,0.694806,0.402295
12.867000,-4.450103,-5.145303,0.695200,0.402345
12.868000,-4.461353,-5.156946,0.695593,0.402394
12.869000,-4.472596,-5.168581,0.695985,0.402443
12.870000,-4.483832,-5.180208,0.696376,0.402491
12.871000,-4.495061,-5.191826,0.696765,0.402539
12.872000,-4.506283,-5.203437,0.697154,0.402586
12.873000,-4.517497,-5.215039,0.697542,0.402632
12.874000,-4.528705,-5.226633,0.697928,0.402677
12.875000,-4.539905,-5.238219,0.698314,0.402722
12.876000,-4.551098,-5.249796,0.698698,0.402766
12.877000,-4.562284,-5.261365,0.699081,0.402809
12.878000,-4.573463,-5.272926,0.699464,0.402851
12.879000,-4.584634,-5.284479,0.699845,0.402893
12.880000,-4.595799,-5.296023,0.700225,0.402935
12.881000,-4.606956,-5.307559,0.700604,0.402975
12.882000,-4.618105,-5.319087,0.700981,0.403015
12.883000,-4.629248,-5.330606,0.701358,0.403054
12.884000,-4.640383,-5.342117,0.701734,0.403092
12.885000,-4.651511,-5.353619,0.702108,0.403130
12.886000,-4.662631,-5.365113,0.702482,0.403167
12.887000,-4.673744,-5.376598,0.702854,0.403204
12.888000,-4.684850,-5.388075,0.703225,0.403239
12.889000,-4.695948,-5.399544,0.703595,0.403274
12.890000,-4.707039,-5.411003,0.703964,0.403308
12.891000,-4.718123,-5.422455,0.704332,0.403342
12.892000,-4.729199,-5.433898,0.704699,0.403375
12.893000,-4.740267,-5.445332,0.705065,0.403407
12.894000,-4.751328,-5.456758,0.705429,0.403439
12.895000,-4.762382,-5.468175,0.705793,0.403469
12.896000,-4.773428,-5.479583,0.706155,0.403499
12.897000,-4.784467,-5.490983,0.706516,0.403529
12.898000,-4.795498,-5.502374,0.706876,0.403557
12.899000,-4.806521,-5.513756,0.707235,0.403585
12.900000,-4.817537,-5.525130,0.707593,0.403613
12.901000,-4.828545,-5.536495,0.707950,0.403639
12.902000,-4.839545,-5.547851,0.708306,0.403665
12.903000,-4.850538,-5.559199,0.708660,0.403690
12.904000,-4.861524,-5.570537,0.709014,0.403715
12.905000,-4.872501,-5.581867,0.709366,0.403739
12.906000,-4.883471,-5.593189,0.709717,0.403762
12.907000,-4.894433,-5.604501,0.710067,0.403784
12.908000,-4.905388,-5.615804,0.710416,0.403806
12.909000,-4.916334,-5.627099,0.710764,0.403827
12.910000,-4.927273,-5.638385,0.711111,0.403847
12.911000,-4.938205,-5.649661,0.711457,0.403867
12.912000,-4.949128,-5.660929,0.711801,0.403886
12.913000,-4.960043,-5.672188,0.712145,0.403904
12.914000,-4.970951,-5.683438,0.712487,0.403921
12.915000,-4.981851,-5.694679,0.712828,0.403938
12.916000,-4.992743,-5.705911,0.713168,0.403954
12.917000,-5.003627,-5.717134,0.713507,0.403970
12.918000,-5.014503,-5.728348,0.713845,0.403985
12.919000,-5.025372,-5.739553,0.714181,0.403999
12.920000,-5.036232,-5.750749,0.714517,0.404012
12.921000,-5.047084,-5.761936,0.714851,0.404025
12.922000,-5.057929,-5.773113,0.715184,0.404036
12.923000,-5.068765,-5.784282,0.715516,0.404048
12.924000,-5.079594,-5.795441,0.715847,0.404058
12.925000,-5.090414,-5.806591,0.716177,0.404068
12.926000,-5.101227,-5.817732,0.716506,0.404077
12.927000,-5.112031,-5.828864,0.716833,0.404086
12.928000,-5.122827,-5.839987,0.717160,0.404093
12.929000,-5.133615,-5.851100,0.717485,0.404100
12.930000,-5.144395,-5.862205,0.717809,0.404107
12.931000,-5.155167,-5.873300,0.718132,0.404112
12.932000,-5.165931,-5.884385,0.718454,0.404117
12.933000,-5.176687,-5.895462,0.718775,0.404121
12.934000,-5.187434,-5.906529,0.719095,0.404125
12.935000,-5.198173,-5.917586,0.719413,0.404128
12.936000,-5.208904,-5.928635,0.719730,0.404130
12.937000,-5.219627,-5.939674,0.720046,0.404131
12.938000,-5.230342,-5.950703,0.720362,0.404132
12.939000,-5.241048,-5.961724,0.720675,0.404132
12.940000,-5.251746,-5.972734,0.720988,0.404131
12.941000,-5.262436,-5.983736,0.721300,0.404130
12.942000,-5.273118,-5.994728,0.721610,0.404128
12.943000,-5.283791,-6.005710,0.721919,0.404125
12.944000,-5.294455,-6.016683,0.722228,0.404122
12.945000,-5.305112,-6.027646,0.722535,0.404117
12.946000,-5.315760,-6.038600,0.722840,0.404112
12.947000,-5.326400,-6.049545,0.723145,0.404107
12.948000,-5.337031,-6.060479,0.723449,0.404101
12.949000,-5.347654,-6.071405,0.723751,0.404094
12.950000,-5.358268,-6.082320,0.724052,0.404086
12.951000,-5.368874,-6.093226,0.724352,0.404077
12.952000,-5.379471,-6.104123,0.724651,0.404068
12.953000,-5.390060,-6.115009,0.724949,0.404059
12.954000,-5.400641,-6.125886,0.725246,0.404048
12.955000,-5.411213,-6.136754,0.725541,0.404037
12.956000,-5.421776,-6.147611,0.725835,0.404025
12.957000,-5.432331,-6.158459,0.726128,0.404012
12.958000,-5.442877,-6.169297,0.726420,0.403999
12.959000,-5.453414,-6.180126,0.726711,0.403985
12.960000,-5.463943,-6.190944,0.727001,0.403970
12.961000,-5.474464,-6.201753,0.727289,0.403955
12.962000,-5.484976,-6.212552,0.727577,0.403939
12.963000,-5.495479,-6.223342,0.727863,0.403922
12.964000,-5.505973,-6.234121,0.728148,0.403905
12.965000,-5.516459,-6.244890,0.728432,0.403886
12.966000,-5.526936,-6.255650,0.728714,0.403867
12.967000,-5.537404,-6.266400,0.728996,0.403848
12.968000,-5.547863,-6.277140,0.729276,0.403827
12.969000,-5.558314,-6.287870,0.729555,0.403806
12.970000,-5.568756,-6.298590,0.729833,0.403785
12.971000,-5.579189,-6.309300,0.730110,0.403762
12.972000,-5.589614,-6.320000,0.730386,0.403739
12.973000,-5.600029,-6.330690,0.730660,0.403715
12.974000,-5.610436,-6.341370,0.730934,0.403691
12.975000,-5.620834,-6.352040,0.731206,0.403666
12.976000,-5.631223,-6.362700,0.731477,0.403640
12.977000,-5.641603,-6.373349,0.731747,0.403613
12.978000,-5.651974,-6.383989,0.732015,0.403586
12.979000,-5.662336,-6.394619,0.732283,0.403558
12.980000,-5.672689,-6.405238,0.732549,0.403529
12.981000,-5.683034,-6.415848,0.732814,0.403500
12.982000,-5.693369,-6.426447,0.733078,0.403469
12.983000,-5.703696,-6.437036,0.733341,0.403439
12.984000,-5.714013,-6.447615,0.733602,0.403407
12.985000,-5.724321,-6.458184,0.733863,0.403375
12.986000,-5.734621,-6.468742,0.734122,0.403342
12.987000,-5.744911,-6.479291,0.734380,0.403308
12.988000,-5.755192,-6.489829,0.734637,0.403274
12.989000,-5.765464,-6.500357,0.734892,0.403239
12.990000,-5.775727,-6.510874,0.735147,0.403203
12.991000,-5.785981,-6.521381,0.735400,0.403167
12.992000,-5.796226,-6.531878,0.735652,0.403130
12.993000,-5.806461,-6.542364,0.735903,0.403092
12.994000,-5.816688,-6.552841,0.736153,0.403053
12.995000,-5.826905,-6.563306,0.736402,0.403014
12.996000,-5.837113,-6.573762,0.736649,0.402974
12.997000,-5.847312,-6.584207,0.736895,0.402933
12.998000,-5.857501,-6.594641,0.737140,0.402892
12.999000,-5.867681,-6.605065,0.737384,0.402850
13.000000,-5.877853,-6.615479,0.737627,0.402807
13.001000,-5.888014,-6.625882,0.737868,0.402764
13.002000,-5.898167,-6.636275,0.738108,0.402720
13.003000,-5.908310,-6.646657,0.738347,0.402675
13.004000,-5.918444,-6.657029,0.738585,0.402629
13.005000,-5.928568,-6.667390,0.738822,0.402583
13.006000,-5.938683,-6.677741,0.739057,0.402536
13.007000,-5.948789,-6.688081,0.739292,0.402489
13.008000,-5.958885,-6.698410,0.739525,0.402440
13.009000,-5.968972,-6.708729,0.739757,0.402391
13.010000,-5.979050,-6.719037,0.739987,0.402341
13.011000,-5.989118,-6.729335,0.740217,0.402291
13.012000,-5.999177,-6.739622,0.740445,0.402240
13.013000,-6.009226,-6.749898,0.740672,0.402188
13.014000,-6.019265,-6.760163,0.740898,0.402136
13.015000,-6.029295,-6.770418,0.741123,0.402082
13.016000,-6.039316,-6.780662,0.741346,0.402028
13.017000,-6.049327,-6.790896,0.741569,0.401974
13.018000,-6.059329,-6.801118,0.741790,0.401919
13.019000,-6.069321,-6.811330,0.742010,0.401863
13.020000,-6.079303,-6.821531,0.742228,0.401806
13.021000,-6.089276,-6.831722,0.742446,0.401748
13.022000,-6.099239,-6.841901,0.742662,0.401690
13.023000,-6.109192,-6.852070,0.742877,0.401632
13.024000,-6.119136,-6.862227,0.743091,0.401572
13.025000,-6.129071,-6.872374,0.743304,0.401512
13.026000,-6.138995,-6.882510,0.743515,0.401451
13.027000,-6.148910,-6.892636,0.743726,0.401389
13.028000,-6.158815,-6.902750,0.743935,0.401327
13.029000,-6.168710,-6.912853,0.744143,0.401264
13.030000,-6.178596,-6.922945,0.744349,0.401200
13.031000,-6.188472,-6.933027,0.744555,0.401136
13.032000,-6.198338,-6.943097,0.744759,0.401071
13.033000,-6.208195,-6.953156,0.744962,0.401005
13.034000,-6.218041,-6.963205,0.745164,0.400939
13.035000,-6.227878,-6.973242,0.745364,0.400872
13.036000,-6.237705,-6.983268,0.745564,0.400804
13.037000,-6.247522,-6.993284,0.745762,0.400735
13.038000,-6.257329,-7.003288,0.745959,0.400666
13.039000,-6.267126,-7.013281,0.746155,0.400596
13.040000,-6.276914,-7.023263,0.746349,0.400525
13.041000,-6.286691,-7.033234,0.746543,0.400454
13.042000,-6.296459,-7.043193,0.746735,0.400382
13.043000,-6.306216,-7.053142,0.746926,0.400309
13.044000,-6.315964,-7.063079,0.747115,0.400236
13.045000,-6.325702,-7.073006,0.747304,0.400162
13.046000,-6.335429,-7.082920,0.747491,0.400087
13.047000,-6.345147,-7.092824,0.747677,0.400012
13.048000,-6.354855,-7.102717,0.747862,0.399935
13.049000,-6.364552,-7.112598,0.748046,0.399859
13.050000,-6.374240,-7.122468,0.748228,0.399781
13.051000,-6.383917,-7.132327,0.748409,0.399703
13.052000,-6.393585,-7.142174,0.748589,0.399624
13.053000,-6.403242,-7.152010,0.748768,0.399544
13.054000,-6.412889,-7.161835,0.748946,0.399464
13.055000,-6.422527,-7.171648,0.749122,0.399383
13.056000,-6.432153,-7.181450,0.749297,0.399301
13.057000,-6.441770,-7.191241,0.749471,0.399219
13.058000,-6.451377,-7.201020,0.749643,0.399136
13.059000,-6.460973,-7.210788,0.749815,0.399052
13.060000,-6.470560,-7.220545,0.749985,0.398967
13.061000,-6.480136,-7.230290,0.750154,0.398882
13.062000,-6.489701,-7.240023,0.750322,0.398796
13.063000,-6.499257,-7.249745,0.750488,0.398710
13.064000,-6.508802,-7.259456,0.750654,0.398622
13.065000,-6.518337,-7.269155,0.750818,0.398534
13.066000,-6.527862,-7.278842,0.750980,0.398446
13.067000,-6.537376,-7.288518,0.751142,0.398357
13.068000,-6.546880,-7.298183,0.751303,0.398267
13.069000,-6.556374,-7.307836,0.751462,0.398176
13.070000,-6.565858,-7.317477,0.751620,0.398084
13.071000,-6.575331,-7.327107,0.751776,0.397992
13.072000,-6.584793,-7.336725,0.751932,0.397900
13.073000,-6.594245,-7.346332,0.752086,0.397806
13.074000,-6.603687,-7.355926,0.752239,0.397712
13.075000,-6.613119,-7.365510,0.752391,0.397617
13.076000,-6.622540,-7.375081,0.752541,0.397522
13.077000,-6.631950,-7.384641,0.752691,0.397426
13.078000,-6.641350,-7.394189,0.752839,0.397329
13.079000,-6.650740,-7.403725,0.752986,0.397231
13.080000,-6.660119,-7.413250,0.753131,0.397133
13.081000,-6.669487,-7.422763,0.753276,0.397034
13.082000,-6.678845,-7.432264,0.753419,0.396934
13.083000,-6.688193,-7.441754,0.753561,0.396834
13.084000,-6.697529,-7.451231,0.753702,0.396733
13.085000,-6.706856,-7.460697,0.753841,0.396631
13.086000,-6.716171,-7.470151,0.753979,0.396529
13.087000,-6.725477,-7.479593,0.754116,0.396426
13.088000,-6.734771,-7.489023,0.754252,0.396322
13.089000,-6.744055,-7.498442,0.754387,0.396218
13.090000,-6.753328,-7.507848,0.754520,0.396113
13.091000,-6.762591,-7.517243,0.754652,0.396007
13.092000,-6.771842,-7.526625,0.754783,0.395900
13.093000,-6.781084,-7.535996,0.754912,0.395793
13.094000,-6.790314,-7.545355,0.755041,0.395685
13.095000,-6.799534,-7.554702,0.755168,0.395577
13.096000,-6.808743,-7.564037,0.755294,0.395468
13.097000,-6.817941,-7.573359,0.755418,0.395358
13.098000,-6.827128,-7.582670,0.755542,0.395247
13.099000,-6.836305,-7.591969,0.755664,0.395136
13.100000,-6.845471,-7.601256,0.755785,0.395024
13.101000,-6.854626,-7.610531,0.755905,0.394911
13.102000,-6.863770,-7.619793,0.756023,0.394798
13.103000,-6.872904,-7.629044,0.756140,0.394684
13.104000,-6.882026,-7.638283,0.756256,0.394569
13.105000,-6.891138,-7.647509,0.756371,0.394454
13.106000,-6.900239,-7.656723,0.756484,0.394338
13.107000,-6.909329,-7.665925,0.756597,0.394221
13.108000,-6.918408,-7.675115,0.756708,0.394104
13.109000,-6.927476,-7.684293,0.756817,0.393986
13.110000,-6.936533,-7.693459,0.756926,0.393867
13.111000,-6.945579,-7.702612,0.757033,0.393748
13.112000,-6.954614,-7.711754,0.757139,0.393628
13.113000,-6.963639,-7.720883,0.757244,0.393507
13.114000,-6.972652,-7.729999,0.757347,0.393386
13.115000,-6.981654,-7.739104,0.757450,0.393264
13.116000,-6.990645,-7.748196,0.757551,0.393141
13.117000,-6.999626,-7.757276,0.757650,0.393017
13.118000,-7.008595,-7.766344,0.757749,0.392893
13.119000,-7.017553,-7.775399,0.757846,0.392768
13.120000,-7.026500,-7.784442,0.757942,0.392643
13.121000,-7.035436,-7.793473,0.758037,0.392517
13.122000,-7.044360,-7.802491,0.758131,0.392390
13.123000,-7.053274,-7.811497,0.758223,0.392262
13.124000,-7.062176,-7.820491,0.758314,0.392134
13.125000,-7.071068,-7.829472,0.758404,0.392005
13.126000,-7.079948,-7.838440,0.758492,0.391876
13.127000,-7.088817,-7.847397,0.758580,0.391746
13.128000,-7.097675,-7.856341,0.758666,0.391615
13.129000,-7.106521,-7.865272,0.758751,0.391483
13.130000,-7.115357,-7.874191,0.758834,0.391351
13.131000,-7.124181,-7.883097,0.758917,0.391218
13.132000,-7.132994,-7.891991,0.758998,0.391084
13.133000,-7.141795,-7.900873,0.759077,0.390950
13.134000,-7.150586,-7.909742,0.759156,0.390815
13.135000,-7.159365,-7.918598,0.759233,0.390680
13.136000,-7.168133,-7.927442,0.759309,0.390543
13.137000,-7.176889,-7.936273,0.759384,0.390407
13.138000,-7.185634,-7.945092,0.759458,0.390269
13.139000,-7.194368,-7.953898,0.759530,0.390131
13.140000,-7.203090,-7.962691,0.759601,0.389992
13.141000,-7.211801,-7.971472,0.759671,0.389852
13.142000,-7.220501,-7.980240,0.759739,0.389712
13.143000,-7.229189,-7.988996,0.759807,0.389571
13.144000,-7.237866,-7.997739,0.759873,0.389429
13.145000,-7.246531,-8.006469,0.759938,0.389287
13.146000,-7.255185,-8.015186,0.760001,0.389144
13.147000,-7.263828,-8.023891,0.760063,0.389001
13.148000,-7.272459,-8.032583,0.760124,0.388856
13.149000,-7.281078,-8.041263,0.760184,0.388711
13.150000,-7.289686,-8.049929,0.760243,0.388566
13.151000,-7.298283,-8.058583,0.760300,0.388420
13.152000,-7.306868,-8.067224,0.760356,0.388273
13.153000,-7.315441,-8.075852,0.760411,0.388125
13.154000,-7.324003,-8.084467,0.760464,0.387977
13.155000,-7.332553,-8.093070,0.760517,0.387828
13.156000,-7.341092,-8.101660,0.760568,0.387678
13.157000,-7.349619,-8.110237,0.760617,0.387528
13.158000,-7.358135,-8.118801,0.760666,0.387377
13.159000,-7.366639,-8.127352,0.760713,0.387226
13.160000,-7.375131,-8.135890,0.760759,0.387073
13.161000,-7.383612,-8.144416,0.760804,0.386921
13.162000,-7.392081,-8.152928,0.760847,0.386767
13.163000,-7.400538,-8.161428,0.760889,0.386613
13.164000,-7.408984,-8.169914,0.760930,0.386458
13.165000,-7.417418,-8.178388,0.760970,0.386303
13.166000,-7.425840,-8.186848,0.761008,0.386146
13.167000,-7.434250,-8.195296,0.761046,0.385990
13.168000,-7.442649,-8.203731,0.761082,0.385832
13.169000,-7.451036,-8.212152,0.761116,0.385674
13.170000,-7.459411,-8.220561,0.761150,0.385515
13.171000,-7.467775,-8.228957,0.761182,0.385356
13.172000,-7.476127,-8.237339,0.761213,0.385196
13.173000,-7.484466,-8.245709,0.761242,0.385035
13.174000,-7.492794,-8.254065,0.761271,0.384873
13.175000,-7.501111,-8.262408,0.761298,0.384711
13.176000,-7.509415,-8.270739,0.761324,0.384549
13.177000,-7.517708,-8.279056,0.761348,0.384385
13.178000,-7.525988,-8.287360,0.761371,0.384221
13.179000,-7.534257,-8.295650,0.761393,0.384056
13.180000,-7.542514,-8.303928,0.761414,0.383891
13.181000,-7.550759,-8.312193,0.761434,0.383725
13.182000,-7.558992,-8.320444,0.761452,0.383558
13.183000,-7.567213,-8.328682,0.761469,0.383391
13.184000,-7.575422,-8.336907,0.761485,0.383223
13.185000,-7.583619,-8.345119,0.761499,0.383055
13.186000,-7.591804,-8.353317,0.761513,0.382885
13.187000,-7.599978,-8.361502,0.761525,0.382715
13.188000,-7.608139,-8.369674,0.761535,0.382545
13.189000,-7.616288,-8.377833,0.761545,0.382374
13.190000,-7.624425,-8.385978,0.761553,0.382202
13.191000,-7.632550,-8.394110,0.761560,0.382029
13.192000,-7.640663,-8.402229,0.761566,0.381856
13.193000,-7.648764,-8.410334,0.761570,0.381682
13.194000,-7.656853,-8.418427,0.761573,0.381508
13.195000,-7.664930,-8.426505,0.761575,0.381333
13.196000,-7.672995,-8.434571,0.761576,0.381157
13.197000,-7.681047,-8.442623,0.761575,0.380981
13.198000,-7.689088,-8.450661,0.761573,0.380804
13.199000,-7.697116,-8.458686,0.761570,0.380626
13.200000,-7.705132,-8.466698,0.761566,0.380448
13.201000,-7.713136,-8.474697,0.761560,0.380269
13.202000,-7.721128,-8.482681,0.761553,0.380089
13.203000,-7.729108,-8.490653,0.761545,0.379909
13.204000,-7.737075,-8.498611,0.761536,0.379728
13.205000,-7.745031,-8.506555,0.761525,0.379546
13.206000,-7.752974,-8.514486,0.761513,0.379364
13.207000,-7.760904,-8.522404,0.761500,0.379181
13.208000,-7.768823,-8.530308,0.761485,0.378998
13.209000,-7.776729,-8.538198,0.761469,0.378814
13.210000,-7.784623,-8.546075,0.761452,0.378629
13.211000,-7.792505,-8.553939,0.761434,0.378444
13.212000,-7.800374,-8.561789,0.761415,0.378258
13.213000,-7.808231,-8.569625,0.761394,0.378071
13.214000,-7.816076,-8.577447,0.761372,0.377884
13.215000,-7.823908,-8.585256,0.761348,0.377696
13.216000,-7.831728,-8.593052,0.761324,0.377507
13.217000,-7.839536,-8.600834,0.761298,0.377318
13.218000,-7.847331,-8.608602,0.761271,0.377128
13.219000,-7.855114,-8.616356,0.761242,0.376938
13.220000,-7.862884,-8.624097,0.761213,0.376747
13.221000,-7.870642,-8.631824,0.761182,0.376555
13.222000,-7.878388,-8.639538,0.761150,0.376363
13.223000,-7.886121,-8.647237,0.761116,0.376170
13.224000,-7.893842,-8.654923,0.761082,0.375976
13.225000,-7.901550,-8.662596,0.761046,0.375782
13.226000,-7.909246,-8.670254,0.761008,0.375587
13.227000,-7.916929,-8.677899,0.760970,0.375391
13.228000,-7.924600,-8.685530,0.760930,0.375195
13.229000,-7.932258,-8.693147,0.760889,0.374998
13.230000,-7.939904,-8.700751,0.760847,0.374801
13.231000,-7.947537,-8.708341,0.760803,0.374603
13.232000,-7.955158,-8.715916,0.760759,0.374404
13.233000,-7.962766,-8.723479,0.760713,0.374205
13.234000,-7.970361,-8.731027,0.760665,0.374005
13.235000,-7.977944,-8.738561,0.760617,0.373804
13.236000,-7.985515,-8.746082,0.760567,0.373603
13.237000,-7.993072,-8.753588,0.760516,0.373401
13.238000,-8.000618,-8.761081,0.760463,0.373199
13.239000,-8.008150,-8.768560,0.760410,0.372996
13.240000,-8.015670,-8.776025,0.760355,0.372792
13.241000,-8.023177,-8.783476,0.760299,0.372588
13.242000,-8.030672,-8.790913,0.760241,0.372383
13.243000,-8.038153,-8.798336,0.760183,0.372177
13.244000,-8.045622,-8.805745,0.760123,0.371971
13.245000,-8.053079,-8.813141,0.760062,0.371764
13.246000,-8.060523,-8.820522,0.759999,0.371557
13.247000,-8.067954,-8.827889,0.759936,0.371349
13.248000,-8.075372,-8.835242,0.759871,0.371140
13.249000,-8.082777,-8.842582,0.759804,0.370931
13.250000,-8.090170,-8.849907,0.759737,0.370721
13.251000,-8.097550,-8.857218,0.759668,0.370510
13.252000,-8.104917,-8.864515,0.759598,0.370299
13.253000,-8.112271,-8.871798,0.759527,0.370087
13.254000,-8.119613,-8.879067,0.759454,0.369875
13.255000,-8.126942,-8.886322,0.759380,0.369662
13.256000,-8.134258,-8.893563,0.759305,0.369448
13.257000,-8.141561,-8.900790,0.759229,0.369234
13.258000,-8.148851,-8.908002,0.759152,0.369019
13.259000,-8.156128,-8.915201,0.759073,0.368804
13.260000,-8.163393,-8.922385,0.758993,0.368588
13.261000,-8.170644,-8.929555,0.758911,0.368371
13.262000,-8.177883,-8.936711,0.758829,0.368154
13.263000,-8.185108,-8.943853,0.758745,0.367936
13.264000,-8.192321,-8.950981,0.758660,0.367717
13.265000,-8.199521,-8.958094,0.758573,0.367498
13.266000,-8.206708,-8.965194,0.758486,0.367278
13.267000,-8.213882,-8.972279,0.758397,0.367058
13.268000,-8.221043,-8.979350,0.758307,0.366837
13.269000,-8.228191,-8.986406,0.758215,0.366615
13.270000,-8.235326,-8.993448,0.758123,0.366393
13.271000,-8.242448,-9.000477,0.758029,0.366170
13.272000,-8.249557,-9.007490,0.757933,0.365947
13.273000,-8.256653,-9.014490,0.757837,0.365723
13.274000,-8.263736,-9.021475,0.757739,0.365498
13.275000,-8.270806,-9.028446,0.757640,0.365273
13.276000,-8.277863,-9.035403,0.757540,0.365047
13.277000,-8.284906,-9.042345,0.757439,0.364821
13.278000,-8.291937,-9.049273,0.757336,0.364594
13.279000,-8.298955,-9.056186,0.757232,0.364366
13.280000,-8.305959,-9.063086,0.757127,0.364138
13.281000,-8.312950,-9.069970,0.757020,0.363909
13.282000,-8.319929,-9.076841,0.756912,0.363680
13.283000,-8.326894,-9.083697,0.756803,0.363449
13.284000,-8.333846,-9.090539,0.756693,0.363219
13.285000,-8.340784,-9.097366,0.756581,0.362988
13.286000,-8.347710,-9.104179,0.756469,0.362756
13.287000,-8.354622,-9.110977,0.756355,0.362523
13.288000,-8.361522,-9.117761,0.756239,0.362290
13.289000,-8.368408,-9.124530,0.756123,0.362056
13.290000,-8.375280,-9.131285,0.756005,0.361822
13.291000,-8.382140,-9.138026,0.755886,0.361587
13.292000,-8.388986,-9.144752,0.755766,0.361352
13.293000,-8.395819,-9.151463,0.755644,0.361116
13.294000,-8.402639,-9.158160,0.755521,0.360879
13.295000,-8.409446,-9.164843,0.755397,0.360642
13.296000,-8.416239,-9.171511,0.755272,0.360404
13.297000,-8.423019,-9.178164,0.755145,0.360166
13.298000,-8.429786,-9.184803,0.755017,0.359927
13.299000,-8.436539,-9.191427,0.754888,0.359687
13.300000,-8.443279,-9.198037,0.754758,0.359447
13.301000,-8.450006,-9.204632,0.754626,0.359206
13.302000,-8.456719,-9.211213,0.754493,0.358965
13.303000,-8.463419,-9.217779,0.754359,0.358723
13.304000,-8.470106,-9.224330,0.754224,0.358480
13.305000,-8.476779,-9.230867,0.754087,0.358237
13.306000,-8.483439,-9.237389,0.753949,0.357993
13.307000,-8.490086,-9.243896,0.753810,0.357749
13.308000,-8.496719,-9.250389,0.753670,0.357504
13.309000,-8.503339,-9.256867,0.753528,0.357258
13.310000,-8.509945,-9.263330,0.753386,0.357012
13.311000,-8.516538,-9.269779,0.753241,0.356765
13.312000,-8.523117,-9.276213,0.753096,0.356518
13.313000,-8.529683,-9.282632,0.752949,0.356270
13.314000,-8.536235,-9.289037,0.752802,0.356022
13.315000,-8.542774,-9.295427,0.752652,0.355773
13.316000,-8.549300,-9.301802,0.752502,0.355523
13.317000,-8.555812,-9.308162,0.752351,0.355273
13.318000,-8.562310,-9.314508,0.752198,0.355022
13.319000,-8.568795,-9.320839,0.752044,0.354771
13.320000,-8.575267,-9.327155,0.751888,0.354519
13.321000,-8.581724,-9.333456,0.751732,0.354266
13.322000,-8.588169,-9.339743,0.751574,0.354013
13.323000,-8.594599,-9.346014,0.751415,0.353760
13.324000,-8.601017,-9.352271,0.751254,0.353505
13.325000,-8.607420,-9.358513,0.751093,0.353251
13.326000,-8.613810,-9.364740,0.750930,0.352995
13.327000,-8.620187,-9.370953,0.750766,0.352739
13.328000,-8.626549,-9.377150,0.750601,0.352483
13.329000,-8.632899,-9.383333,0.750434,0.352226
13.330000,-8.639234,-9.389500,0.750266,0.351968
13.331000,-8.645556,-9.395653,0.750097,0.351710
13.332000,-8.651864,-9.401791,0.749927,0.351451
13.333000,-8.658159,-9.407914,0.749755,0.351191
13.334000,-8.664440,-9.414022,0.749583,0.350931
13.335000,-8.670707,-9.420116,0.749409,0.350671
13.336000,-8.676961,-9.426194,0.749233,0.350410
13.337000,-8.683200,-9.432257,0.749057,0.350148
13.338000,-8.689426,-9.438306,0.748879,0.349886
13.339000,-8.695639,-9.444339,0.748700,0.349623
13.340000,-8.701838,-9.450357,0.748520,0.349359
13.341000,-8.708022,-9.456361,0.748338,0.349095
13.342000,-8.714194,-9.462349,0.748156,0.348831
13.343000,-8.720351,-9.468323,0.747972,0.348566
13.344000,-8.726495,-9.474281,0.747787,0.348300
13.345000,-8.732625,-9.480225,0.747600,0.348034
13.346000,-8.738741,-9.486153,0.747413,0.347767
13.347000,-8.744843,-9.492067,0.747224,0.347500
13.348000,-8.750931,-9.497965,0.747033,0.347232
13.349000,-8.757006,-9.503848,0.746842,0.346963
13.350000,-8.763067,-9.509716,0.746650,0.346694
13.351000,-8.769114,-9.515569,0.746456,0.346424
13.352000,-8.775147,-9.521407,0.746261,0.346154
13.353000,-8.781166,-9.527230,0.746064,0.345884
13.354000,-8.787172,-9.533038,0.745867,0.345612
13.355000,-8.793163,-9.538831,0.745668,0.345340
13.356000,-8.799141,-9.544609,0.745468,0.345068
13.357000,-8.805104,-9.550371,0.745267,0.344795
13.358000,-8.811054,-9.556118,0.745064,0.344521
13.359000,-8.816990,-9.561851,0.744860,0.344247
13.360000,-8.822912,-9.567568,0.744655,0.343973
13.361000,-8.828820,-9.573270,0.744449,0.343698
13.362000,-8.834714,-9.578956,0.744242,0.343422
13.363000,-8.840595,-9.584628,0.744033,0.343145
13.364000,-8.846461,-9.590284,0.743823,0.342869
13.365000,-8.852313,-9.595925,0.743612,0.342591
13.366000,-8.858151,-9.601551,0.743400,0.342313
13.367000,-8.863976,-9.607162,0.743186,0.342035
13.368000,-8.869786,-9.612757,0.742971,0.341756
13.369000,-8.875582,-9.618338,0.742755,0.341476
13.370000,-8.881364,-9.623903,0.742538,0.341196
13.371000,-8.887133,-9.629452,0.742320,0.340915
13.372000,-8.892887,-9.634987,0.742100,0.340634
13.373000,-8.898627,-9.640506,0.741879,0.340352
13.374000,-8.904353,-9.646010,0.741657,0.340070
13.375000,-8.910065,-9.651499,0.741433,0.339787
13.376000,-8.915763,-9.656972,0.741209,0.339503
13.377000,-8.921447,-9.662430,0.740983,0.339219
13.378000,-8.927117,-9.667873,0.740756,0.338935
13.379000,-8.932773,-9.673300,0.740527,0.338650
13.380000,-8.938414,-9.678712,0.740298,0.338364
13.381000,-8.944042,-9.684109,0.740067,0.338078
13.382000,-8.949655,-9.689490,0.739835,0.337791
13.383000,-8.955254,-9.694856,0.739602,0.337504
13.384000,-8.960839,-9.700207,0.739368,0.337216
13.385000,-8.966410,-9.705542,0.739132,0.336928
13.386000,-8.971967,-9.710862,0.738895,0.336639
13.387000,-8.977510,-9.716167,0.738657,0.336350
13.388000,-8.983038,-9.721456,0.738418,0.336060
13.389000,-8.988552,-9.726730,0.738177,0.335769
13.390000,-8.994053,-9.731988,0.737935,0.335478
13.391000,-8.999538,-9.737231,0.737692,0.335187
13.392000,-9.005010,-9.742458,0.737448,0.334895
13.393000,-9.010467,-9.747670,0.737203,0.334602
13.394000,-9.015911,-9.752867,0.736956,0.334309
13.395000,-9.021340,-9.758048,0.736708,0.334015
13.396000,-9.026754,-9.763214,0.736459,0.333721
13.397000,-9.032155,-9.768364,0.736209,0.333426
13.398000,-9.037541,-9.773498,0.735957,0.333131
13.399000,-9.042913,-9.778618,0.735705,0.332835
13.400000,-9.048271,-9.783721,0.735451,0.332539
13.401000,-9.053614,-9.788810,0.735196,0.332242
13.402000,-9.058943,-9.793882,0.734939,0.331945
13.403000,-9.064258,-9.798939,0.734682,0.331647
13.404000,-9.069558,-9.803981,0.734423,0.331348
13.405000,-9.074844,-9.809007,0.734163,0.331049
13.406000,-9.080116,-9.814018,0.733902,0.330750
13.407000,-9.085373,-9.819013,0.733639,0.330450
13.408000,-9.090617,-9.823992,0.733376,0.330149
13.409000,-9.095845,-9.828956,0.733111,0.329848
13.410000,-9.101060,-9.833905,0.732845,0.329546
13.411000,-9.106260,-9.838837,0.732578,0.329244
13.412000,-9.111445,-9.843755,0.732309,0.328942
13.413000,-9.116617,-9.848656,0.732040,0.328639
13.414000,-9.121773,-9.853542,0.731769,0.328335
13.415000,-9.126916,-9.858412,0.731497,0.328031
13.416000,-9.132044,-9.863267,0.731223,0.327726
13.417000,-9.137158,-9.868106,0.730949,0.327421
13.418000,-9.142257,-9.872930,0.730673,0.327115
13.419000,-9.147341,-9.877738,0.730396,0.326809
13.420000,-9.152412,-9.882530,0.730118,0.326502
13.421000,-9.157468,-9.887306,0.729839,0.326195
13.422000,-9.162509,-9.892067,0.729558,0.325887
13.423000,-9.167536,-9.896813,0.729277,0.325578
13.424000,-9.172548,-9.901542,0.728994,0.325270
13.425000,-9.177546,-9.906256,0.728710,0.324960
13.426000,-9.182530,-9.910954,0.728424,0.324650
13.427000,-9.187499,-9.915636,0.728138,0.324340
13.428000,-9.192453,-9.920303,0.727850,0.324029
13.429000,-9.197393,-9.924954,0.727561,0.323718
13.430000,-9.202318,-9.929590,0.727271,0.323406
13.431000,-9.207229,-9.934209,0.726980,0.323093
13.432000,-9.212126,-9.938813,0.726687,0.322781
13.433000,-9.217007,-9.943401,0.726394,0.322467
13.434000,-9.221875,-9.947973,0.726099,0.322153
13.435000,-9.226727,-9.952530,0.725803,0.321839
13.436000,-9.231566,-9.957071,0.725505,0.321524
13.437000,-9.236389,-9.961596,0.725207,0.321208
13.438000,-9.241198,-9.966105,0.724907,0.320892
13.439000,-9.245992,-9.970599,0.724606,0.320576
13.440000,-9.250772,-9.975076,0.724304,0.320259
13.441000,-9.255537,-9.979538,0.724001,0.319942
13.442000,-9.260288,-9.983984,0.723697,0.319624
13.443000,-9.265024,-9.988415,0.723391,0.319305
13.444000,-9.269745,-9.992829,0.723084,0.318986
13.445000,-9.274452,-9.997228,0.722776,0.318667
13.446000,-9.279144,-10.001610,0.722467,0.318347
13.447000,-9.283821,-10.005977,0.722157,0.318026
13.448000,-9.288484,-10.010329,0.721845,0.317705
13.449000,-9.293132,-10.014664,0.721532,0.317384
13.450000,-9.297765,-10.018983,0.721218,0.317062
13.451000,-9.302384,-10.023287,0.720903,0.316739
13.452000,-9.306987,-10.027574,0.720587,0.316417
13.453000,-9.311577,-10.031846,0.720269,0.316093
13.454000,-9.316151,-10.036102,0.719951,0.315769
13.455000,-9.320711,-10.040342,0.719631,0.315445
13.456000,-9.325256,-10.044566,0.719310,0.315120
13.457000,-9.329787,-10.048774,0.718988,0.314795
13.458000,-9.334302,-10.052967,0.718664,0.314469
13.459000,-9.338803,-10.057143,0.718340,0.314142
13.460000,-9.343289,-10.061303,0.718014,0.313815
13.461000,-9.347761,-10.065448,0.717687,0.313488
13.462000,-9.352218,-10.069576,0.717359,0.313160
13.463000,-9.356659,-10.073689,0.717030,0.312832
13.464000,-9.361087,-10.077786,0.716699,0.312503
13.465000,-9.365499,-10.081866,0.716367,0.312174
13.466000,-9.369896,-10.085931,0.716035,0.311844
13.467000,-9.374279,-10.089980,0.715701,0.311514
13.468000,-9.378647,-10.094013,0.715366,0.311183
13.469000,-9.383000,-10.098029,0.715029,0.310852
13.470000,-9.387339,-10.102030,0.714692,0.310520
13.471000,-9.391662,-10.106015,0.714353,0.310188
13.472000,-9.395971,-10.109984,0.714013,0.309855
13.473000,-9.400265,-10.113937,0.713672,0.309522
13.474000,-9.404544,-10.117874,0.713330,0.309189
13.475000,-9.408808,-10.121794,0.712987,0.308854
13.476000,-9.413057,-10.125699,0.712642,0.308520
13.477000,-9.417291,-10.129588,0.712296,0.308185
13.478000,-9.421511,-10.133460,0.711950,0.307849
13.479000,-9.425716,-10.137317,0.711602,0.307513
13.480000,-9.429905,-10.141158,0.711252,0.307177
13.481000,-9.434080,-10.144982,0.710902,0.306840
13.482000,-9.438240,-10.148791,0.710550,0.306502
13.483000,-9.442385,-10.152583,0.710198,0.306165
13.484000,-9.446515,-10.156359,0.709844,0.305826
13.485000,-9.450631,-10.160120,0.709489,0.305487
13.486000,-9.454731,-10.163864,0.709133,0.305148
13.487000,-9.458816,-10.167592,0.708775,0.304808
13.488000,-9.462887,-10.171304,0.708417,0.304468
13.489000,-9.466942,-10.175000,0.708057,0.304127
13.490000,-9.470983,-10.178680,0.707697,0.303786
13.491000,-9.475009,-10.182343,0.707335,0.303445
13.492000,-9.479019,-10.185991,0.706971,0.303102
13.493000,-9.483015,-10.189622,0.706607,0.302760
13.494000,-9.486996,-10.193237,0.706242,0.302417
13.495000,-9.490961,-10.196837,0.705875,0.302073
13.496000,-9.494912,-10.200420,0.705507,0.301729
13.497000,-9.498848,-10.203987,0.705139,0.301385
13.498000,-9.502769,-10.207537,0.704769,0.301040
13.499000,-9.506674,-10.211072,0.704397,0.300695
13.500000,-9.510565,-10.214590,0.704025,0.300349
13.501000,-9.514441,-10.218092,0.703652,0.300003
13.502000,-9.518302,-10.221578,0.703277,0.299656
13.503000,-9.522147,-10.225048,0.702901,0.299309
13.504000,-9.525978,-10.228502,0.702524,0.298961
13.505000,-9.529793,-10.231940,0.702146,0.298613
13.506000,-9.533594,-10.235361,0.701767,0.298264
13.507000,-9.537379,-10.238766,0.701387,0.297915
13.508000,-9.541150,-10.242155,0.701005,0.297566
13.509000,-9.544905,-10.245528,0.700622,0.297216
13.510000,-9.548645,-10.248884,0.700239,0.296866
13.511000,-9.552371,-10.252224,0.699854,0.296515
13.512000,-9.556081,-10.255548,0.699468,0.296164
13.513000,-9.559776,-10.258856,0.699080,0.295812
13.514000,-9.563456,-10.262148,0.698692,0.295460
13.515000,-9.567121,-10.265423,0.698303,0.295107
13.516000,-9.570770,-10.268682,0.697912,0.294754
13.517000,-9.574405,-10.271925,0.697520,0.294400
13.518000,-9.578024,-10.275152,0.697127,0.294046
13.519000,-9.581629,-10.278362,0.696733,0.293692
13.520000,-9.585218,-10.281556,0.696338,0.293337
13.521000,-9.588792,-10.284734,0.695942,0.292982
13.522000,-9.592351,-10.287895,0.695544,0.292626
13.523000,-9.595895,-10.291040,0.695146,0.292270
13.524000,-9.599423,-10.294169,0.694746,0.291913
13.525000,-9.602937,-10.297282,0.694345,0.291556
13.526000,-9.606435,-10.300378,0.693943,0.291199
13.527000,-9.609918,-10.303458,0.693540,0.290841
13.528000,-9.613386,-10.306522,0.693136,0.290482
13.529000,-9.616839,-10.309570,0.692730,0.290123
13.530000,-9.620277,-10.312601,0.692324,0.289764
13.531000,-9.623699,-10.315616,0.691916,0.289404
13.532000,-9.627106,-10.318614,0.691508,0.289044
13.533000,-9.630498,-10.321596,0.691098,0.288684
13.534000,-9.633875,-10.324562,0.690687,0.288323
13.535000,-9.637237,-10.327512,0.690275,0.287961
13.536000,-9.640583,-10.330445,0.689862,0.287599
13.537000,-9.643914,-10.333362,0.689447,0.287237
13.538000,-9.647230,-10.336262,0.689032,0.286874
13.539000,-9.650531,-10.339146,0.688615,0.286511
13.540000,-9.653816,-10.342014,0.688197,0.286147
13.541000,-9.657087,-10.344865,0.687779,0.285783
13.542000,-9.660342,-10.347700,0.687359,0.285419
13.543000,-9.663581,-10.350519,0.686938,0.285054
13.544000,-9.666806,-10.353321,0.686516,0.284689
13.545000,-9.670015,-10.356107,0.686092,0.284323
13.546000,-9.673209,-10.358877,0.685668,0.283957
13.547000,-9.676387,-10.361630,0.685242,0.283590
13.548000,-9.679551,-10.364367,0.684816,0.283223
13.549000,-9.682699,-10.367087,0.684388,0.282856
13.550000,-9.685832,-10.369791,0.683959,0.282488
13.551000,-9.688949,-10.372478,0.683529,0.282119
13.552000,-9.692051,-10.375150,0.683098,0.281751
13.553000,-9.695138,-10.377804,0.682666,0.281382
13.554000,-9.698210,-10.380443,0.682233,0.281012
13.555000,-9.701266,-10.383064,0.681798,0.280642
13.556000,-9.704307,-10.385670,0.681363,0.280272
13.557000,-9.707333,-10.388259,0.680926,0.279901
13.558000,-9.710343,-10.390832,0.680489,0.279529
13.559000,-9.713338,-10.393388,0.680050,0.279158
13.560000,-9.716317,-10.395927,0.679610,0.278786
13.561000,-9.719282,-10.398451,0.679169,0.278413
13.562000,-9.722231,-10.400958,0.678727,0.278040
13.563000,-9.725164,-10.403448,0.678284,0.277667
13.564000,-9.728082,-10.405922,0.677840,0.277293
13.565000,-9.730985,-10.408379,0.677394,0.276919
13.566000,-9.733873,-10.410820,0.676948,0.276544
13.567000,-9.736745,-10.413245,0.676500,0.276169
13.568000,-9.739601,-10.415653,0.676052,0.275794
13.569000,-9.742443,-10.418045,0.675602,0.275418
13.570000,-9.745269,-10.420420,0.675151,0.275042
13.571000,-9.748079,-10.422778,0.674699,0.274665
13.572000,-9.750874,-10.425121,0.674246,0.274288
13.573000,-9.753654,-10.427446,0.673792,0.273911
13.574000,-9.756419,-10.429756,0.673337,0.273533
13.575000,-9.759168,-10.432048,0.672881,0.273155
13.576000,-9.761901,-10.434324,0.672423,0.272776
13.577000,-9.764619,-10.436584,0.671965,0.272397
13.578000,-9.767322,-10.438827,0.671505,0.272018
13.579000,-9.770009,-10.441054,0.671045,0.271638
13.580000,-9.772681,-10.443264,0.670583,0.271257
13.581000,-9.775338,-10.445458,0.670120,0.270877
13.582000,-9.777979,-10.447635,0.669656,0.270496
13.583000,-9.780604,-10.449796,0.669191,0.270114
13.584000,-9.783214,-10.451940,0.668725,0.269732
13.585000,-9.785809,-10.454067,0.668258,0.269350
13.586000,-9.788388,-10.456178,0.667790,0.268967
13.587000,-9.790952,-10.458273,0.667321,0.268584
13.588000,-9.793500,-10.460351,0.666851,0.268201
13.589000,-9.796033,-10.462412,0.666379,0.267817
13.590000,-9.798551,-10.464457,0.665907,0.267433
13.591000,-9.801052,-10.466486,0.665433,0.267048
13.592000,-9.803539,-10.468497,0.664959,0.266663
13.593000,-9.806010,-10.470493,0.664483,0.266278
13.594000,-9.808465,-10.472471,0.664006,0.265892
13.595000,-9.810905,-10.474433,0.663528,0.265506
13.596000,-9.813330,-10.476379,0.663049,0.265119
13.597000,-9.815739,-10.478308,0.662569,0.264732
13.598000,-9.818132,-10.480221,0.662088,0.264345
13.599000,-9.820510,-10.482116,0.661606,0.263957
13.600000,-9.822873,-10.483996,0.661123,0.263569
13.601000,-9.825219,-10.485858,0.660639,0.263180
13.602000,-9.827551,-10.487705,0.660154,0.262791
13.603000,-9.829867,-10.489534,0.659667,0.262402
13.604000,-9.832167,-10.491347,0.659180,0.262012
13.605000,-9.834452,-10.493144,0.658692,0.261622
13.606000,-9.836721,-10.494923,0.658202,0.261232
13.607000,-9.838975,-10.496687,0.657711,0.260841
13.608000,-9.841213,-10.498433,0.657220,0.260449
13.609000,-9.843436,-10.500163,0.656727,0.260058
13.610000,-9.845643,-10.501877,0.656233,0.259666
13.611000,-9.847835,-10.503574,0.655739,0.259273
13.612000,-9.850011,-10.505254,0.655243,0.258881
13.613000,-9.852172,-10.506918,0.654746,0.258488
13.614000,-9.854317,-10.508565,0.654248,0.258094
13.615000,-9.856446,-10.510195,0.653749,0.257700
13.616000,-9.858560,-10.511809,0.653249,0.257306
13.617000,-9.860658,-10.513406,0.652748,0.256911
13.618000,-9.862741,-10.514987,0.652246,0.256516
13.619000,-9.864808,-10.516551,0.651743,0.256121
13.620000,-9.866859,-10.518098,0.651238,0.255725
13.621000,-9.868895,-10.519629,0.650733,0.255329
13.622000,-9.870916,-10.521143,0.650227,0.254932
13.623000,-9.872921,-10.522640,0.649720,0.254536
13.624000,-9.874910,-10.524121,0.649211,0.254138
13.625000,-9.876883,-10.525585,0.648702,0.253741
13.626000,-9.878841,-10.527033,0.648191,0.253343
13.627000,-9.880784,-10.528464,0.647680,0.252944
13.628000,-9.882711,-10.529878,0.647167,0.252546
13.629000,-9.884622,-10.531276,0.646654,0.252147
13.630000,-9.886517,-10.532657,0.646139,0.251747
13.631000,-9.888397,-10.534021,0.645624,0.251347
13.632000,-9.890262,-10.535369,0.645107,0.250947
13.633000,-9.892111,-10.536700,0.644589,0.250547
13.634000,-9.893944,-10.538014,0.644070,0.250146
13.635000,-9.895761,-10.539312,0.643551,0.249744
13.636000,-9.897563,-10.540593,0.643030,0.249343
13.637000,-9.899349,-10.541857,0.642508,0.248941
13.638000,-9.901120,-10.543105,0.641985,0.248538
13.639000,-9.902875,-10.544336,0.641461,0.248136
13.640000,-9.904614,-10.545551,0.640937,0.247733
13.641000,-9.906338,-10.546749,0.640411,0.247329
13.642000,-9.908046,-10.547930,0.639884,0.246925
13.643000,-9.909738,-10.549094,0.639356,0.246521
13.644000,-9.911415,-10.550242,0.638827,0.246117
13.645000,-9.913076,-10.551373,0.638297,0.245712
13.646000,-9.914722,-10.552488,0.637766,0.245307
13.647000,-9.916352,-10.553585,0.637234,0.244901
13.648000,-9.917966,-10.554667,0.636701,0.244495
13.649000,-9.919564,-10.555731,0.636167,0.244089
13.650000,-9.921147,-10.556779,0.635632,0.243682
13.651000,-9.922714,-10.557810,0.635096,0.243275
13.652000,-9.924266,-10.558824,0.634559,0.242868
13.653000,-9.925801,-10.559822,0.634020,0.242460
13.654000,-9.927322,-10.560803,0.633481,0.242052
13.655000,-9.928826,-10.561767,0.632941,0.241644
13.656000,-9.930315,-10.562715,0.632400,0.241235
13.657000,-9.931788,-10.563646,0.631858,0.240826
13.658000,-9.933245,-10.564560,0.631315,0.240417
13.659000,-9.934687,-10.565458,0.630771,0.240007
13.660000,-9.936113,-10.566339,0.630226,0.239597
13.661000,-9.937523,-10.567203,0.629680,0.239187
13.662000,-9.938918,-10.568051,0.629132,0.238776
13.663000,-9.940297,-10.568881,0.628584,0.238365
13.664000,-9.941660,-10.569695,0.628035,0.237953
13.665000,-9.943008,-10.570493,0.627485,0.237541
13.666000,-9.944340,-10.571274,0.626934,0.237129
13.667000,-9.945656,-10.572038,0.626382,0.236717
13.668000,-9.946956,-10.572785,0.625829,0.236304
13.669000,-9.948241,-10.573516,0.625275,0.235891
13.670000,-9.949510,-10.574230,0.624719,0.235477
13.671000,-9.950763,-10.574927,0.624163,0.235064
13.672000,-9.952001,-10.575607,0.623606,0.234649
13.673000,-9.953223,-10.576271,0.623048,0.234235
13.674000,-9.954429,-10.576918,0.622489,0.233820
13.675000,-9.955620,-10.577549,0.621929,0.233405
13.676000,-9.956794,-10.578162,0.621368,0.232989
13.677000,-9.957953,-10.578759,0.620806,0.232574
13.678000,-9.959097,-10.579340,0.620243,0.232157
13.679000,-9.960224,-10.579903,0.619679,0.231741
13.680000,-9.961336,-10.580450,0.619114,0.231324
13.681000,-9.962432,-10.580980,0.618548,0.230907
13.682000,-9.963513,-10.581494,0.617981,0.230490
13.683000,-9.964577,-10.581991,0.617413,0.230072
13.684000,-9.965626,-10.582471,0.616844,0.229654
13.685000,-9.966659,-10.582934,0.616275,0.229235
13.686000,-9.967677,-10.583381,0.615704,0.228816
13.687000,-9.968678,-10.583810,0.615132,0.228397
13.688000,-9.969664,-10.584224,0.614559,0.227978
13.689000,-9.970635,-10.584620,0.613985,0.227558
13.690000,-9.971589,-10.585000,0.613411,0.227138
13.691000,-9.972528,-10.585363,0.612835,0.226718
13.692000,-9.973451,-10.585709,0.612258,0.226297
13.693000,-9.974358,-10.586039,0.611681,0.225876
13.694000,-9.975249,-10.586352,0.611102,0.225455
13.695000,-9.976125,-10.586648,0.610523,0.225033
13.696000,-9.976985,-10.586927,0.609942,0.224611
13.697000,-9.977829,-10.587190,0.609361,0.224189
13.698000,-9.978658,-10.587436,0.608778,0.223766
13.699000,-9.979470,-10.587665,0.608195,0.223343
13.700000,-9.980267,-10.587878,0.607611,0.222920
13.701000,-9.981048,-10.588074,0.607025,0.222496
13.702000,-9.981814,-10.588253,0.606439,0.222072
13.703000,-9.982564,-10.588415,0.605852,0.221648
13.704000,-9.983297,-10.588561,0.605264,0.221224
13.705000,-9.984016,-10.588690,0.604674,0.220799
13.706000,-9.984718,-10.588802,0.604084,0.220374
13.707000,-9.985404,-10.588898,0.603493,0.219948
13.708000,-9.986075,-10.588977,0.602901,0.219523
13.709000,-9.986730,-10.589039,0.602308,0.219097
13.710000,-9.987370,-10.589084,0.601714,0.218666
13.711000,-9.987993,-10.589113,0.601120,0.218224
13.712000,-9.988601,-10.589124,0.600523,0.217728
13.713000,-9.989193,-10.589118,0.599925,0.217124
13.714000,-9.989769,-10.589094,0.599325,0.216480
13.715000,-9.990329,-10.589053,0.598723,0.215860
13.716000,-9.990874,-10.588993,0.598120,0.215269
13.717000,-9.991403,-10.588917,0.597514,0.214722
13.718000,-9.991916,-10.588824,0.596908,0.214193
13.719000,-9.992413,-10.588713,0.596300,0.213690
13.720000,-9.992895,-10.588585,0.595691,0.213215
13.721000,-9.993360,-10.588441,0.595080,0.212756
13.722000,-9.993810,-10.588280,0.594469,0.212298
13.723000,-9.994245,-10.588102,0.593857,0.211841
13.724000,-9.994663,-10.587907,0.593244,0.211383
13.725000,-9.995066,-10.587695,0.592629,0.210925
13.726000,-9.995452,-10.587466,0.592014,0.210466
13.727000,-9.995823,-10.587221,0.591397,0.210007
13.728000,-9.996179,-10.586959,0.590780,0.209548
13.729000,-9.996518,-10.586679,0.590161,0.209089
13.730000,-9.996842,-10.586384,0.589542,0.208630
13.731000,-9.997150,-10.586071,0.588921,0.208170
13.732000,-9.997442,-10.585741,0.588299,0.207710
13.733000,-9.997718,-10.585395,0.587677,0.207249
13.734000,-9.997979,-10.585032,0.587053,0.206789
13.735000,-9.998224,-10.584652,0.586428,0.206328
13.736000,-9.998452,-10.584255,0.585802,0.205867
13.737000,-9.998666,-10.583841,0.585175,0.205405
13.738000,-9.998863,-10.583410,0.584547,0.204943
13.739000,-9.999045,-10.582963,0.583918,0.204482
13.740000,-9.999210,-10.582499,0.583289,0.204019
13.741000,-9.999360,-10.582018,0.582658,0.203557
13.742000,-9.999495,-10.581520,0.582026,0.203094
13.743000,-9.999613,-10.581006,0.581392,0.202631
13.744000,-9.999716,-10.580474,0.580758,0.202168
13.745000,-9.999803,-10.579926,0.580123,0.201705
13.746000,-9.999874,-10.579361,0.579487,0.201241
13.747000,-9.999929,-10.578779,0.578850,0.200777
13.748000,-9.999968,-10.578180,0.578212,0.200313
13.749000,-9.999992,-10.577565,0.577573,0.199848
13.750000,-10.000000,-10.576933,0.576933,0.199383
13.751000,-9.999992,-10.576284,0.576292,0.198918
13.752000,-9.999968,-10.575618,0.575649,0.198453
13.753000,-9.999929,-10.574935,0.575006,0.197988
13.754000,-9.999874,-10.574236,0.574362,0.197522
13.755000,-9.999803,-10.573520,0.573717,0.197056
13.756000,-9.999716,-10.572786,0.573071,0.196590
13.757000,-9.999613,-10.572037,0.572424,0.196124
13.758000,-9.999495,-10.571270,0.571775,0.195657
13.759000,-9.999360,-10.570487,0.571126,0.195190
13.760000,-9.999210,-10.569686,0.570476,0.194723
13.761000,-9.999045,-10.568869,0.569825,0.194256
13.762000,-9.998863,-10.568036,0.569173,0.193788
13.763000,-9.998666,-10.567185,0.568520,0.193320
13.764000,-9.998452,-10.566318,0.567865,0.192852
13.765000,-9.998224,-10.565434,0.567210,0.192384
13.766000,-9.997979,-10.564533,0.566554,0.191915
13.767000,-9.997718,-10.563615,0.565897,0.191446
13.768000,-9.997442,-10.562681,0.565239,0.190977
13.769000,-9.997150,-10.561730,0.564580,0.190508
13.770000,-9.996842,-10.560762,0.563920,0.190039
13.771000,-9.996518,-10.559777,0.563259,0.189569
13.772000,-9.996179,-10.558776,0.562597,0.189099
13.773000,-9.995823,-10.557757,0.561934,0.188629
13.774000,-9.995452,-10.556722,0.561270,0.188159
13.775000,-9.995066,-10.555671,0.560605,0.187688
13.776000,-9.994663,-10.554602,0.559939,0.187218
13.777000,-9.994245,-10.553517,0.559272,0.186747
13.778000,-9.993810,-10.552415,0.558604,0.186275
13.779000,-9.993360,-10.551296,0.557936,0.185804
13.780000,-9.992895,-10.550161,0.557266,0.185332
13.781000,-9.992413,-10.549008,0.556595,0.184861
13.782000,-9.991916,-10.547840,0.555924,0.184389
13.783000,-9.991403,-10.546654,0.555251,0.183916
13.784000,-9.990874,-10.545451,0.554577,0.183444
13.785000,-9.990329,-10.544232,0.553903,0.182971
13.786000,-9.989769,-10.542996,0.553227,0.182498
13.787000,-9.989193,-10.541744,0.552551,0.182025
13.788000,-9.988601,-10.540474,0.551874,0.181552
13.789000,-9.987993,-10.539188,0.551195,0.181078
13.790000,-9.987370,-10.537886,0.550516,0.180605
13.791000,-9.986730,-10.536566,0.549836,0.180131
13.792000,-9.986075,-10.535230,0.549155,0.179657
13.793000,-9.985404,-10.533877,0.548473,0.179182
13.794000,-9.984718,-10.532507,0.547790,0.178708
13.795000,-9.984016,-10.531121,0.547106,0.178233
13.796000,-9.983297,-10.529718,0.546421,0.177758
13.797000,-9.982564,-10.528298,0.545735,0.177283
13.798000,-9.981814,-10.526862,0.545048,0.176808
13.799000,-9.981048,-10.525409,0.544360,0.176332
13.800000,-9.980267,-10.523939,0.543672,0.175857
13.801000,-9.979470,-10.522452,0.542982,0.175381
13.802000,-9.978658,-10.520949,0.542292,0.174905
13.803000,-9.977829,-10.519429,0.541600,0.174429
13.804000,-9.976985,-10.517893,0.540908,0.173952
13.805000,-9.976125,-10.516340,0.540215,0.173476
13.806000,-9.975249,-10.514770,0.539521,0.172999
13.807000,-9.974358,-10.513183,0.538825,0.172522
13.808000,-9.973451,-10.511580,0.538129,0.172045
13.809000,-9.972528,-10.509960,0.537433,0.171567
13.810000,-9.971589,-10.508324,0.536735,0.171090
13.811000,-9.970635,-10.506670,0.536036,0.170612
13.812000,-9.969664,-10.505001,0.535336,0.170134
13.813000,-9.968678,-10.503314,0.534636,0.169656
13.814000,-9.967677,-10.501611,0.533934,0.169178
13.815000,-9.966659,-10.499891,0.533232,0.168699
13.816000,-9.965626,-10.498155,0.532529,0.168221
13.817000,-9.964577,-10.496402,0.531825,0.167742
13.818000,-9.963513,-10.494632,0.531119,0.167263
13.819000,-9.962432,-10.492846,0.530414,0.166784
13.820000,-9.961336,-10.491043,0.529707,0.166304
13.821000,-9.960224,-10.489223,0.528999,0.165825
13.822000,-9.959097,-10.487387,0.528290,0.165345
13.823000,-9.957953,-10.485534,0.527581,0.164865
13.824000,-9.956794,-10.483665,0.526870,0.164385
13.825000,-9.955620,-10.481779,0.526159,0.163905
13.826000,-9.954429,-10.479876,0.525447,0.163425
13.827000,-9.953223,-10.477957,0.524734,0.162944
13.828000,-9.952001,-10.476021,0.524020,0.162464
13.829000,-9.950763,-10.474069,0.523305,0.161983
13.830000,-9.949510,-10.472100,0.522589,0.161502
13.831000,-9.948241,-10.470114,0.521873,0.161021
13.832000,-9.946956,-10.468112,0.521155,0.160540
13.833000,-9.945656,-10.466093,0.520437,0.160058
13.834000,-9.944340,-10.464058,0.519718,0.159577
13.835000,-9.943008,-10.462006,0.518998,0.159095
13.836000,-9.941660,-10.459937,0.518277,0.158613
13.837000,-9.940297,-10.457852,0.517555,0.158131
13.838000,-9.938918,-10.455751,0.516833,0.157649
13.839000,-9.937523,-10.453632,0.516109,0.157166
13.840000,-9.936113,-10.451498,0.515385,0.156684
13.841000,-9.934687,-10.449346,0.514659,0.156201
13.842000,-9.933245,-10.447179,0.513933,0.155718
13.843000,-9.931788,-10.444994,0.513206,0.155235
13.844000,-9.930315,-10.442793,0.512479,0.154752
13.845000,-9.928826,-10.440576,0.511750,0.154269
13.846000,-9.927322,-10.438342,0.511020,0.153785
13.847000,-9.925801,-10.436092,0.510290,0.153302
13.848000,-9.924266,-10.433825,0.509559,0.152818
13.849000,-9.922714,-10.431541,0.508827,0.152334
13.850000,-9.921147,-10.429241,0.508094,0.151850
13.851000,-9.919564,-10.426925,0.507360,0.151366
13.852000,-9.917966,-10.424592,0.506626,0.150882
13.853000,-9.916352,-10.422242,0.505890,0.150397
13.854000,-9.914722,-10.419876,0.505154,0.149913
13.855000,-9.913076,-10.417494,0.504417,0.149428
13.856000,-9.911415,-10.415095,0.503679,0.148943
13.857000,-9.909738,-10.412679,0.502941,0.148458
13.858000,-9.908046,-10.410247,0.502201,0.147973
13.859000,-9.906338,-10.407799,0.501461,0.147488
13.860000,-9.904614,-10.405334,0.500720,0.147003
13.861000,-9.902875,-10.402852,0.499978,0.146517
13.862000,-9.901120,-10.400355,0.499235,0.146031
13.863000,-9.899349,-10.397840,0.498491,0.145546
13.864000,-9.897563,-10.395310,0.497747,0.145060
13.865000,-9.895761,-10.392762,0.497001,0.144574
13.866000,-9.893944,-10.390199,0.496255,0.144088
13.867000,-9.892111,-10.387619,0.495508,0.143601
13.868000,-9.890262,-10.385022,0.494761,0.143115
13.869000,-9.888397,-10.382409,0.494012,0.142628
13.870000,-9.886517,-10.379780,0.493263,0.142142
13.871000,-9.884622,-10.377134,0.492513,0.141655
13.872000,-9.882711,-10.374472,0.491762,0.141168
13.873000,-9.880784,-10.371794,0.491010,0.140681
13.874000,-9.878841,-10.369099,0.490257,0.140194
13.875000,-9.876883,-10.366387,0.489504,0.139707
13.876000,-9.874910,-10.363660,0.488750,0.139219
13.877000,-9.872921,-10.360916,0.487995,0.138732
13.878000,-9.870916,-10.358155,0.487239,0.138244
13.879000,-9.868895,-10.355378,0.486483,0.137757
13.880000,-9.866859,-10.352585,0.485725,0.137269
13.881000,-9.864808,-10.349775,0.484967,0.136781
13.882000,-9.862741,-10.346949,0.484208,0.136293
13.883000,-9.860658,-10.344107,0.483449,0.135805
13.884000,-9.858560,-10.341248,0.482688,0.135317
13.885000,-9.856446,-10.338373,0.481927,0.134828
13.886000,-9.854317,-10.335482,0.481165,0.134340
13.887000,-9.852172,-10.332574,0.480402,0.133851
13.888000,-9.850011,-10.329650,0.479639,0.133362
13.889000,-9.847835,-10.326710,0.478875,0.132874
13.890000,-9.845643,-10.323753,0.478109,0.132385
13.891000,-9.843436,-10.320780,0.477344,0.131896
13.892000,-9.841213,-10.317790,0.476577,0.131407
13.893000,-9.838975,-10.314785,0.475810,0.130917
13.894000,-9.836721,-10.311763,0.475041,0.130428
13.895000,-9.834452,-10.308725,0.474273,0.129939
13.896000,-9.832167,-10.305670,0.473503,0.129449
13.897000,-9.829867,-10.302599,0.472732,0.128960
13.898000,-9.827551,-10.299512,0.471961,0.128470
13.899000,-9.825219,-10.296409,0.471189,0.127980
13.900000,-9.822873,-10.293289,0.470417,0.127490
13.901000,-9.820510,-10.290153,0.469643,0.127000
13.902000,-9.818132,-10.287001,0.468869,0.126510
13.903000,-9.815739,-10.283833,0.468094,0.126020
13.904000,-9.813330,-10.280648,0.467318,0.125530
13.905000,-9.810905,-10.277447,0.466542,0.125039
13.906000,-9.808465,-10.274230,0.465765,0.124549
13.907000,-9.806010,-10.270997,0.464987,0.124058
13.908000,-9.803539,-10.267747,0.464208,0.123568
13.909000,-9.801052,-10.264481,0.463429,0.123077
13.910000,-9.798551,-10.261199,0.462649,0.122586
13.911000,-9.796033,-10.257901,0.461868,0.122095
13.912000,-9.793500,-10.254587,0.461086,0.121604
13.913000,-9.790952,-10.251256,0.460304,0.121113
13.914000,-9.788388,-10.247909,0.459521,0.120622
13.915000,-9.785809,-10.244546,0.458737,0.120131
13.916000,-9.783214,-10.241167,0.457953,0.119640
13.917000,-9.780604,-10.237772,0.457167,0.119148
13.918000,-9.777979,-10.234360,0.456381,0.118657
13.919000,-9.775338,-10.230932,0.455595,0.118165
13.920000,-9.772681,-10.227489,0.454807,0.117674
13.921000,-9.770009,-10.224029,0.454019,0.117182
13.922000,-9.767322,-10.220552,0.453230,0.116690
13.923000,-9.764619,-10.217060,0.452441,0.116198
13.924000,-9.761901,-10.213552,0.451651,0.115706
13.925000,-9.759168,-10.210027,0.450860,0.115214
13.926000,-9.756419,-10.206487,0.450068,0.114722
13.927000,-9.753654,-10.202930,0.449276,0.114230
13.928000,-9.750874,-10.199357,0.448483,0.113738
13.929000,-9.748079,-10.195768,0.447689,0.113246
13.930000,-9.745269,-10.192163,0.446895,0.112753
13.931000,-9.742443,-10.188542,0.446099,0.112261
13.932000,-9.739601,-10.184905,0.445304,0.111769
13.933000,-9.736745,-10.181252,0.444507,0.111276
13.934000,-9.733873,-10.177582,0.443710,0.110783
13.935000,-9.730985,-10.173897,0.442912,0.110291
13.936000,-9.728082,-10.170196,0.442113,0.109798
13.937000,-9.725164,-10.166478,0.441314,0.109305
13.938000,-9.722231,-10.162744,0.440514,0.108812
13.939000,-9.719282,-10.158995,0.439713,0.108319
13.940000,-9.716317,-10.155229,0.438912,0.107826
13.941000,-9.713338,-10.151448,0.438110,0.107333
13.942000,-9.710343,-10.147650,0.437307,0.106840
13.943000,-9.707333,-10.143836,0.436504,0.106347
13.944000,-9.704307,-10.140007,0.435700,0.105854
13.945000,-9.701266,-10.136161,0.434895,0.105360
13.946000,-9.698210,-10.132299,0.434090,0.104867
13.947000,-9.695138,-10.128422,0.433284,0.104374
13.948000,-9.692051,-10.124528,0.432477,0.103880
13.949000,-9.688949,-10.120619,0.431670,0.103387
13.950000,-9.685832,-10.116693,0.430861,0.102893
13.951000,-9.682699,-10.112752,0.430053,0.102400
13.952000,-9.679551,-10.108794,0.429243,0.101906
13.953000,-9.676387,-10.104821,0.428433,0.101412
13.954000,-9.673209,-10.100831,0.427623,0.100918
13.955000,-9.670015,-10.096826,0.426811,0.100425
13.956000,-9.666806,-10.092805,0.425999,0.099931
13.957000,-9.663581,-10.088768,0.425187,0.099437
13.958000,-9.660342,-10.084715,0.424373,0.098943
13.959000,-9.657087,-10.080646,0.423559,0.098449
13.960000,-9.653816,-10.076561,0.422745,0.097955
13.961000,-9.650531,-10.072461,0.421930,0.097461
13.962000,-9.647230,-10.068344,0.421114,0.096966
13.963000,-9.643914,-10.064212,0.420297,0.096472
13.964000,-9.640583,-10.060063,0.419480,0.095978
13.965000,-9.637237,-10.055899,0.418662,0.095484
13.966000,-9.633875,-10.051719,0.417844,0.094989
13.967000,-9.630498,-10.047523,0.417025,0.094495
13.968000,-9.627106,-10.043312,0.416205,0.094001
13.969000,-9.623699,-10.039084,0.415385,0.093506
13.970000,-9.620277,-10.034841,0.414564,0.093012
13.971000,-9.616839,-10.030581,0.413742,0.092517
13.972000,-9.613386,-10.026306,0.412920,0.092023
13.973000,-9.609918,-10.022016,0.412097,0.091528
13.974000,-9.606435,-10.017709,0.411274,0.091034
13.975000,-9.602937,-10.013387,0.410450,0.090539
13.976000,-9.599423,-10.009049,0.409625,0.090044
13.977000,-9.595895,-10.004695,0.408800,0.089550
13.978000,-9.592351,-10.000325,0.407974,0.089055
13.979000,-9.588792,-9.995940,0.407148,0.088560
13.980000,-9.585218,-9.991538,0.406320,0.088065
13.981000,-9.581629,-9.987121,0.405493,0.087571
13.982000,-9.578024,-9.982689,0.404664,0.087076
13.983000,-9.574405,-9.978240,0.403835,0.086581
13.984000,-9.570770,-9.973776,0.403006,0.086086
13.985000,-9.567121,-9.969296,0.402176,0.085591
13.986000,-9.563456,-9.964801,0.401345,0.085096
13.987000,-9.559776,-9.960289,0.400514,0.084601
13.988000,-9.556081,-9.955763,0.399682,0.084106
13.989000,-9.552371,-9.951220,0.398849,0.083611
13.990000,-9.548645,-9.946662,0.398016,0.083116
13.991000,-9.544905,-9.942088,0.397182,0.082621
13.992000,-9.541150,-9.937498,0.396348,0.082126
13.993000,-9.537379,-9.932893,0.395513,0.081631
13.994000,-9.533594,-9.928272,0.394678,0.081135
13.995000,-9.529793,-9.923635,0.393842,0.080640
13.996000,-9.525978,-9.918983,0.393005,0.080145
13.997000,-9.522147,-9.914315,0.392168,0.079650
13.998000,-9.518302,-9.909632,0.391330,0.079155
13.999000,-9.514441,-9.904933,0.390492,0.078659
14.000000,-9.510565,-9.900218,0.389653,0.078164
14.001000,-9.506674,-9.895488,0.388813,0.077669
14.002000,-9.502769,-9.890742,0.387973,0.077174
14.003000,-9.498848,-9.885981,0.387133,0.076678
14.004000,-9.494912,-9.881204,0.386292,0.076183
14.005000,-9.490961,-9.876411,0.385450,0.075688
14.006000,-9.486996,-9.871603,0.384607,0.075193
14.007000,-9.483015,-9.866780,0.383765,0.074697
14.008000,-9.479019,-9.861940,0.382921,0.074202
14.009000,-9.475009,-9.857086,0.382077,0.073707
14.010000,-9.470983,-9.852216,0.381233,0.073211
14.011000,-9.466942,-9.847330,0.380387,0.072716
14.012000,-9.462887,-9.842429,0.379542,0.072220
14.013000,-9.458816,-9.837512,0.378695,0.071725
14.014000,-9.454731,-9.832580,0.377849,0.071230
14.015000,-9.450631,-9.827632,0.377001,0.070734
14.016000,-9.446515,-9.822669,0.376154,0.070239
14.017000,-9.442385,-9.817690,0.375305,0.069744
14.018000,-9.438240,-9.812696,0.374456,0.069248
14.019000,-9.434080,-9.807687,0.373607,0.068753
14.020000,-9.429905,-9.802662,0.372757,0.068257
14.021000,-9.425716,-9.797622,0.371906,0.067762
14.022000,-9.421511,-9.792566,0.371055,0.067267
14.023000,-9.417291,-9.787495,0.370203,0.066771
14.024000,-9.413057,-9.782408,0.369351,0.066276
14.025000,-9.408808,-9.777306,0.368499,0.065780
14.026000,-9.404544,-9.772189,0.367645,0.065285
14.027000,-9.400265,-9.767056,0.366792,0.064790
14.028000,-9.395971,-9.761908,0.365937,0.064294
14.029000,-9.391662,-9.756745,0.365082,0.063799
14.030000,-9.387339,-9.751566,0.364227,0.063303
14.031000,-9.383000,-9.746372,0.363371,0.062808
14.032000,-9.378647,-9.741162,0.362515,0.062313
14.033000,-9.374279,-9.735937,0.361658,0.061817
14.034000,-9.369896,-9.730697,0.360801,0.061322
14.035000,-9.365499,-9.725442,0.359943,0.060827
14.036000,-9.361087,-9.720171,0.359084,0.060331
14.037000,-9.356659,-9.714885,0.358226,0.059836
14.038000,-9.352218,-9.709584,0.357366,0.059341
14.039000,-9.347761,-9.704267,0.356506,0.058845
14.040000,-9.343289,-9.698935,0.355646,0.058350
14.041000,-9.338803,-9.693588,0.354785,0.057855
14.042000,-9.334302,-9.688226,0.353923,0.057360
14.043000,-9.329787,-9.682848,0.353061,0.056864
14.044000,-9.325256,-9.677455,0.352199,0.056369
14.045000,-9.320711,-9.672047,0.351336,0.055874
14.046000,-9.316151,-9.666624,0.350473,0.055379
14.047000,-9.311577,-9.661186,0.349609,0.054883
14.048000,-9.306987,-9.655732,0.348744,0.054388
14.049000,-9.302384,-9.650263,0.347880,0.053893
14.050000,-9.297765,-9.644779,0.347014,0.053398
14.051000,-9.293132,-9.639280,0.346148,0.052903
14.052000,-9.288484,-9.633766,0.345282,0.052408
14.053000,-9.283821,-9.628236,0.344415,0.051913
14.054000,-9.279144,-9.622691,0.343548,0.051418
14.055000,-9.274452,-9.617132,0.342680,0.050923
14.056000,-9.269745,-9.611557,0.341812,0.050428
14.057000,-9.265024,-9.605967,0.340943,0.049933
14.058000,-9.260288,-9.600362,0.340074,0.049438
14.059000,-9.255537,-9.594742,0.339204,0.048943
14.060000,-9.250772,-9.589106,0.338334,0.048448
14.061000,-9.245992,-9.583456,0.337464,0.047953
14.062000,-9.241198,-9.577791,0.336593,0.047458
14.063000,-9.236389,-9.572110,0.335721,0.046963
14.064000,-9.231566,-9.566415,0.334849,0.046468
14.065000,-9.226727,-9.560704,0.333977,0.045974
14.066000,-9.221875,-9.554979,0.333104,0.045479
14.067000,-9.217007,-9.549238,0.332230,0.044984
14.068000,-9.212126,-9.543482,0.331357,0.044489
14.069000,-9.207229,-9.537712,0.330482,0.043995
14.070000,-9.202318,-9.531926,0.329608,0.043500
14.071000,-9.197393,-9.526126,0.328732,0.043006
14.072000,-9.192453,-9.520310,0.327857,0.042511
14.073000,-9.187499,-9.514479,0.326981,0.042016
14.074000,-9.182530,-9.508634,0.326104,0.041522
14.075000,-9.177546,-9.502774,0.325227,0.041027
14.076000,-9.172548,-9.496898,0.324350,0.040533
14.077000,-9.167536,-9.491008,0.323472,0.040039
14.078000,-9.162509,-9.485103,0.322594,0.039544
14.079000,-9.157468,-9.479183,0.321715,0.039050
14.080000,-9.152412,-9.473248,0.320836,0.038556
14.081000,-9.147341,-9.467298,0.319957,0.038061
14.082000,-9.142257,-9.461333,0.319077,0.037567
14.083000,-9.137158,-9.455354,0.318196,0.037073
14.084000,-9.132044,-9.449359,0.317315,0.036579
14.085000,-9.126916,-9.443350,0.316434,0.036085
14.086000,-9.121773,-9.437326,0.315552,0.035591
14.087000,-9.116617,-9.431287,0.314670,0.035097
14.088000,-9.111445,-9.425233,0.313788,0.034603
14.089000,-9.106260,-9.419164,0.312905,0.034109
14.090000,-9.101060,-9.413081,0.312021,0.033615
14.091000,-9.095845,-9.406983,0.311137,0.033121
14.092000,-9.090617,-9.400870,0.310253,0.032627
14.093000,-9.085373,-9.394742,0.309369,0.032133
14.094000,-9.080116,-9.388600,0.308484,0.031640
14.095000,-9.074844,-9.382442,0.307598,0.031146
14.096000,-9.069558,-9.376270,0.306712,0.030652
14.097000,-9.064258,-9.370084,0.305826,0.030159
14.098000,-9.058943,-9.363882,0.304939,0.029665
14.099000,-9.053614,-9.357666,0.304052,0.029172
14.100000,-9.048271,-9.351435,0.303165,0.028678
14.101000,-9.042913,-9.345190,0.302277,0.028185
14.102000,-9.037541,-9.338930,0.301389,0.027691
14.103000,-9.032155,-9.332655,0.300500,0.027198
14.104000,-9.026754,-9.326365,0.299611,0.026705
14.105000,-9.021340,-9.320061,0.298722,0.026212
14.106000,-9.015911,-9.313743,0.297832,0.025719
14.107000,-9.010467,-9.307409,0.296942,0.025225
14.108000,-9.005010,-9.301061,0.296051,0.024732
14.109000,-8.999538,-9.294698,0.295160,0.024239
14.110000,-8.994053,-9.288321,0.294269,0.023746
14.111000,-8.988552,-9.281929,0.293377,0.023254
14.112000,-8.983038,-9.275523,0.292485,0.022761
14.113000,-8.977510,-9.269102,0.291592,0.022268
14.114000,-8.971967,-9.262667,0.290699,0.021775
14.115000,-8.966410,-9.256217,0.289806,0.021283
14.116000,-8.960839,-9.249752,0.288913,0.020790
14.117000,-8.955254,-9.243273,0.288019,0.020297
14.118000,-8.949655,-9.236779,0.287124,0.019805
14.119000,-8.944042,-9.230271,0.286229,0.019313
14.120000,-8.938414,-9.223749,0.285334,0.018820
14.121000,-8.932773,-9.217212,0.284439,0.018328
14.122000,-8.927117,-9.210660,0.283543,0.017836
14.123000,-8.921447,-9.204094,0.282647,0.017343
14.124000,-8.915763,-9.197514,0.281750,0.016851
14.125000,-8.910065,-9.190919,0.280853,0.016359
14.126000,-8.904353,-9.184309,0.279956,0.015867
14.127000,-8.898627,-9.177686,0.279058,0.015375
14.128000,-8.892887,-9.171047,0.278161,0.014883
14.129000,-8.887133,-9.164395,0.277262,0.014392
14.130000,-8.881364,-9.157728,0.276363,0.013900
14.131000,-8.875582,-9.151047,0.275464,0.013408
14.132000,-8.869786,-9.144351,0.274565,0.012916
14.133000,-8.863976,-9.137641,0.273665,0.012425
14.134000,-8.858151,-9.130917,0.272765,0.011933
14.135000,-8.852313,-9.124178,0.271865,0.011442
14.136000,-8.846461,-9.117425,0.270964,0.010951
14.137000,-8.840595,-9.110658,0.270063,0.010459
14.138000,-8.834714,-9.103876,0.269162,0.009968
14.139000,-8.828820,-9.097080,0.268260,0.009477
14.140000,-8.822912,-9.090270,0.267358,0.008986
14.141000,-8.816990,-9.083446,0.266455,0.008495
14.142000,-8.811054,-9.076607,0.265553,0.008004
14.143000,-8.805104,-9.069754,0.264649,0.007513
14.144000,-8.799141,-9.062887,0.263746,0.007022
14.145000,-8.793163,-9.056005,0.262842,0.006532
14.146000,-8.787172,-9.049110,0.261938,0.006041
14.147000,-8.781166,-9.042200,0.261034,0.005550
14.148000,-8.775147,-9.035276,0.260129,0.005060
14.149000,-8.769114,-9.028338,0.259224,0.004569
14.150000,-8.763067,-9.021386,0.258319,0.004079
14.151000,-8.757006,-9.014419,0.257413,0.003589
14.152000,-8.750931,-9.007438,0.256507,0.003098
14.153000,-8.744843,-9.000444,0.255601,0.002608
14.154000,-8.738741,-8.993435,0.254694,0.002118
14.155000,-8.732625,-8.986412,0.253787,0.001628
14.156000,-8.726495,-8.979375,0.252880,0.001138
14.157000,-8.720351,-8.972324,0.251973,0.000649
14.158000,-8.714194,-8.965258,0.251065,0.000159
14.159000,-8.708022,-8.958179,0.250157,-0.000331
14.160000,-8.701838,-8.951086,0.249248,-0.000820
14.161000,-8.695639,-8.943978,0.248339,-0.001310
14.162000,-8.689426,-8.936857,0.247430,-0.001799
14.163000,-8.683200,-8.929721,0.246521,-0.002289
14.164000,-8.676961,-8.922572,0.245611,-0.002778
14.165000,-8.670707,-8.915409,0.244702,-0.003267
14.166000,-8.664440,-8.908231,0.243791,-0.003756
14.167000,-8.658159,-8.901040,0.242881,-0.004245
14.168000,-8.651864,-8.893834,0.241970,-0.004734
14.169000,-8.645556,-8.886615,0.241059,-0.005223
14.170000,-8.639234,-8.879382,0.240148,-0.005712
14.171000,-8.632899,-8.872135,0.239236,-0.006201
14.172000,-8.626549,-8.864874,0.238324,-0.006689
14.173000,-8.620187,-8.857599,0.237412,-0.007178
14.174000,-8.613810,-8.850310,0.236499,-0.007666
14.175000,-8.607420,-8.843007,0.235587,-0.008155
14.176000,-8.601017,-8.835690,0.234674,-0.008643
14.177000,-8.594599,-8.828360,0.233760,-0.009131
14.178000,-8.588169,-8.821015,0.232847,-0.009619
14.179000,-8.581724,-8.813657,0.231933,-0.010107
14.180000,-8.575267,-8.806285,0.231019,-0.010595
14.181000,-8.568795,-8.798899,0.230104,-0.011083
14.182000,-8.562310,-8.791500,0.229190,-0.011571
14.183000,-8.555812,-8.784086,0.228275,-0.012058
14.184000,-8.549300,-8.776659,0.227360,-0.012546
14.185000,-8.542774,-8.769218,0.226444,-0.013033
14.186000,-8.536235,-8.761764,0.225528,-0.013521
14.187000,-8.529683,-8.754295,0.224612,-0.014008
14.188000,-8.523117,-8.746813,0.223696,-0.014495
14.189000,-8.516538,-8.739317,0.222780,-0.014982
14.190000,-8.509945,-8.731808,0.221863,-0.015469
14.191000,-8.503339,-8.724284,0.220946,-0.015956
14.192000,-8.496719,-8.716748,0.220029,-0.016443
14.193000,-8.490086,-8.709197,0.219111,-0.016930
14.194000,-8.483439,-8.701633,0.218193,-0.017416
14.195000,-8.476779,-8.694055,0.217275,-0.017903
14.196000,-8.470106,-8.686463,0.216357,-0.018389
14.197000,-8.463419,-8.678858,0.215439,-0.018875
14.198000,-8.456719,-8.671239,0.214520,-0.019362
14.199000,-8.450006,-8.663607,0.213601,-0.019848
14.200000,-8.443279,-8.655961,0.212682,-0.020334
14.201000,-8.436539,-8.648302,0.211762,-0.020820
14.202000,-8.429786,-8.640629,0.210843,-0.021306
14.203000,-8.423019,-8.632942,0.209923,-0.021791
14.204000,-8.416239,-8.625242,0.209003,-0.022277
14.205000,-8.409446,-8.617528,0.208082,-0.022763
14.206000,-8.402639,-8.609801,0.207162,-0.023248
14.207000,-8.395819,-8.602060,0.206241,-0.023733
14.208000,-8.388986,-8.594306,0.205320,-0.024219
14.209000,-8.382140,-8.586539,0.204399,-0.024704
14.210000,-8.375280,-8.578758,0.203477,-0.025189
14.211000,-8.368408,-8.570963,0.202555,-0.025674
14.212000,-8.361522,-8.563155,0.201634,-0.026159
14.213000,-8.354622,-8.555334,0.200711,-0.026643
14.214000,-8.347710,-8.547499,0.199789,-0.027128
14.215000,-8.340784,-8.539651,0.198866,-0.027612
14.216000,-8.333846,-8.531789,0.197944,-0.028097
14.217000,-8.326894,-8.523914,0.197021,-0.028581
14.218000,-8.319929,-8.516026,0.196097,-0.029065
14.219000,-8.312950,-8.508124,0.195174,-0.029550
14.220000,-8.305959,-8.500209,0.194250,-0.030034
14.221000,-8.298955,-8.492281,0.193326,-0.030517
14.222000,-8.291937,-8.484339,0.192402,-0.031001
14.223000,-8.284906,-8.476384,0.191478,-0.031485
14.224000,-8.277863,-8.468416,0.190554,-0.031968
14.225000,-8.270806,-8.460435,0.189629,-0.032452
14.226000,-8.263736,-8.452440,0.188704,-0.032935
14.227000,-8.256653,-8.444432,0.187779,-0.033418
14.228000,-8.249557,-8.436411,0.186854,-0.033902
14.229000,-8.242448,-8.428376,0.185928,-0.034385
14.230000,-8.235326,-8.420329,0.185003,-0.034868
14.231000,-8.228191,-8.412268,0.184077,-0.035350
14.232000,-8.221043,-8.404194,0.183151,-0.035833
14.233000,-8.213882,-8.396107,0.182225,-0.036316
14.234000,-8.206708,-8.388006,0.181298,-0.036798
14.235000,-8.199521,-8.379893,0.180372,-0.037280
14.236000,-8.192321,-8.371766,0.179445,-0.037763
14.237000,-8.185108,-8.363626,0.178518,-0.038245
14.238000,-8.177883,-8.355474,0.177591,-0.038727
14.239000,-8.170644,-8.347308,0.176664,-0.039209
14.240000,-8.163393,-8.339129,0.175736,-0.039690
14.241000,-8.156128,-8.330936,0.174808,-0.040172
14.242000,-8.148851,-8.322731,0.173881,-0.040654
14.243000,-8.141561,-8.314513,0.172953,-0.041135
14.244000,-8.134258,-8.306282,0.172024,-0.041616
14.245000,-8.126942,-8.298038,0.171096,-0.042098
14.246000,-8.119613,-8.289780,0.170167,-0.042579
14.247000,-8.112271,-8.281510,0.169239,-0.043060
14.248000,-8.104917,-8.273227,0.168310,-0.043541
14.249000,-8.097550,-8.264931,0.167381,-0.044021
14.250000,-8.090170,-8.256622,0.166452,-0.044502
14.251000,-8.082777,-8.248300,0.165522,-0.044982
14.252000,-8.075372,-8.239965,0.164593,-0.045463
14.253000,-8.067954,-8.231617,0.163663,-0.045943
14.254000,-8.060523,-8.223256,0.162733,-0.046423
14.255000,-8.053079,-8.214882,0.161803,-0.046903
14.256000,-8.045622,-8.206496,0.160873,-0.047383
14.257000,-8.038153,-8.198096,0.159943,-0.047863
14.258000,-8.030672,-8.189684,0.159012,-0.048342
14.259000,-8.023177,-8.181259,0.158082,-0.048822
14.260000,-8.015670,-8.172821,0.157151,-0.049301
14.261000,-8.008150,-8.164370,0.156220,-0.049781
14.262000,-8.000618,-8.155907,0.155289,-0.050260
14.263000,-7.993072,-8.147430,0.154358,-0.050739
14.264000,-7.985515,-8.138941,0.153427,-0.051218
14.265000,-7.977944,-8.130440,0.152495,-0.051696
14.266000,-7.970361,-8.121925,0.151564,-0.052175
14.267000,-7.962766,-8.113398,0.150632,-0.052654
14.268000,-7.955158,-8.104858,0.149700,-0.053132
14.269000,-7.947537,-8.096305,0.148768,-0.053610
14.270000,-7.939904,-8.087740,0.147836,-0.054088
14.271000,-7.932258,-8.079162,0.146904,-0.054566
14.272000,-7.924600,-8.070571,0.145971,-0.055044
14.273000,-7.916929,-8.061968,0.145039,-0.055522
14.274000,-7.909246,-8.053352,0.144106,-0.056000
14.275000,-7.901550,-8.044723,0.143173,-0.056477
14.276000,-7.893842,-8.036082,0.142240,-0.056955
14.277000,-7.886121,-8.027428,0.141307,-0.057432
14.278000,-7.878388,-8.018762,0.140374,-0.057909
14.279000,-7.870642,-8.010083,0.139441,-0.058386
14.280000,-7.862884,-8.001392,0.138507,-0.058863
14.281000,-7.855114,-7.992688,0.137574,-0.059340
14.282000,-7.847331,-7.983971,0.136640,-0.059816
14.283000,-7.839536,-7.975242,0.135706,-0.060293
14.284000,-7.831728,-7.966501,0.134772,-0.060769
14.285000,-7.823908,-7.957747,0.133839,-0.061245
14.286000,-7.816076,-7.948980,0.132904,-0.061721
14.287000,-7.808231,-7.940201,0.131970,-0.062197
14.288000,-7.800374,-7.931410,0.131036,-0.062673
14.289000,-7.792505,-7.922606,0.130101,-0.063149
14.290000,-7.784623,-7.913790,0.129167,-0.063624
14.291000,-7.776729,-7.904961,0.128232,-0.064099
14.292000,-7.768823,-7.896120,0.127298,-0.064575
14.293000,-7.760904,-7.887267,0.126363,-0.065050
14.294000,-7.752974,-7.878401,0.125428,-0.065525
14.295000,-7.745031,-7.869523,0.124493,-0.066000
14.296000,-7.737075,-7.860633,0.123558,-0.066474
14.297000,-7.729108,-7.851730,0.122622,-0.066949
14.298000,-7.721128,-7.842815,0.121687,-0.067423
14.299000,-7.713136,-7.833888,0.120752,-0.067898
14.300000,-7.705132,-7.824948,0.119816,-0.068372
14.301000,-7.697116,-7.815997,0.118880,-0.068846
14.302000,-7.689088,-7.807033,0.117945,-0.069320
14.303000,-7.681047,-7.798056,0.117009,-0.069793
14.304000,-7.672995,-7.789068,0.116073,-0.070267
14.305000,-7.664930,-7.780067,0.115137,-0.070741
14.306000,-7.656853,-7.771054,0.114201,-0.071214
14.307000,-7.648764,-7.762029,0.113265,-0.071687
14.308000,-7.640663,-7.752992,0.112329,-0.072160
14.309000,-7.632550,-7.743943,0.111393,-0.072633
14.310000,-7.624425,-7.734881,0.110456,-0.073106
14.311000,-7.616288,-7.725808,0.109520,-0.073578
14.312000,-7.608139,-7.716722,0.108583,-0.074051
14.313000,-7.599978,-7.707624,0.107647,-0.074523
14.314000,-7.591804,-7.698514,0.106710,-0.074995
14.315000,-7.583619,-7.689392,0.105773,-0.075467
14.316000,-7.575422,-7.680258,0.104836,-0.075939
14.317000,-7.567213,-7.671112,0.103900,-0.076411
14.318000,-7.558992,-7.661954,0.102963,-0.076883
14.319000,-7.550759,-7.652784,0.102026,-0.077354
14.320000,-7.542514,-7.643602,0.101089,-0.077825
14.321000,-7.534257,-7.634408,0.100151,-0.078296
14.322000,-7.525988,-7.625202,0.099214,-0.078767
14.323000,-7.517708,-7.615985,0.098277,-0.079238
14.324000,-7.509415,-7.606755,0.097340,-0.079709
14.325000,-7.501111,-7.597513,0.096402,-0.080180
14.326000,-7.492794,-7.588259,0.095465,-0.080650
14.327000,-7.484466,-7.578994,0.094527,-0.081120
14.328000,-7.476127,-7.569716,0.093590,-0.081590
14.329000,-7.467775,-7.560427,0.092652,-0.082060
14.330000,-7.459411,-7.551126,0.091715,-0.082530
14.331000,-7.451036,-7.541813,0.090777,-0.083000
14.332000,-7.442649,-7.532488,0.089839,-0.083469
14.333000,-7.434250,-7.523152,0.088901,-0.083939
14.334000,-7.425840,-7.513804,0.087964,-0.084408
14.335000,-7.417418,-7.504444,0.087026,-0.084877
14.336000,-7.408984,-7.495072,0.086088,-0.085346
14.337000,-7.400538,-7.485688,0.085150,-0.085815
14.338000,-7.392081,-7.476293,0.084212,-0.086283
14.339000,-7.383612,-7.466886,0.083274,-0.086752
14.340000,-7.375131,-7.457467,0.082336,-0.087220
14.341000,-7.366639,-7.448037,0.081398,-0.087688
14.342000,-7.358135,-7.438595,0.080460,-0.088156
14.343000,-7.349619,-7.429141,0.079521,-0.088624
14.344000,-7.341092,-7.419675,0.078583,-0.089092
14.345000,-7.332553,-7.410198,0.077645,-0.089559
14.346000,-7.324003,-7.400710,0.076707,-0.090027
14.347000,-7.315441,-7.391210,0.075768,-0.090494
14.348000,-7.306868,-7.381698,0.074830,-0.090961
14.349000,-7.298283,-7.372175,0.073892,-0.091428
14.350000,-7.289686,-7.362640,0.072953,-0.091895
14.351000,-7.281078,-7.353093,0.072015,-0.092361
14.352000,-7.272459,-7.343535,0.071077,-0.092828
14.353000,-7.263828,-7.333966,0.070138,-0.093294
14.354000,-7.255185,-7.324385,0.069200,-0.093760
14.355000,-7.246531,-7.314792,0.068261,-0.094226
14.356000,-7.237866,-7.305189,0.067323,-0.094692
14.357000,-7.229189,-7.295573,0.066384,-0.095157
14.358000,-7.220501,-7.285947,0.065446,-0.095623
14.359000,-7.211801,-7.276308,0.064507,-0.096088
14.360000,-7.203090,-7.266659,0.063569,-0.096553
14.361000,-7.194368,-7.256998,0.062630,-0.097018
14.362000,-7.185634,-7.247326,0.061691,-0.097483
14.363000,-7.176889,-7.237642,0.060753,-0.097948
14.364000,-7.168133,-7.227947,0.059814,-0.098412
14.365000,-7.159365,-7.218241,0.058876,-0.098877
14.366000,-7.150586,-7.208523,0.057937,-0.099341
14.367000,-7.141795,-7.198794,0.056999,-0.099805
14.368000,-7.132994,-7.189054,0.056060,-0.100269
14.369000,-7.124181,-7.179302,0.055121,-0.100732
14.370000,-7.115357,-7.169540,0.054183,-0.101196
14.371000,-7.106521,-7.159766,0.053244,-0.101659
14.372000,-7.097675,-7.149981,0.052306,-0.102122
14.373000,-7.088817,-7.140184,0.051367,-0.102585
14.374000,-7.079948,-7.130377,0.050429,-0.103048
14.375000,-7.071068,-7.120558,0.049490,-0.103511
14.376000,-7.062176,-7.110728,0.048551,-0.103974
14.377000,-7.053274,-7.100887,0.047613,-0.104436
14.378000,-7.044360,-7.091035,0.046674,-0.104898
14.379000,-7.035436,-7.081171,0.045736,-0.105360
14.380000,-7.026500,-7.071297,0.044797,-0.105822
14.381000,-7.017553,-7.061412,0.043859,-0.106284
14.382000,-7.008595,-7.051515,0.042920,-0.106745
14.383000,-6.999626,-7.041608,0.041982,-0.107206
14.384000,-6.990645,-7.031689,0.041044,-0.107668
14.385000,-6.981654,-7.021759,0.040105,-0.108129
14.386000,-6.972652,-7.011819,0.039167,-0.108589
14.387000,-6.963639,-7.001867,0.038228,-0.109050
14.388000,-6.954614,-6.991905,0.037290,-0.109511
14.389000,-6.945579,-6.981931,0.036352,-0.109971
14.390000,-6.936533,-6.971947,0.035414,-0.110431
14.391000,-6.927476,-6.961951,0.034475,-0.110891
14.392000,-6.918408,-6.951945,0.033537,-0.111351
14.393000,-6.909329,-6.941928,0.032599,-0.111810
14.394000,-6.900239,-6.931900,0.031661,-0.112270
14.395000,-6.891138,-6.921861,0.030723,-0.112729
14.396000,-6.882026,-6.911811,0.029785,-0.113188
14.397000,-6.872904,-6.901750,0.028846,-0.113647
14.398000,-6.863770,-6.891679,0.027908,-0.114106
14.399000,-6.854626,-6.881597,0.026970,-0.114565
14.400000,-6.845471,-6.871504,0.026033,-0.115023
14.401000,-6.836305,-6.861400,0.025095,-0.115481
14.402000,-6.827128,-6.851285,0.024157,-0.115939
14.403000,-6.817941,-6.841160,0.023219,-0.116397
14.404000,-6.808743,-6.831024,0.022281,-0.116855
14.405000,-6.799534,-6.820877,0.021344,-0.117312
14.406000,-6.790314,-6.810720,0.020406,-0.117770
14.407000,-6.781084,-6.800552,0.019468,-0.118227
14.408000,-6.771842,-6.790373,0.018531,-0.118684
14.409000,-6.762591,-6.780184,0.017593,-0.119141
14.410000,-6.753328,-6.769984,0.016656,-0.119597
14.411000,-6.744055,-6.759773,0.015718,-0.120054
14.412000,-6.734771,-6.749552,0.014781,-0.120510
14.413000,-6.725477,-6.739320,0.013844,-0.120966
14.414000,-6.716171,-6.729078,0.012906,-0.121422
14.415000,-6.706856,-6.718825,0.011969,-0.121878
14.416000,-6.697529,-6.708561,0.011032,-0.122333
14.417000,-6.688193,-6.698288,0.010095,-0.122788
14.418000,-6.678845,-6.688003,0.009158,-0.123244
14.419000,-6.669487,-6.677708,0.008221,-0.123699
14.420000,-6.660119,-6.667403,0.007284,-0.124153
14.421000,-6.650740,-6.657087,0.006347,-0.124608
14.422000,-6.641350,-6.646761,0.005411,-0.125062
14.423000,-6.631950,-6.636424,0.004474,-0.125517
14.424000,-6.622540,-6.626077,0.003537,-0.125971
14.425000,-6.613119,-6.615719,0.002601,-0.126425
14.426000,-6.603687,-6.605351,0.001664,-0.126878
14.427000,-6.594245,-6.594973,0.000728,-0.127332
14.428000,-6.584793,-6.584585,-0.000208,-0.127785
14.429000,-6.575331,-6.574186,-0.001145,-0.128238
14.430000,-6.565858,-6.563777,-0.002081,-0.128691
14.431000,-6.556374,-6.553357,-0.003017,-0.129144
14.432000,-6.546880,-6.542927,-0.003953,-0.129597
14.433000,-6.537376,-6.532487,-0.004889,-0.130049
14.434000,-6.527862,-6.522037,-0.005825,-0.130501
14.435000,-6.518337,-6.511577,-0.006761,-0.130953
14.436000,-6.508802,-6.501106,-0.007696,-0.131405
14.437000,-6.499257,-6.490625,-0.008632,-0.131857
14.438000,-6.489701,-6.480134,-0.009567,-0.132308
14.439000,-6.480136,-6.469633,-0.010503,-0.132759
14.440000,-6.470560,-6.459122,-0.011438,-0.133210
14.441000,-6.460973,-6.448600,-0.012373,-0.133661
14.442000,-6.451377,-6.438068,-0.013308,-0.134112
14.443000,-6.441770,-6.427527,-0.014244,-0.134562
14.444000,-6.432153,-6.416975,-0.015178,-0.135013
14.445000,-6.422527,-6.406413,-0.016113,-0.135463
14.446000,-6.412889,-6.395841,-0.017048,-0.135913
14.447000,-6.403242,-6.385259,-0.017983,-0.136362
14.448000,-6.393585,-6.374667,-0.018917,-0.136812
14.449000,-6.383917,-6.364066,-0.019852,-0.137261
14.450000,-6.374240,-6.353454,-0.020786,-0.137710
14.451000,-6.364552,-6.342832,-0.021721,-0.138159
14.452000,-6.354855,-6.332200,-0.022655,-0.138608
14.453000,-6.345147,-6.321558,-0.023589,-0.139056
14.454000,-6.335429,-6.310907,-0.024523,-0.139505
14.455000,-6.325702,-6.300245,-0.025457,-0.139953
14.456000,-6.315964,-6.289574,-0.026390,-0.140401
14.457000,-6.306216,-6.278892,-0.027324,-0.140849
14.458000,-6.296459,-6.268201,-0.028258,-0.141296
14.459000,-6.286691,-6.257500,-0.029191,-0.141743
14.460000,-6.276914,-6.246789,-0.030124,-0.142191
14.461000,-6.267126,-6.236069,-0.031057,-0.142638
14.462000,-6.257329,-6.225338,-0.031991,-0.143084
14.463000,-6.247522,-6.214598,-0.032923,-0.143531
14.464000,-6.237705,-6.203848,-0.033856,-0.143977
14.465000,-6.227878,-6.193089,-0.034789,-0.144423
14.466000,-6.218041,-6.182319,-0.035722,-0.144869
14.467000,-6.208195,-6.171540,-0.036654,-0.145315
14.468000,-6.198338,-6.160752,-0.037587,-0.145761
14.469000,-6.188472,-6.149953,-0.038519,-0.146206
14.470000,-6.178596,-6.139145,-0.039451,-0.146651
14.471000,-6.168710,-6.128328,-0.040383,-0.147096
14.472000,-6.158815,-6.117500,-0.041315,-0.147541
14.473000,-6.148910,-6.106663,-0.042246,-0.147985
14.474000,-6.138995,-6.095817,-0.043178,-0.148430
14.475000,-6.129071,-6.084961,-0.044110,-0.148874
14.476000,-6.119136,-6.074095,-0.045041,-0.149318
14.477000,-6.109192,-6.063220,-0.045972,-0.149761
14.478000,-6.099239,-6.052336,-0.046903,-0.150205
14.479000,-6.089276,-6.041442,-0.047834,-0.150648
14.480000,-6.079303,-6.030538,-0.048765,-0.151091
14.481000,-6.069321,-6.019625,-0.049696,-0.151534
14.482000,-6.059329,-6.008703,-0.050626,-0.151977
14.483000,-6.049327,-5.997771,-0.051557,-0.152419
14.484000,-6.039316,-5.986829,-0.052487,-0.152861
14.485000,-6.029295,-5.975879,-0.053417,-0.153303
14.486000,-6.019265,-5.964918,-0.054347,-0.153745
14.487000,-6.009226,-5.953949,-0.055277,-0.154187
14.488000,-5.999177,-5.942970,-0.056206,-0.154628
14.489000,-5.989118,-5.931982,-0.057136,-0.155069
14.490000,-5.979050,-5.920985,-0.058065,-0.155510
14.491000,-5.968972,-5.909978,-0.058995,-0.155951
14.492000,-5.958885,-5.898962,-0.059924,-0.156392
14.493000,-5.948789,-5.887937,-0.060853,-0.156832
14.494000,-5.938683,-5.876902,-0.061781,-0.157272
14.495000,-5.928568,-5.865858,-0.062710,-0.157712
14.496000,-5.918444,-5.854805,-0.063638,-0.158152
14.497000,-5.908310,-5.843743,-0.064567,-0.158591
14.498000,-5.898167,-5.832672,-0.065495,-0.159031
14.499000,-5.888014,-5.821591,-0.066423,-0.159470
14.500000,-5.877853,-5.810502,-0.067351,-0.159909
14.501000,-5.867681,-5.799403,-0.068278,-0.160347
14.502000,-5.857501,-5.788295,-0.069206,-0.160786
14.503000,-5.847312,-5.777178,-0.070133,-0.161224
14.504000,-5.837113,-5.766052,-0.071061,-0.161662
14.505000,-5.826905,-5.754917,-0.071988,-0.162100
14.506000,-5.816688,-5.743773,-0.072914,-0.162537
14.507000,-5.806461,-5.732620,-0.073841,-0.162975
14.508000,-5.796226,-5.721458,-0.074768,-0.163412
14.509000,-5.785981,-5.710287,-0.075694,-0.163849
14.510000,-5.775727,-5.699107,-0.076620,-0.164285
14.511000,-5.765464,-5.687918,-0.077546,-0.164722
14.512000,-5.755192,-5.676720,-0.078472,-0.165158
14.513000,-5.744911,-5.665513,-0.079398,-0.165594
14.514000,-5.734621,-5.654297,-0.080323,-0.166030
14.515000,-5.724321,-5.643073,-0.081249,-0.166466
14.516000,-5.714013,-5.631839,-0.082174,-0.166901
14.517000,-5.703696,-5.620597,-0.083099,-0.167336
14.518000,-5.693369,-5.609346,-0.084024,-0.167771
14.519000,-5.683034,-5.598086,-0.084948,-0.168206
14.520000,-5.672689,-5.586817,-0.085873,-0.168640
14.521000,-5.662336,-5.575539,-0.086797,-0.169074
14.522000,-5.651974,-5.564253,-0.087721,-0.169508
14.523000,-5.641603,-5.552958,-0.088645,-0.169942
14.524000,-5.631223,-5.541654,-0.089568,-0.170376
14.525000,-5.620834,-5.530342,-0.090492,-0.170809
14.526000,-5.610436,-5.519021,-0.091415,-0.171242
14.527000,-5.600029,-5.507691,-0.092338,-0.171675
14.528000,-5.589614,-5.496352,-0.093261,-0.172108
14.529000,-5.579189,-5.485005,-0.094184,-0.172540
14.530000,-5.568756,-5.473650,-0.095107,-0.172973
14.531000,-5.558314,-5.462285,-0.096029,-0.173405
14.532000,-5.547863,-5.450912,-0.096951,-0.173836
14.533000,-5.537404,-5.439531,-0.097873,-0.174268
14.534000,-5.526936,-5.428141,-0.098795,-0.174699
14.535000,-5.516459,-5.416742,-0.099716,-0.175130
14.536000,-5.505973,-5.405335,-0.100638,-0.175561
14.537000,-5.495479,-5.393920,-0.101559,-0.175992
14.538000,-5.484976,-5.382496,-0.102480,-0.176422
14.539000,-5.474464,-5.371063,-0.103401,-0.176852
14.540000,-5.463943,-5.359622,-0.104321,-0.177282
14.541000,-5.453414,-5.348173,-0.105242,-0.177712
14.542000,-5.442877,-5.336715,-0.106162,-0.178141
14.543000,-5.432331,-5.325249,-0.107082,-0.178570
14.544000,-5.421776,-5.313774,-0.108001,-0.178999
14.545000,-5.411213,-5.302292,-0.108921,-0.179428
14.546000,-5.400641,-5.290800,-0.109840,-0.179857
14.547000,-5.390060,-5.279301,-0.110759,-0.180285
14.548000,-5.379471,-5.267793,-0.111678,-0.180713
14.549000,-5.368874,-5.256277,-0.112597,-0.181141
14.550000,-5.358268,-5.244753,-0.113515,-0.181568
14.551000,-5.347654,-5.233220,-0.114434,-0.181996
14.552000,-5.337031,-5.221679,-0.115352,-0.182423
14.553000,-5.326400,-5.210130,-0.116269,-0.182850
14.554000,-5.315760,-5.198573,-0.117187,-0.183276
14.555000,-5.305112,-5.187007,-0.118104,-0.183703
14.556000,-5.294455,-5.175434,-0.119022,-0.184129
14.557000,-5.283791,-5.163852,-0.119939,-0.184555
14.558000,-5.273118,-5.152262,-0.120855,-0.184981
14.559000,-5.262436,-5.140664,-0.121772,-0.185406
14.560000,-5.251746,-5.129058,-0.122688,-0.185831
14.561000,-5.241048,-5.117444,-0.123604,-0.186256
14.562000,-5.230342,-5.105822,-0.124520,-0.186681
14.563000,-5.219627,-5.094192,-0.125435,-0.187105
14.564000,-5.208904,-5.082554,-0.126351,-0.187530
14.565000,-5.198173,-5.070908,-0.127266,-0.187954
14.566000,-5.187434,-5.059254,-0.128181,-0.188377
14.567000,-5.176687,-5.047591,-0.129095,-0.188801
14.568000,-5.165931,-5.035921,-0.130010,-0.189224
14.569000,-5.155167,-5.024243,-0.130924,-0.189647
14.570000,-5.144395,-5.012558,-0.131838,-0.190070
14.571000,-5.133615,-5.000864,-0.132751,-0.190492
14.572000,-5.122827,-4.989162,-0.133665,-0.190915
14.573000,-5.112031,-4.977453,-0.134578,-0.191337
14.574000,-5.101227,-4.965735,-0.135491,-0.191758
14.575000,-5.090414,-4.954010,-0.136404,-0.192180
14.576000,-5.079594,-4.942277,-0.137316,-0.192601
14.577000,-5.068765,-4.930537,-0.138229,-0.193022
14.578000,-5.057929,-4.918788,-0.139141,-0.193443
14.579000,-5.047084,-4.907032,-0.140052,-0.193863
14.580000,-5.036232,-4.895268,-0.140964,-0.194284
14.581000,-5.025372,-4.883497,-0.141875,-0.194704
14.582000,-5.014503,-4.871717,-0.142786,-0.195124
14.583000,-5.003627,-4.859930,-0.143697,-0.195543
14.584000,-4.992743,-4.848136,-0.144607,-0.195962
14.585000,-4.981851,-4.836334,-0.145518,-0.196381
14.586000,-4.970951,-4.824524,-0.146428,-0.196800
14.587000,-4.960043,-4.812706,-0.147337,-0.197219
14.588000,-4.949128,-4.800881,-0.148247,-0.197637
14.589000,-4.938205,-4.789049,-0.149156,-0.198055
14.590000,-4.927273,-4.777208,-0.150065,-0.198473
14.591000,-4.916334,-4.765361,-0.150974,-0.198890
14.592000,-4.905388,-4.753506,-0.151882,-0.199308
14.593000,-4.894433,-4.741643,-0.152790,-0.199724
14.594000,-4.883471,-4.729773,-0.153698,-0.200141
14.595000,-4.872501,-4.717895,-0.154606,-0.200558
14.596000,-4.861524,-4.706010,-0.155513,-0.200974
14.597000,-4.850538,-4.694118,-0.156420,-0.201390
14.598000,-4.839545,-4.682218,-0.157327,-0.201806
14.599000,-4.828545,-4.670311,-0.158234,-0.202221
14.600000,-4.817537,-4.658397,-0.159140,-0.202636
14.601000,-4.806521,-4.646475,-0.160046,-0.203051
14.602000,-4.795498,-4.634546,-0.160952,-0.203466
14.603000,-4.784467,-4.622609,-0.161857,-0.203880
14.604000,-4.773428,-4.610665,-0.162763,-0.204294
14.605000,-4.762382,-4.598714,-0.163668,-0.204708
14.606000,-4.751328,-4.586756,-0.164572,-0.205122
14.607000,-4.740267,-4.574791,-0.165477,-0.205535
14.608000,-4.729199,-4.562818,-0.166381,-0.205948
14.609000,-4.718123,-4.550838,-0.167285,-0.206361
14.610000,-4.707039,-4.538851,-0.168188,-0.206774
14.611000,-4.695948,-4.526857,-0.169091,-0.207186
14.612000,-4.684850,-4.514856,-0.169994,-0.207598
14.613000,-4.673744,-4.502847,-0.170897,-0.208010
14.614000,-4.662631,-4.490832,-0.171800,-0.208421
14.615000,-4.651511,-4.478809,-0.172702,-0.208833
14.616000,-4.640383,-4.466779,-0.173604,-0.209244
14.617000,-4.629248,-4.454743,-0.174505,-0.209654
14.618000,-4.618105,-4.442699,-0.175407,-0.210065
14.619000,-4.606956,-4.430648,-0.176307,-0.210475
14.620000,-4.595799,-4.418590,-0.177208,-0.210885
14.621000,-4.584634,-4.406526,-0.178109,-0.211295
14.622000,-4.573463,-4.394454,-0.179009,-0.211704
14.623000,-4.562284,-4.382376,-0.179909,-0.212113
14.624000,-4.551098,-4.370290,-0.180808,-0.212522
14.625000,-4.539905,-4.358198,-0.181707,-0.212930
14.626000,-4.528705,-4.346098,-0.182606,-0.213339
14.627000,-4.517497,-4.333992,-0.183505,-0.213747
14.628000,-4.506283,-4.321879,-0.184403,-0.214154
14.629000,-4.495061,-4.309760,-0.185301,-0.214562
14.630000,-4.483832,-4.297633,-0.186199,-0.214969
14.631000,-4.472596,-4.285500,-0.187096,-0.215376
14.632000,-4.461353,-4.273360,-0.187994,-0.215783
14.633000,-4.450103,-4.261213,-0.188890,-0.216189
14.634000,-4.438846,-4.249059,-0.189787,-0.216595
14.635000,-4.427582,-4.236899,-0.190683,-0.217001
14.636000,-4.416311,-4.224732,-0.191579,-0.217406
14.637000,-4.405033,-4.212559,-0.192475,-0.217812
14.638000,-4.393748,-4.200378,-0.193370,-0.218217
14.639000,-4.382456,-4.188192,-0.194265,-0.218621
14.640000,-4.371158,-4.175998,-0.195160,-0.219026
14.641000,-4.359852,-4.163798,-0.196054,-0.219430
14.642000,-4.348539,-4.151591,-0.196948,-0.219834
14.643000,-4.337220,-4.139378,-0.197842,-0.220237
14.644000,-4.325894,-4.127159,-0.198735,-0.220641
14.645000,-4.314560,-4.114932,-0.199628,-0.221044
14.646000,-4.303221,-4.102700,-0.200521,-0.221447
14.647000,-4.291874,-4.090460,-0.201413,-0.221849
14.648000,-4.280520,-4.078215,-0.202306,-0.222251
14.649000,-4.269160,-4.065963,-0.203197,-0.222653
14.650000,-4.257793,-4.053704,-0.204089,-0.223055
14.651000,-4.246419,-4.041439,-0.204980,-0.223456
14.652000,-4.235039,-4.029168,-0.205871,-0.223857
14.653000,-4.223652,-4.016890,-0.206761,-0.224258
14.654000,-4.212258,-4.004606,-0.207651,-0.224658
14.655000,-4.200857,-3.992316,-0.208541,-0.225059
14.656000,-4.189450,-3.980019,-0.209431,-0.225458
14.657000,-4.178036,-3.967716,-0.210320,-0.225858
14.658000,-4.166616,-3.955407,-0.211209,-0.226257
14.659000,-4.155189,-3.943092,-0.212097,-0.226656
14.660000,-4.143756,-3.930770,-0.212986,-0.227055
14.661000,-4.132316,-3.918442,-0.213874,-0.227454
14.662000,-4.120869,-3.906108,-0.214761,-0.227852
14.663000,-4.109416,-3.893768,-0.215648,-0.228250
14.664000,-4.097957,-3.881422,-0.216535,-0.228647
14.665000,-4.086491,-3.869069,-0.217422,-0.229045
14.666000,-4.075018,-3.856711,-0.218308,-0.229442
14.667000,-4.063539,-3.844346,-0.219194,-0.229838
14.668000,-4.052054,-3.831975,-0.220079,-0.230235
14.669000,-4.040562,-3.819598,-0.220964,-0.230631
14.670000,-4.029064,-3.807215,-0.221849,-0.231027
14.671000,-4.017560,-3.794826,-0.222734,-0.231422
14.672000,-4.006049,-3.782431,-0.223618,-0.231817
14.673000,-3.994532,-3.770031,-0.224501,-0.232212
14.674000,-3.983009,-3.757624,-0.225385,-0.232607
14.675000,-3.971479,-3.745211,-0.226268,-0.233001
14.676000,-3.959943,-3.732792,-0.227151,-0.233395
14.677000,-3.948401,-3.720368,-0.228033,-0.233789
14.678000,-3.936852,-3.707937,-0.228915,-0.234183
14.679000,-3.925298,-3.695501,-0.229797,-0.234576
14.680000,-3.913737,-3.683059,-0.230678,-0.234969
14.681000,-3.902170,-3.670611,-0.231559,-0.235361
14.682000,-3.890596,-3.658157,-0.232440,-0.235754
14.683000,-3.879017,-3.645697,-0.233320,-0.236145
14.684000,-3.867432,-3.633232,-0.234200,-0.236537
14.685000,-3.855840,-3.620761,-0.235079,-0.236928
14.686000,-3.844242,-3.608284,-0.235958,-0.237320
14.687000,-3.832638,-3.595801,-0.236837,-0.237710
14.688000,-3.821029,-3.583313,-0.237716,-0.238101
14.689000,-3.809413,-3.570819,-0.238594,-0.238491
14.690000,-3.797791,-3.558320,-0.239471,-0.238881
14.691000,-3.786163,-3.545814,-0.240349,-0.239270
14.692000,-3.774529,-3.533303,-0.241226,-0.239659
14.693000,-3.762889,-3.520787,-0.242102,-0.240048
14.694000,-3.751244,-3.508265,-0.242979,-0.240437
14.695000,-3.739592,-3.495738,-0.243855,-0.240825
14.696000,-3.727934,-3.483204,-0.244730,-0.241213
14.697000,-3.716271,-3.470666,-0.245605,-0.241601
14.698000,-3.704602,-3.458122,-0.246480,-0.241988
14.699000,-3.692927,-3.445572,-0.247354,-0.242375
14.700000,-3.681246,-3.433017,-0.248228,-0.242762
14.701000,-3.669559,-3.420457,-0.249102,-0.243149
14.702000,-3.657866,-3.407891,-0.249975,-0.243535
14.703000,-3.646168,-3.395320,-0.250848,-0.243921
14.704000,-3.634464,-3.382743,-0.251721,-0.244306
14.705000,-3.622754,-3.370161,-0.252593,-0.244691
14.706000,-3.611038,-3.357574,-0.253464,-0.245076
14.707000,-3.599317,-3.344981,-0.254336,-0.245461
14.708000,-3.587590,-3.332383,-0.255207,-0.245845
14.709000,-3.575857,-3.319780,-0.256077,-0.246229
14.710000,-3.564119,-3.307171,-0.256947,-0.246613
14.711000,-3.552375,-3.294558,-0.257817,-0.246996
14.712000,-3.540625,-3.281939,-0.258687,-0.247379
14.713000,-3.528870,-3.269314,-0.259556,-0.247762
14.714000,-3.517109,-3.256685,-0.260424,-0.248144
14.715000,-3.505343,-3.244051,-0.261293,-0.248526
14.716000,-3.493571,-3.231411,-0.262160,-0.248908
14.717000,-3.481794,-3.218766,-0.263028,-0.249289
14.718000,-3.470011,-3.206116,-0.263895,-0.249670
14.719000,-3.458223,-3.193461,-0.264762,-0.250051
14.720000,-3.446429,-3.180801,-0.265628,-0.250431
14.721000,-3.434630,-3.168136,-0.266494,-0.250812
14.722000,-3.422825,-3.155466,-0.267359,-0.251191
14.723000,-3.411015,-3.142791,-0.268224,-0.251571
14.724000,-3.399200,-3.130111,-0.269089,-0.251950
14.725000,-3.387379,-3.117426,-0.269953,-0.252329
14.726000,-3.375553,-3.104736,-0.270817,-0.252707
14.727000,-3.363722,-3.092041,-0.271681,-0.253085
14.728000,-3.351885,-3.079341,-0.272544,-0.253463
14.729000,-3.340043,-3.066636,-0.273406,-0.253841
14.730000,-3.328195,-3.053927,-0.274269,-0.254218
14.731000,-3.316343,-3.041212,-0.275131,-0.254595
14.732000,-3.304485,-3.028493,-0.275992,-0.254971
14.733000,-3.292622,-3.015769,-0.276853,-0.255348
14.734000,-3.280754,-3.003040,-0.277714,-0.255724
14.735000,-3.268880,-2.990306,-0.278574,-0.256099
14.736000,-3.257002,-2.977568,-0.279434,-0.256474
14.737000,-3.245118,-2.964825,-0.280293,-0.256849
14.738000,-3.233229,-2.952077,-0.281152,-0.257224
14.739000,-3.221335,-2.939325,-0.282011,-0.257598
14.740000,-3.209436,-2.926567,-0.282869,-0.257972
14.741000,-3.197532,-2.913806,-0.283726,-0.258345
14.742000,-3.185623,-2.901039,-0.284584,-0.258719
14.743000,-3.173709,-2.888268,-0.285441,-0.259092
14.744000,-3.161789,-2.875492,-0.286297,-0.259464
14.745000,-3.149865,-2.862712,-0.287153,-0.259836
14.746000,-3.137936,-2.849927,-0.288009,-0.260208
14.747000,-3.126002,-2.837138,-0.288864,-0.260580
14.748000,-3.114063,-2.824344,-0.289719,-0.260951
14.749000,-3.102119,-2.811546,-0.290573,-0.261322
14.750000,-3.090170,-2.798743,-0.291427,-0.261692
14.751000,-3.078216,-2.785936,-0.292280,-0.262063
14.752000,-3.066258,-2.773124,-0.293133,-0.262432
14.753000,-3.054294,-2.760308,-0.293986,-0.262802
14.754000,-3.042326,-2.747488,-0.294838,-0.263171
14.755000,-3.030353,-2.734663,-0.295690,-0.263540
14.756000,-3.018375,-2.721834,-0.296541,-0.263909
14.757000,-3.006392,-2.709000,-0.297392,-0.264277
14.758000,-2.994405,-2.696162,-0.298243,-0.264644
14.759000,-2.982413,-2.683320,-0.299093,-0.265012
14.760000,-2.970416,-2.670474,-0.299942,-0.265379
14.761000,-2.958414,-2.657623,-0.300791,-0.265746
14.762000,-2.946408,-2.644768,-0.301640,-0.266112
14.763000,-2.934397,-2.631909,-0.302488,-0.266478
14.764000,-2.922382,-2.619046,-0.303336,-0.266844
14.765000,-2.910362,-2.606178,-0.304183,-0.267209
14.766000,-2.898337,-2.593307,-0.305030,-0.267575
14.767000,-2.886308,-2.580431,-0.305877,-0.267939
14.768000,-2.874274,-2.567551,-0.306723,-0.268304
14.769000,-2.862236,-2.554667,-0.307568,-0.268668
14.770000,-2.850193,-2.541779,-0.308413,-0.269031
14.771000,-2.838145,-2.528887,-0.309258,-0.269395
14.772000,-2.826093,-2.515991,-0.310102,-0.269757
14.773000,-2.814037,-2.503091,-0.310946,-0.270120
14.774000,-2.801976,-2.490187,-0.311789,-0.270482
14.775000,-2.789911,-2.477279,-0.312632,-0.270844
14.776000,-2.777841,-2.464367,-0.313475,-0.271206
14.777000,-2.765767,-2.451451,-0.314317,-0.271567
14.778000,-2.753689,-2.438531,-0.315158,-0.271928
14.779000,-2.741606,-2.425607,-0.315999,-0.272288
14.780000,-2.729519,-2.412680,-0.316840,-0.272648
14.781000,-2.717428,-2.399748,-0.317680,-0.273008
14.782000,-2.705332,-2.386813,-0.318520,-0.273367
14.783000,-2.693232,-2.373874,-0.319359,-0.273726
14.784000,-2.681128,-2.360931,-0.320198,-0.274085
14.785000,-2.669020,-2.347984,-0.321036,-0.274443
14.786000,-2.656907,-2.335034,-0.321874,-0.274801
14.787000,-2.644790,-2.322080,-0.322711,-0.275159
14.788000,-2.632669,-2.309122,-0.323548,-0.275516
14.789000,-2.620544,-2.296160,-0.324384,-0.275873
14.790000,-2.608415,-2.283195,-0.325220,-0.276230
14.791000,-2.596282,-2.270226,-0.326056,-0.276586
14.792000,-2.584144,-2.257254,-0.326891,-0.276942
14.793000,-2.572003,-2.244278,-0.327725,-0.277297
14.794000,-2.559857,-2.231298,-0.328559,-0.277652
14.795000,-2.547707,-2.218315,-0.329393,-0.278007
14.796000,-2.535554,-2.205328,-0.330226,-0.278361
14.797000,-2.523396,-2.192337,-0.331058,-0.278715
14.798000,-2.511234,-2.179344,-0.331890,-0.279069
14.799000,-2.499068,-2.166346,-0.332722,-0.279422
14.800000,-2.486899,-2.153346,-0.333553,-0.279775
14.801000,-2.474725,-2.140341,-0.334384,-0.280127
14.802000,-2.462548,-2.127334,-0.335214,-0.280479
14.803000,-2.450367,-2.114323,-0.336044,-0.280831
14.804000,-2.438181,-2.101308,-0.336873,-0.281183
14.805000,-2.425992,-2.088290,-0.337702,-0.281534
14.806000,-2.413799,-2.075269,-0.338530,-0.281884
14.807000,-2.401603,-2.062245,-0.339358,-0.282234
14.808000,-2.389402,-2.049217,-0.340185,-0.282584
14.809000,-2.377198,-2.036186,-0.341012,-0.282934
14.810000,-2.364990,-2.023152,-0.341838,-0.283283
14.811000,-2.352778,-2.010114,-0.342664,-0.283632
14.812000,-2.340563,-1.997073,-0.343490,-0.283980
14.813000,-2.328344,-1.984029,-0.344314,-0.284328
14.814000,-2.316121,-1.970982,-0.345139,-0.284676
14.815000,-2.303894,-1.957932,-0.345963,-0.285023
14.816000,-2.291664,-1.944878,-0.346786,-0.285370
14.817000,-2.279430,-1.931822,-0.347609,-0.285717
14.818000,-2.267193,-1.918762,-0.348431,-0.286063
14.819000,-2.254952,-1.905699,-0.349253,-0.286408
14.820000,-2.242708,-1.892633,-0.350074,-0.286754
14.821000,-2.230460,-1.879564,-0.350895,-0.287099
14.822000,-2.218208,-1.866493,-0.351715,-0.287443
14.823000,-2.205953,-1.853418,-0.352535,-0.287788
14.824000,-2.193694,-1.840340,-0.353355,-0.288131
14.825000,-2.181432,-1.827259,-0.354173,-0.288475
14.826000,-2.169167,-1.814175,-0.354992,-0.288818
14.827000,-2.156898,-1.801089,-0.355810,-0.289161
14.828000,-2.144626,-1.787999,-0.356627,-0.289503
14.829000,-2.132350,-1.774907,-0.357444,-0.289845
14.830000,-2.120071,-1.761811,-0.358260,-0.290186
14.831000,-2.107789,-1.748713,-0.359076,-0.290528
14.832000,-2.095503,-1.735612,-0.359891,-0.290868
14.833000,-2.083214,-1.722508,-0.360706,-0.291209
14.834000,-2.070922,-1.709402,-0.361520,-0.291549
14.835000,-2.058626,-1.696293,-0.362334,-0.291888
14.836000,-2.046327,-1.683181,-0.363147,-0.292228
14.837000,-2.034025,-1.670066,-0.363959,-0.292566
14.838000,-2.021720,-1.656948,-0.364771,-0.292905
14.839000,-2.009411,-1.643828,-0.365583,-0.293243
14.840000,-1.997100,-1.630706,-0.366394,-0.293580
14.841000,-1.984785,-1.617580,-0.367205,-0.293918
14.842000,-1.972467,-1.604452,-0.368015,-0.294255
14.843000,-1.960146,-1.591322,-0.368824,-0.294591
14.844000,-1.947822,-1.578189,-0.369633,-0.294927
14.845000,-1.935495,-1.565053,-0.370442,-0.295263
14.846000,-1.923164,-1.551915,-0.371250,-0.295598
14.847000,-1.910831,-1.538774,-0.372057,-0.295933
14.848000,-1.898495,-1.525631,-0.372864,-0.296267
14.849000,-1.886155,-1.512485,-0.373670,-0.296601
14.850000,-1.873813,-1.499337,-0.374476,-0.296935
14.851000,-1.861468,-1.486187,-0.375281,-0.297268
14.852000,-1.849120,-1.473034,-0.376086,-0.297601
14.853000,-1.836769,-1.459878,-0.376890,-0.297934
14.854000,-1.824415,-1.446721,-0.377694,-0.298266
14.855000,-1.812058,-1.433561,-0.378497,-0.298597
14.856000,-1.799698,-1.420398,-0.379300,-0.298929
14.857000,-1.787335,-1.407234,-0.380102,-0.299259
14.858000,-1.774970,-1.394067,-0.380903,-0.299590
14.859000,-1.762602,-1.380897,-0.381704,-0.299920
14.860000,-1.750231,-1.367726,-0.382505,-0.300250
14.861000,-1.737857,-1.354552,-0.383304,-0.300579
14.862000,-1.725480,-1.341377,-0.384104,-0.300908
14.863000,-1.713101,-1.328199,-0.384903,-0.301236
14.864000,-1.700719,-1.315018,-0.385701,-0.301564
14.865000,-1.688334,-1.301836,-0.386498,-0.301892
14.866000,-1.675947,-1.288652,-0.387296,-0.302219
14.867000,-1.663557,-1.275465,-0.388092,-0.302546
14.868000,-1.651165,-1.262276,-0.388888,-0.302872
14.869000,-1.638769,-1.249086,-0.389684,-0.303198
14.870000,-1.626372,-1.235893,-0.390479,-0.303524
14.871000,-1.613971,-1.222698,-0.391273,-0.303849
14.872000,-1.601568,-1.209502,-0.392067,-0.304174
14.873000,-1.589163,-1.196303,-0.392860,-0.304498
14.874000,-1.576755,-1.183102,-0.393653,-0.304822
14.875000,-1.564345,-1.169900,-0.394445,-0.305145
14.876000,-1.551932,-1.156695,-0.395236,-0.305468
14.877000,-1.539516,-1.143489,-0.396027,-0.305791
14.878000,-1.527099,-1.130281,-0.396818,-0.306113
14.879000,-1.514678,-1.117071,-0.397608,-0.306435
14.880000,-1.502256,-1.103859,-0.398397,-0.306756
14.881000,-1.489831,-1.090645,-0.399186,-0.307077
14.882000,-1.477404,-1.077430,-0.399974,-0.307398
14.883000,-1.464974,-1.064213,-0.400761,-0.307718
14.884000,-1.452542,-1.050994,-0.401548,-0.308038
14.885000,-1.440108,-1.037773,-0.402335,-0.308357
14.886000,-1.427671,-1.024551,-0.403121,-0.308676
14.887000,-1.415233,-1.011326,-0.403906,-0.308994
14.888000,-1.402792,-0.998101,-0.404691,-0.309313
14.889000,-1.390348,-0.984873,-0.405475,-0.309630
14.890000,-1.377903,-0.971644,-0.406259,-0.309947
14.891000,-1.365455,-0.958414,-0.407042,-0.310264
14.892000,-1.353006,-0.945182,-0.407824,-0.310580
14.893000,-1.340554,-0.931948,-0.408606,-0.310896
14.894000,-1.328100,-0.918713,-0.409387,-0.311212
14.895000,-1.315644,-0.905476,-0.410168,-0.311527
14.896000,-1.303185,-0.892237,-0.410948,-0.311842
14.897000,-1.290725,-0.878998,-0.411728,-0.312156
14.898000,-1.278263,-0.865756,-0.412506,-0.312469
14.899000,-1.265799,-0.852514,-0.413285,-0.312783
14.900000,-1.253332,-0.839270,-0.414063,-0.313096
14.901000,-1.240864,-0.826024,-0.414840,-0.313408
14.902000,-1.228394,-0.812777,-0.415616,-0.313720
14.903000,-1.215922,-0.799529,-0.416392,-0.314032
14.904000,-1.203448,-0.786280,-0.417168,-0.314343
14.905000,-1.190972,-0.773029,-0.417943,-0.314654
14.906000,-1.178494,-0.759777,-0.418717,-0.314964
14.907000,-1.166014,-0.746524,-0.419490,-0.315274
14.908000,-1.153532,-0.733269,-0.420264,-0.315583
14.909000,-1.141049,-0.720013,-0.421036,-0.315892
14.910000,-1.128564,-0.706756,-0.421808,-0.316201
14.911000,-1.116077,-0.693498,-0.422579,-0.316509
14.912000,-1.103588,-0.680238,-0.423350,-0.316817
14.913000,-1.091098,-0.666978,-0.424120,-0.317124
14.914000,-1.078605,-0.653716,-0.424889,-0.317431
14.915000,-1.066112,-0.640454,-0.425658,-0.317737
14.916000,-1.053616,-0.627190,-0.426426,-0.318043
14.917000,-1.041119,-0.613925,-0.427194,-0.318349
14.918000,-1.028620,-0.600659,-0.427961,-0.318654
14.919000,-1.016119,-0.587392,-0.428727,-0.318958
14.920000,-1.003617,-0.574124,-0.429493,-0.319262
14.921000,-0.991113,-0.560855,-0.430258,-0.319566
14.922000,-0.978608,-0.547585,-0.431023,-0.319869
14.923000,-0.966101,-0.534314,-0.431787,-0.320172
14.924000,-0.953593,-0.521043,-0.432550,-0.320475
14.925000,-0.941083,-0.507770,-0.433313,-0.320777
14.926000,-0.928572,-0.494497,-0.434075,-0.321078
14.927000,-0.916059,-0.481222,-0.434837,-0.321379
14.928000,-0.903545,-0.467947,-0.435598,-0.321680
14.929000,-0.891029,-0.454671,-0.436358,-0.321980
14.930000,-0.878512,-0.441394,-0.437117,-0.322280
14.931000,-0.865993,-0.428117,-0.437877,-0.322579
14.932000,-0.853474,-0.414839,-0.438635,-0.322878
14.933000,-0.840952,-0.401560,-0.439393,-0.323176
14.934000,-0.828430,-0.388280,-0.440150,-0.323474
14.935000,-0.815906,-0.375000,-0.440906,-0.323771
14.936000,-0.803381,-0.361719,-0.441662,-0.324068
14.937000,-0.790855,-0.348437,-0.442418,-0.324365
14.938000,-0.778327,-0.335155,-0.443172,-0.324661
14.939000,-0.765798,-0.321872,-0.443926,-0.324956
14.940000,-0.753268,-0.308588,-0.444680,-0.325252
14.941000,-0.740737,-0.295304,-0.445433,-0.325546
14.942000,-0.728204,-0.282020,-0.446185,-0.325840
14.943000,-0.715671,-0.268735,-0.446936,-0.326134
14.944000,-0.703136,-0.255449,-0.447687,-0.326428
14.945000,-0.690600,-0.242163,-0.448437,-0.326720
14.946000,-0.678063,-0.228876,-0.449187,-0.327013
14.947000,-0.665525,-0.215589,-0.449936,-0.327305
14.948000,-0.652986,-0.202302,-0.450684,-0.327596
14.949000,-0.640446,-0.189014,-0.451432,-0.327887
14.950000,-0.627905,-0.175726,-0.452179,-0.328178
14.951000,-0.615363,-0.162438,-0.452925,-0.328468
14.952000,-0.602820,-0.149149,-0.453671,-0.328758
14.953000,-0.590276,-0.135860,-0.454416,-0.329047
14.954000,-0.577731,-0.122570,-0.455161,-0.329335
14.955000,-0.565185,-0.109281,-0.455905,-0.329624
14.956000,-0.552639,-0.095991,-0.456648,-0.329911
14.957000,-0.540091,-0.082701,-0.457390,-0.330199
14.958000,-0.527543,-0.069410,-0.458132,-0.330485
14.959000,-0.514993,-0.056120,-0.458873,-0.330772
14.960000,-0.502443,-0.042829,-0.459614,-0.331058
14.961000,-0.489892,-0.029538,-0.460354,-0.331343
14.962000,-0.477341,-0.016247,-0.461093,-0.331628
14.963000,-0.464788,-0.002956,-0.461832,-0.331913
14.964000,-0.452235,0.010335,-0.462570,-0.332197
14.965000,-0.439681,0.023626,-0.463307,-0.332480
14.966000,-0.427127,0.036917,-0.464044,-0.332763
14.967000,-0.414571,0.050208,-0.464780,-0.333046
14.968000,-0.402015,0.063500,-0.465515,-0.333328
14.969000,-0.389459,0.076791,-0.466250,-0.333610
14.970000,-0.376902,0.090082,-0.466984,-0.333891
14.971000,-0.364344,0.103373,-0.467717,-0.334171
14.972000,-0.351786,0.116664,-0.468450,-0.334452
14.973000,-0.339227,0.129955,-0.469182,-0.334731
14.974000,-0.326668,0.143246,-0.469913,-0.335011
14.975000,-0.314108,0.156536,-0.470644,-0.335289
14.976000,-0.301547,0.169827,-0.471374,-0.335568
14.977000,-0.288986,0.183117,-0.472103,-0.335845
14.978000,-0.276425,0.196407,-0.472832,-0.336123
14.979000,-0.263863,0.209697,-0.473560,-0.336400
14.980000,-0.251301,0.222986,-0.474287,-0.336676
14.981000,-0.238738,0.236275,-0.475014,-0.336952
14.982000,-0.226175,0.249564,-0.475740,-0.337227
14.983000,-0.213612,0.262853,-0.476465,-0.337502
14.984000,-0.201048,0.276141,-0.477190,-0.337777
14.985000,-0.188484,0.289429,-0.477914,-0.338051
14.986000,-0.175920,0.302717,-0.478637,-0.338324
14.987000,-0.163356,0.316004,-0.479359,-0.338597
14.988000,-0.150791,0.329291,-0.480081,-0.338870
14.989000,-0.138226,0.342577,-0.480802,-0.339142
14.990000,-0.125660,0.355863,-0.481523,-0.339413
14.991000,-0.113095,0.369148,-0.482243,-0.339684
14.992000,-0.100529,0.382433,-0.482962,-0.339955
14.993000,-0.087963,0.395717,-0.483680,-0.340225
14.994000,-0.075398,0.409001,-0.484398,-0.340494
14.995000,-0.062831,0.422284,-0.485115,-0.340763
14.996000,-0.050265,0.435566,-0.485832,-0.341032
14.997000,-0.037699,0.448848,-0.486547,-0.341300
14.998000,-0.025133,0.462130,-0.487262,-0.341568
14.999000,-0.012566,0.475410,-0.487977,-0.341835
15.000000,-0.000000,0.488690,-0.488690,-0.342101
15.001000,0.012566,0.501970,-0.489403,-0.342367
15.002000,0.025133,0.515248,-0.490115,-0.342633
15.003000,0.037699,0.528526,-0.490827,-0.342898
15.004000,0.050265,0.541803,-0.491538,-0.343163
15.005000,0.062831,0.555079,-0.492248,-0.343427
15.006000,0.075398,0.568355,-0.492957,-0.343690
15.007000,0.087963,0.581629,-0.493666,-0.343954
15.008000,0.100529,0.594903,-0.494374,-0.344216
15.009000,0.113095,0.608176,-0.495081,-0.344478
15.010000,0.125660,0.621448,-0.495788,-0.344740
15.011000,0.138226,0.634720,-0.496494,-0.345001
15.012000,0.150791,0.647990,-0.497199,-0.345262
15.013000,0.163356,0.661259,-0.497904,-0.345522
15.014000,0.175920,0.674527,-0.498607,-0.345781
15.015000,0.188484,0.687795,-0.499310,-0.346041
15.016000,0.201048,0.701061,-0.500013,-0.346299
15.017000,0.213612,0.714326,-0.500714,-0.346557
15.018000,0.226175,0.727591,-0.501415,-0.346815
15.019000,0.238738,0.740854,-0.502115,-0.347072
15.020000,0.251301,0.754116,-0.502815,-0.347328
15.021000,0.263863,0.767377,-0.503514,-0.347585
15.022000,0.276425,0.780637,-0.504212,-0.347840
15.023000,0.288986,0.793895,-0.504909,-0.348095
15.024000,0.301547,0.807153,-0.505606,-0.348350
15.025000,0.314108,0.820409,-0.506301,-0.348604
15.026000,0.326668,0.833664,-0.506997,-0.348857
15.027000,0.339227,0.846918,-0.507691,-0.349110
15.028000,0.351786,0.860171,-0.508385,-0.349363
15.029000,0.364344,0.873422,-0.509078,-0.349615
15.030000,0.376902,0.886672,-0.509770,-0.349866
15.031000,0.389459,0.899920,-0.510461,-0.350117
15.032000,0.402015,0.913168,-0.511152,-0.350368
15.033000,0.414571,0.926414,-0.511842,-0.350618
15.034000,0.427127,0.939658,-0.512532,-0.350867
15.035000,0.439681,0.952901,-0.513220,-0.351116
15.036000,0.452235,0.966143,-0.513908,-0.351364
15.037000,0.464788,0.979383,-0.514595,-0.351612
15.038000,0.477341,0.992622,-0.515282,-0.351859
15.039000,0.489892,1.005860,-0.515967,-0.352106
15.040000,0.502443,1.019095,-0.516652,-0.352353
15.041000,0.514993,1.032330,-0.517336,-0.352598
15.042000,0.527543,1.045562,-0.518020,-0.352844
15.043000,0.540091,1.058793,-0.518702,-0.353088
15.044000,0.552639,1.072023,-0.519384,-0.353333
15.045000,0.565185,1.085251,-0.520066,-0.353576
15.046000,0.577731,1.098477,-0.520746,-0.353819
15.047000,0.590276,1.111702,-0.521426,-0.354062
15.048000,0.602820,1.124925,-0.522105,-0.354304
15.049000,0.615363,1.138146,-0.522783,-0.354546
15.050000,0.627905,1.151366,-0.523460,-0.354787
15.051000,0.640446,1.164583,-0.524137,-0.355028
15.052000,0.652986,1.177799,-0.524813,-0.355268
15.053000,0.665525,1.191014,-0.525488,-0.355507
15.054000,0.678063,1.204226,-0.526163,-0.355746
15.055000,0.690600,1.217437,-0.526836,-0.355984
15.056000,0.703136,1.230645,-0.527509,-0.356222
15.057000,0.715671,1.243852,-0.528181,-0.356460
15.058000,0.728204,1.257057,-0.528853,-0.356697
15.059000,0.740737,1.270260,-0.529523,-0.356933
15.060000,0.753268,1.283461,-0.530193,-0.357169
15.061000,0.765798,1.296661,-0.530863,-0.357404
15.062000,0.778327,1.309858,-0.531531,-0.357639
15.063000,0.790855,1.323053,-0.532198,-0.357873
15.064000,0.803381,1.336246,-0.532865,-0.358107
15.065000,0.815906,1.349438,-0.533531,-0.358340
15.066000,0.828430,1.362627,-0.534197,-0.358572
15.067000,0.840952,1.375814,-0.534861,-0.358804
15.068000,0.853474,1.388999,-0.535525,-0.359036
15.069000,0.865993,1.402182,-0.536188,-0.359267
15.070000,0.878512,1.415362,-0.536850,-0.359497
15.071000,0.891029,1.428541,-0.537512,-0.359727
15.072000,0.903545,1.441717,-0.538172,-0.359957
15.073000,0.916059,1.454891,-0.538832,-0.360185
15.074000,0.928572,1.468063,-0.539491,-0.360414
15.075000,0.941083,1.481233,-0.540150,-0.360641
15.076000,0.953593,1.494400,-0.540807,-0.360869
15.077000,0.966101,1.507565,-0.541464,-0.361095
15.078000,0.978608,1.520728,-0.542120,-0.361321
15.079000,0.991113,1.533889,-0.542775,-0.361547
15.080000,1.003617,1.547047,-0.543430,-0.361772
15.081000,1.016119,1.560203,-0.544083,-0.361997
15.082000,1.028620,1.573356,-0.544736,-0.362220
15.083000,1.041119,1.586507,-0.545388,-0.362444
15.084000,1.053616,1.599656,-0.546040,-0.362667
15.085000,1.066112,1.612802,-0.546690,-0.362889
15.086000,1.078605,1.625945,-0.547340,-0.363111
15.087000,1.091098,1.639087,-0.547989,-0.363332
15.088000,1.103588,1.652225,-0.548637,-0.363553
15.089000,1.116077,1.665361,-0.549284,-0.363773
15.090000,1.128564,1.678495,-0.549931,-0.363992
15.091000,1.141049,1.691626,-0.550577,-0.364211
15.092000,1.153532,1.704754,-0.551222,-0.364430
15.093000,1.166014,1.717880,-0.551866,-0.364648
15.094000,1.178494,1.731003,-0.552509,-0.364865
15.095000,1.190972,1.744123,-0.553152,-0.365082
15.096000,1.203448,1.757241,-0.553794,-0.365298
15.097000,1.215922,1.770356,-0.554435,-0.365514
15.098000,1.228394,1.783469,-0.555075,-0.365729
15.099000,1.240864,1.796578,-0.555714,-0.365944
15.100000,1.253332,1.809685,-0.556353,-0.366158
15.101000,1.265799,1.822789,-0.556991,-0.366371
15.102000,1.278263,1.835890,-0.557627,-0.366584
15.103000,1.290725,1.848989,-0.558264,-0.366797
15.104000,1.303185,1.862084,-0.558899,-0.367008
15.105000,1.315644,1.875177,-0.559534,-0.367220
15.106000,1.328100,1.888267,-0.560167,-0.367430
15.107000,1.340554,1.901354,-0.560800,-0.367641
15.108000,1.353006,1.914438,-0.561432,-0.367850
15.109000,1.365455,1.927519,-0.562064,-0.368059
15.110000,1.377903,1.940597,-0.562694,-0.368268
15.111000,1.390348,1.953672,-0.563324,-0.368476
15.112000,1.402792,1.966744,-0.563952,-0.368683
15.113000,1.415233,1.979813,-0.564580,-0.368890
15.114000,1.427671,1.992879,-0.565208,-0.369096
15.115000,1.440108,2.005942,-0.565834,-0.369302
15.116000,1.452542,2.019002,-0.566460,-0.369507
15.117000,1.464974,2.032058,-0.567084,-0.369711
15.118000,1.477404,2.045112,-0.567708,-0.369915
15.119000,1.489831,2.058162,-0.568331,-0.370119
15.120000,1.502256,2.071209,-0.568954,-0.370321
15.121000,1.514678,2.084253,-0.569575,-0.370524
15.122000,1.527099,2.097294,-0.570196,-0.370725
15.123000,1.539516,2.110332,-0.570815,-0.370927
15.124000,1.551932,2.123366,-0.571434,-0.371127
15.125000,1.564345,2.136397,-0.572052,-0.371327
15.126000,1.576755,2.149425,-0.572670,-0.371526
15.127000,1.589163,2.162449,-0.573286,-0.371725
15.128000,1.601568,2.175470,-0.573902,-0.371924
15.129000,1.613971,2.188488,-0.574516,-0.372121
15.130000,1.626372,2.201502,-0.575130,-0.372318
15.131000,1.638769,2.214513,-0.575744,-0.372515
15.132000,1.651165,2.227520,-0.576356,-0.372711
15.133000,1.663557,2.240524,-0.576967,-0.372906
15.134000,1.675947,2.253525,-0.577578,-0.373101
15.135000,1.688334,2.266522,-0.578188,-0.373296
15.136000,1.700719,2.279515,-0.578796,-0.373489
15.137000,1.713101,2.292505,-0.579404,-0.373682
15.138000,1.725480,2.305492,-0.580012,-0.373875
15.139000,1.737857,2.318475,-0.580618,-0.374067
15.140000,1.750231,2.331454,-0.581224,-0.374258
15.141000,1.762602,2.344430,-0.581828,-0.374449
15.142000,1.774970,2.357402,-0.582432,-0.374639
15.143000,1.787335,2.370370,-0.583035,-0.374829
15.144000,1.799698,2.383335,-0.583637,-0.375018
15.145000,1.812058,2.396296,-0.584238,-0.375207
15.146000,1.824415,2.409253,-0.584839,-0.375395
15.147000,1.836769,2.422207,-0.585438,-0.375582
15.148000,1.849120,2.435157,-0.586037,-0.375769
15.149000,1.861468,2.448103,-0.586635,-0.375955
15.150000,1.873813,2.461045,-0.587232,-0.376140
15.151000,1.886155,2.473983,-0.587828,-0.376325
15.152000,1.898495,2.486918,-0.588423,-0.376510
15.153000,1.910831,2.499849,-0.589018,-0.376694
15.154000,1.923164,2.512775,-0.589611,-0.376877
15.155000,1.935495,2.525698,-0.590204,-0.377060
15.156000,1.947822,2.538617,-0.590796,-0.377242
15.157000,1.960146,2.551533,-0.591386,-0.377423
15.158000,1.972467,2.564444,-0.591977,-0.377604
15.159000,1.984785,2.577351,-0.592566,-0.377785
15.160000,1.997100,2.590254,-0.593154,-0.377964
15.161000,2.009411,2.603153,-0.593742,-0.378143
15.162000,2.021720,2.616048,-0.594328,-0.378322
15.163000,2.034025,2.628939,-0.594914,-0.378500
15.164000,2.046327,2.641826,-0.595499,-0.378677
15.165000,2.058626,2.654709,-0.596083,-0.378854
15.166000,2.070922,2.667588,-0.596666,-0.379030
15.167000,2.083214,2.680462,-0.597248,-0.379206
15.168000,2.095503,2.693332,-0.597829,-0.379381
15.169000,2.107789,2.706199,-0.598410,-0.379555
15.170000,2.120071,2.719061,-0.598989,-0.379729
15.171000,2.132350,2.731918,-0.599568,-0.379903
15.172000,2.144626,2.744772,-0.600146,-0.380075
15.173000,2.156898,2.757621,-0.600723,-0.380247
15.174000,2.169167,2.770466,-0.601299,-0.380419
15.175000,2.181432,2.783307,-0.601874,-0.380590
15.176000,2.193694,2.796143,-0.602449,-0.380760
15.177000,2.205953,2.808975,-0.603022,-0.380930
15.178000,2.218208,2.821802,-0.603594,-0.381099
15.179000,2.230460,2.834626,-0.604166,-0.381267
15.180000,2.242708,2.847444,-0.604737,-0.381435
15.181000,2.254952,2.860259,-0.605307,-0.381602
15.182000,2.267193,2.873069,-0.605876,-0.381769
15.183000,2.279430,2.885874,-0.606444,-0.381935
15.184000,2.291664,2.898675,-0.607011,-0.382101
15.185000,2.303894,2.911471,-0.607577,-0.382265
15.186000,2.316121,2.924263,-0.608143,-0.382430
15.187000,2.328344,2.937051,-0.608707,-0.382593
15.188000,2.340563,2.949833,-0.609271,-0.382757
15.189000,2.352778,2.962611,-0.609833,-0.382919
15.190000,2.364990,2.975385,-0.610395,-0.383081
15.191000,2.377198,2.988154,-0.610956,-0.383242
15.192000,2.389402,3.000918,-0.611516,-0.383403
15.193000,2.401603,3.013678,-0.612075,-0.383563
15.194000,2.413799,3.026433,-0.612633,-0.383722
15.195000,2.425992,3.039183,-0.613190,-0.383881
15.196000,2.438181,3.051928,-0.613747,-0.384040
15.197000,2.450367,3.064669,-0.614302,-0.384197
15.198000,2.462548,3.077405,-0.614857,-0.384354
15.199000,2.474725,3.090136,-0.615410,-0.384511
15.200000,2.486899,3.102862,-0.615963,-0.384667
15.201000,2.499068,3.115583,-0.616515,-0.384822
15.202000,2.511234,3.128300,-0.617066,-0.384976
15.203000,2.523396,3.141012,-0.617616,-0.385130
15.204000,2.535554,3.153719,-0.618165,-0.385284
15.205000,2.547707,3.166420,-0.618713,-0.385437
15.206000,2.559857,3.179117,-0.619260,-0.385589
15.207000,2.572003,3.191809,-0.619807,-0.385740
15.208000,2.584144,3.204496,-0.620352,-0.385891
15.209000,2.596282,3.217178,-0.620897,-0.386042
15.210000,2.608415,3.229855,-0.621440,-0.386191
15.211000,2.620544,3.242527,-0.621983,-0.386341
15.212000,2.632669,3.255194,-0.622524,-0.386489
15.213000,2.644790,3.267856,-0.623065,-0.386637
15.214000,2.656907,3.280512,-0.623605,-0.386784
15.215000,2.669020,3.293164,-0.624144,-0.386931
15.216000,2.681128,3.305810,-0.624682,-0.387077
15.217000,2.693232,3.318452,-0.625219,-0.387222
15.218000,2.705332,3.331088,-0.625755,-0.387367
15.219000,2.717428,3.343719,-0.626291,-0.387512
15.220000,2.729519,3.356344,-0.626825,-0.387655
15.221000,2.741606,3.368965,-0.627358,-0.387798
15.222000,2.753689,3.381580,-0.627891,-0.387940
15.223000,2.765767,3.394190,-0.628422,-0.388082
15.224000,2.777841,3.406794,-0.628953,-0.388223
15.225000,2.789911,3.419393,-0.629482,-0.388364
15.226000,2.801976,3.431987,-0.630011,-0.388504
15.227000,2.814037,3.444576,-0.630539,-0.388643
15.228000,2.826093,3.457159,-0.631066,-0.388782
15.229000,2.838145,3.469737,-0.631592,-0.388920
15.230000,2.850193,3.482309,-0.632116,-0.389057
15.231000,2.862236,3.494876,-0.632640,-0.389194
15.232000,2.874274,3.507437,-0.633163,-0.389330
15.233000,2.886308,3.519993,-0.633686,-0.389466
15.234000,2.898337,3.532544,-0.634207,-0.389601
15.235000,2.910362,3.545089,-0.634727,-0.389735
15.236000,2.922382,3.557628,-0.635246,-0.389869
15.237000,2.934397,3.570162,-0.635765,-0.390002
15.238000,2.946408,3.582690,-0.636282,-0.390134
15.239000,2.958414,3.595213,-0.636798,-0.390266
15.240000,2.970416,3.607730,-0.637314,-0.390397
15.241000,2.982413,3.620241,-0.637828,-0.390528
15.242000,2.994405,3.632747,-0.638342,-0.390658
15.243000,3.006392,3.645247,-0.638854,-0.390787
15.244000,3.018375,3.657741,-0.639366,-0.390916
15.245000,3.030353,3.670229,-0.639877,-0.391044
15.246000,3.042326,3.682712,-0.640386,-0.391171
15.247000,3.054294,3.695189,-0.640895,-0.391298
15.248000,3.066258,3.707661,-0.641403,-0.391424
15.249000,3.078216,3.720126,-0.641910,-0.391549
15.250000,3.090170,3.732586,-0.642416,-0.391674
15.251000,3.102119,3.745040,-0.642921,-0.391799
15.252000,3.114063,3.757488,-0.643425,-0.391922
15.253000,3.126002,3.769930,-0.643928,-0.392045
15.254000,3.137936,3.782366,-0.644430,-0.392168
15.255000,3.149865,3.794796,-0.644931,-0.392290
15.256000,3.161789,3.807220,-0.645431,-0.392411
15.257000,3.173709,3.819639,-0.645930,-0.392531
15.258000,3.185623,3.832051,-0.646428,-0.392651
15.259000,3.197532,3.844457,-0.646925,-0.392770
15.260000,3.209436,3.856858,-0.647422,-0.392889
15.261000,3.221335,3.869252,-0.647917,-0.393007
15.262000,3.233229,3.881640,-0.648411,-0.393124
15.263000,3.245118,3.894022,-0.648905,-0.393241
15.264000,3.257002,3.906399,-0.649397,-0.393357
15.265000,3.268880,3.918768,-0.649888,-0.393472
15.266000,3.280754,3.931132,-0.650379,-0.393587
15.267000,3.292622,3.943490,-0.650868,-0.393701
15.268000,3.304485,3.955841,-0.651356,-0.393815
15.269000,3.316343,3.968187,-0.651844,-0.393928
15.270000,3.328195,3.980526,-0.652330,-0.394040
15.271000,3.340043,3.992859,-0.652816,-0.394152
15.272000,3.351885,4.005185,-0.653300,-0.394263
15.273000,3.363722,4.017505,-0.653784,-0.394373
15.274000,3.375553,4.029819,-0.654266,-0.394483
15.275000,3.387379,4.042127,-0.654748,-0.394592
15.276000,3.399200,4.054428,-0.655228,-0.394700
15.277000,3.411015,4.066723,-0.655708,-0.394808
15.278000,3.422825,4.079012,-0.656187,-0.394915
15.279000,3.434630,4.091294,-0.656664,-0.395022
15.280000,3.446429,4.103570,-0.657141,-0.395128
15.281000,3.458223,4.115839,-0.657616,-0.395233
15.282000,3.470011,4.128102,-0.658091,-0.395337
15.283000,3.481794,4.140359,-0.658565,-0.395441
15.284000,3.493571,4.152609,-0.659037,-0.395545
15.285000,3.505343,4.164852,-0.659509,-0.395647
15.286000,3.517109,4.177089,-0.659979,-0.395749
15.287000,3.528870,4.189319,-0.660449,-0.395851
15.288000,3.540625,4.201543,-0.660918,-0.395951
15.289000,3.552375,4.213760,-0.661385,-0.396052
15.290000,3.564119,4.225971,-0.661852,-0.396151
15.291000,3.575857,4.238175,-0.662318,-0.396250
15.292000,3.587590,4.250372,-0.662782,-0.396348
15.293000,3.599317,4.262563,-0.663246,-0.396445
15.294000,3.611038,4.274747,-0.663708,-0.396542
15.295000,3.622754,4.286924,-0.664170,-0.396639
15.296000,3.634464,4.299094,-0.664631,-0.396734
15.297000,3.646168,4.311258,-0.665090,-0.396829
15.298000,3.657866,4.323415,-0.665549,-0.396923
15.299000,3.669559,4.335565,-0.666007,-0.397017
15.300000,3.681246,4.347709,-0.666463,-0.397110
15.301000,3.692927,4.359845,-0.666919,-0.397202
15.302000,3.704602,4.371975,-0.667373,-0.397294
15.303000,3.716271,4.384098,-0.667827,-0.397385
15.304000,3.727934,4.396214,-0.668279,-0.397476
15.305000,3.739592,4.408323,-0.668731,-0.397565
15.306000,3.751244,4.420425,-0.669181,-0.397654
15.307000,3.762889,4.432520,-0.669631,-0.397743
15.308000,3.774529,4.444609,-0.670079,-0.397831
15.309000,3.786163,4.456690,-0.670527,-0.397918
15.310000,3.797791,4.468764,-0.670973,-0.398004
15.311000,3.809413,4.480831,-0.671419,-0.398090
15.312000,3.821029,4.492892,-0.671863,-0.398175
15.313000,3.832638,4.504945,-0.672306,-0.398260
15.314000,3.844242,4.516991,-0.672749,-0.398344
15.315000,3.855840,4.529030,-0.673190,-0.398427
15.316000,3.867432,4.541062,-0.673630,-0.398510
15.317000,3.879017,4.553087,-0.674070,-0.398592
15.318000,3.890596,4.565104,-0.674508,-0.398673
15.319000,3.902170,4.577115,-0.674945,-0.398754
15.320000,3.913737,4.589118,-0.675381,-0.398834
15.321000,3.925298,4.601114,-0.675816,-0.398913
15.322000,3.936852,4.613103,-0.676251,-0.398992
15.323000,3.948401,4.625084,-0.676684,-0.399070
15.324000,3.959943,4.637059,-0.677116,-0.399147
15.325000,3.971479,4.649026,-0.677547,-0.399224
15.326000,3.983009,4.660985,-0.677977,-0.399300
15.327000,3.994532,4.672938,-0.678406,-0.399375
15.328000,4.006049,4.684883,-0.678834,-0.399450
15.329000,4.017560,4.696820,-0.679261,-0.399524
15.330000,4.029064,4.708751,-0.679686,-0.399598
15.331000,4.040562,4.720674,-0.680111,-0.399670
15.332000,4.052054,4.732589,-0.680535,-0.399743
15.333000,4.063539,4.744497,-0.680958,-0.399814
15.334000,4.075018,4.756398,-0.681379,-0.399885
15.335000,4.086491,4.768291,-0.681800,-0.399955
15.336000,4.097957,4.780176,-0.682220,-0.400024
15.337000,4.109416,4.792055,-0.682638,-0.400093
15.338000,4.120869,4.803925,-0.683056,-0.400162
15.339000,4.132316,4.815788,-0.683472,-0.400229
15.340000,4.143756,4.827644,-0.683888,-0.400296
15.341000,4.155189,4.839491,-0.684302,-0.400362
15.342000,4.166616,4.851332,-0.684716,-0.400428
15.343000,4.178036,4.863164,-0.685128,-0.400493
15.344000,4.189450,4.874989,-0.685539,-0.400557
15.345000,4.200857,4.886807,-0.685949,-0.400620
15.346000,4.212258,4.898616,-0.686358,-0.400683
15.347000,4.223652,4.910418,-0.686766,-0.400746
15.348000,4.235039,4.922212,-0.687174,-0.400807
15.349000,4.246419,4.933999,-0.687580,-0.400868
15.350000,4.257793,4.945777,-0.687984,-0.400928
15.351000,4.269160,4.957548,-0.688388,-0.400988
15.352000,4.280520,4.969311,-0.688791,-0.401047
15.353000,4.291874,4.981067,-0.689193,-0.401105
15.354000,4.303221,4.992814,-0.689594,-0.401163
15.355000,4.314560,5.004554,-0.689993,-0.401220
15.356000,4.325894,5.016285,-0.690392,-0.401276
15.357000,4.337220,5.028009,-0.690789,-0.401332
15.358000,4.348539,5.039725,-0.691186,-0.401387
15.359000,4.359852,5.051433,-0.691581,-0.401441
15.360000,4.371158,5.063133,-0.691975,-0.401495
15.361000,4.382456,5.074825,-0.692369,-0.401548
15.362000,4.393748,5.086509,-0.692761,-0.401600
15.363000,4.405033,5.098185,-0.693152,-0.401652
15.364000,4.416311,5.109853,-0.693542,-0.401703
15.365000,4.427582,5.121513,-0.693931,-0.401753
15.366000,4.438846,5.133165,-0.694319,-0.401803
15.367000,4.450103,5.144809,-0.694706,-0.401852
15.368000,4.461353,5.156445,-0.695092,-0.401900
15.369000,4.472596,5.168073,-0.695476,-0.401948
15.370000,4.483832,5.179692,-0.695860,-0.401995
15.371000,4.495061,5.191304,-0.696243,-0.402041
15.372000,4.506283,5.202907,-0.696624,-0.402087
15.373000,4.517497,5.214502,-0.697005,-0.402132
15.374000,4.528705,5.226089,-0.697384,-0.402176
15.375000,4.539905,5.237667,-0.697762,-0.402220
15.376000,4.551098,5.249238,-0.698139,-0.402263
15.377000,4.562284,5.260800,-0.698516,-0.402305
15.378000,4.573463,5.272353,-0.698891,-0.402347
15.379000,4.584634,5.283899,-0.699265,-0.402388
15.380000,4.595799,5.295436,-0.699637,-0.402428
15.381000,4.606956,5.306965,-0.700009,-0.402468
15.382000,4.618105,5.318485,-0.700380,-0.402507
15.383000,4.629248,5.329997,-0.700750,-0.402545
15.384000,4.640383,5.341501,-0.701118,-0.402583
15.385000,4.651511,5.352996,-0.701486,-0.402620
15.386000,4.662631,5.364483,-0.701852,-0.402656
15.387000,4.673744,5.375962,-0.702217,-0.402692
15.388000,4.684850,5.387432,-0.702582,-0.402727
15.389000,4.695948,5.398893,-0.702945,-0.402761
15.390000,4.707039,5.410346,-0.703307,-0.402795
15.391000,4.718123,5.421790,-0.703668,-0.402828
15.392000,4.729199,5.433226,-0.704027,-0.402860
15.393000,4.740267,5.444654,-0.704386,-0.402892
15.394000,4.751328,5.456072,-0.704744,-0.402922
15.395000,4.762382,5.467483,-0.705101,-0.402953
15.396000,4.773428,5.478884,-0.705456,-0.402982
15.397000,4.784467,5.490277,-0.705810,-0.403011
15.398000,4.795498,5.501661,-0.706164,-0.403040
15.399000,4.806521,5.513037,-0.706516,-0.403067
15.400000,4.817537,5.524404,-0.706867,-0.403094
15.401000,4.828545,5.535762,-0.707217,-0.403120
15.402000,4.839545,5.547111,-0.707566,-0.403146
15.403000,4.850538,5.558452,-0.707914,-0.403171
15.404000,4.861524,5.569784,-0.708260,-0.403195
15.405000,4.872501,5.581107,-0.708606,-0.403219
15.406000,4.883471,5.592422,-0.708951,-0.403242
15.407000,4.894433,5.603727,-0.709294,-0.403264
15.408000,4.905388,5.615024,-0.709636,-0.403286
15.409000,4.916334,5.626312,-0.709977,-0.403307
15.410000,4.927273,5.637591,-0.710318,-0.403327
15.411000,4.938205,5.648861,-0.710657,-0.403346
15.412000,4.949128,5.660122,-0.710994,-0.403365
15.413000,4.960043,5.671375,-0.711331,-0.403383
15.414000,4.970951,5.682618,-0.711667,-0.403401
15.415000,4.981851,5.693853,-0.712001,-0.403418
15.416000,4.992743,5.705078,-0.712335,-0.403434
15.417000,5.003627,5.716294,-0.712667,-0.403449
15.418000,5.014503,5.727502,-0.712998,-0.403464
15.419000,5.025372,5.738700,-0.713329,-0.403478
15.420000,5.036232,5.749890,-0.713658,-0.403492
15.421000,5.047084,5.761070,-0.713986,-0.403505
15.422000,5.057929,5.772241,-0.714312,-0.403517
15.423000,5.068765,5.783403,-0.714638,-0.403528
15.424000,5.079594,5.794556,-0.714963,-0.403539
15.425000,5.090414,5.805700,-0.715286,-0.403549
15.426000,5.101227,5.816835,-0.715608,-0.403559
15.427000,5.112031,5.827960,-0.715930,-0.403568
15.428000,5.122827,5.839077,-0.716250,-0.403576
15.429000,5.133615,5.850184,-0.716569,-0.403583
15.430000,5.144395,5.861282,-0.716886,-0.403590
15.431000,5.155167,5.872370,-0.717203,-0.403596
15.432000,5.165931,5.883450,-0.717519,-0.403601
15.433000,5.176687,5.894520,-0.717833,-0.403606
15.434000,5.187434,5.905581,-0.718147,-0.403610
15.435000,5.198173,5.916632,-0.718459,-0.403613
15.436000,5.208904,5.927674,-0.718770,-0.403616
15.437000,5.219627,5.938707,-0.719080,-0.403618
15.438000,5.230342,5.949731,-0.719389,-0.403620
15.439000,5.241048,5.960745,-0.719697,-0.403620
15.440000,5.251746,5.971750,-0.720003,-0.403620
15.441000,5.262436,5.982745,-0.720309,-0.403619
15.442000,5.273118,5.993731,-0.720613,-0.403618
15.443000,5.283791,6.004707,-0.720916,-0.403616
15.444000,5.294455,6.015674,-0.721218,-0.403613
15.445000,5.305112,6.026631,-0.721519,-0.403610
15.446000,5.315760,6.037579,-0.721819,-0.403606
15.447000,5.326400,6.048518,-0.722118,-0.403601
15.448000,5.337031,6.059446,-0.722416,-0.403596
15.449000,5.347654,6.070366,-0.722712,-0.403590
15.450000,5.358268,6.081275,-0.723007,-0.403583
15.451000,5.368874,6.092175,-0.723301,-0.403575
15.452000,5.379471,6.103066,-0.723595,-0.403567
15.453000,5.390060,6.113947,-0.723886,-0.403559
15.454000,5.400641,6.124818,-0.724177,-0.403549
15.455000,5.411213,6.135679,-0.724467,-0.403539
15.456000,5.421776,6.146531,-0.724755,-0.403528
15.457000,5.432331,6.157373,-0.725043,-0.403517
15.458000,5.442877,6.168206,-0.725329,-0.403504
15.459000,5.453414,6.179028,-0.725614,-0.403492
15.460000,5.463943,6.189841,-0.725898,-0.403478
15.461000,5.474464,6.200645,-0.726181,-0.403464
15.462000,5.484976,6.211438,-0.726462,-0.403449
15.463000,5.495479,6.222222,-0.726743,-0.403433
15.464000,5.505973,6.232995,-0.727022,-0.403417
15.465000,5.516459,6.243759,-0.727301,-0.403400
15.466000,5.526936,6.254513,-0.727578,-0.403383
15.467000,5.537404,6.265257,-0.727854,-0.403364
15.468000,5.547863,6.275992,-0.728128,-0.403345
15.469000,5.558314,6.286716,-0.728402,-0.403326
15.470000,5.568756,6.297431,-0.728674,-0.403305
15.471000,5.579189,6.308135,-0.728946,-0.403284
15.472000,5.589614,6.318830,-0.729216,-0.403263
15.473000,5.600029,6.329514,-0.729485,-0.403240
15.474000,5.610436,6.340189,-0.729753,-0.403217
15.475000,5.620834,6.350854,-0.730020,-0.403194
15.476000,5.631223,6.361508,-0.730285,-0.403169
15.477000,5.641603,6.372153,-0.730550,-0.403144
15.478000,5.651974,6.382787,-0.730813,-0.403119
15.479000,5.662336,6.393411,-0.731075,-0.403092
15.480000,5.672689,6.404026,-0.731336,-0.403065
15.481000,5.683034,6.414630,-0.731596,-0.403037
15.482000,5.693369,6.425224,-0.731855,-0.403009
15.483000,5.703696,6.435808,-0.732112,-0.402980
15.484000,5.714013,6.446382,-0.732369,-0.402950
15.485000,5.724321,6.456945,-0.732624,-0.402919
15.486000,5.734621,6.467498,-0.732878,-0.402888
15.487000,5.744911,6.478042,-0.733131,-0.402856
15.488000,5.755192,6.488575,-0.733383,-0.402824
15.489000,5.765464,6.499097,-0.733633,-0.402791
15.490000,5.775727,6.509610,-0.733883,-0.402757
15.491000,5.785981,6.520112,-0.734131,-0.402722
15.492000,5.796226,6.530604,-0.734378,-0.402687
15.493000,5.806461,6.541085,-0.734624,-0.402651
15.494000,5.816688,6.551556,-0.734869,-0.402615
15.495000,5.826905,6.562017,-0.735112,-0.402577
15.496000,5.837113,6.572468,-0.735355,-0.402539
15.497000,5.847312,6.582908,-0.735596,-0.402501
15.498000,5.857501,6.593337,-0.735836,-0.402462
15.499000,5.867681,6.603757,-0.736075,-0.402422
15.500000,5.877853,6.614165,-0.736313,-0.402381
15.501000,5.888014,6.624564,-0.736549,-0.402340
15.502000,5.898167,6.634952,-0.736785,-0.402298
15.503000,5.908310,6.645329,-0.737019,-0.402255
15.504000,5.918444,6.655696,-0.737252,-0.402212
15.505000,5.928568,6.666052,-0.737484,-0.402168
15.506000,5.938683,6.676398,-0.737715,-0.402123
15.507000,5.948789,6.686734,-0.737945,-0.402077
15.508000,5.958885,6.697059,-0.738173,-0.402031
15.509000,5.968972,6.707373,-0.738400,-0.401985
15.510000,5.979050,6.717676,-0.738627,-0.401937
15.511000,5.989118,6.727969,-0.738851,-0.401889
15.512000,5.999177,6.738252,-0.739075,-0.401840
15.513000,6.009226,6.748523,-0.739298,-0.401791
15.514000,6.019265,6.758784,-0.739519,-0.401741
15.515000,6.029295,6.769035,-0.739739,-0.401690
15.516000,6.039316,6.779274,-0.739958,-0.401638
15.517000,6.049327,6.789503,-0.740176,-0.401586
15.518000,6.059329,6.799722,-0.740393,-0.401533
15.519000,6.069321,6.809929,-0.740609,-0.401480
15.520000,6.079303,6.820126,-0.740823,-0.401426
15.521000,6.089276,6.830312,-0.741036,-0.401371
15.522000,6.099239,6.840487,-0.741248,-0.401315
15.523000,6.109192,6.850651,-0.741459,-0.401259
15.524000,6.119136,6.860805,-0.741669,-0.401202
15.525000,6.129071,6.870948,-0.741877,-0.401145
15.526000,6.138995,6.881079,-0.742084,-0.401086
15.527000,6.148910,6.891200,-0.742290,-0.401028
15.528000,6.158815,6.901310,-0.742495,-0.400968
15.529000,6.168710,6.911409,-0.742699,-0.400908
15.530000,6.178596,6.921498,-0.742902,-0.400847
15.531000,6.188472,6.931575,-0.743103,-0.400785
15.532000,6.198338,6.941641,-0.743303,-0.400723
15.533000,6.208195,6.951697,-0.743502,-0.400660
15.534000,6.218041,6.961741,-0.743700,-0.400596
15.535000,6.227878,6.971774,-0.743897,-0.400532
15.536000,6.237705,6.981797,-0.744092,-0.400467
15.537000,6.247522,6.991808,-0.744286,-0.400401
15.538000,6.257329,7.001808,-0.744479,-0.400335
15.539000,6.267126,7.011797,-0.744671,-0.400268
15.540000,6.276914,7.021776,-0.744862,-0.400200
15.541000,6.286691,7.031743,-0.745051,-0.400132
15.542000,6.296459,7.041698,-0.745240,-0.400063
15.543000,6.306216,7.051643,-0.745427,-0.399993
15.544000,6.315964,7.061577,-0.745613,-0.399922
15.545000,6.325702,7.071499,-0.745798,-0.399851
15.546000,6.335429,7.081410,-0.745981,-0.399780
15.547000,6.345147,7.091310,-0.746163,-0.399707
15.548000,6.354855,7.101199,-0.746345,-0.399634
15.549000,6.364552,7.111077,-0.746525,-0.399560
15.550000,6.374240,7.120943,-0.746703,-0.399486
15.551000,6.383917,7.130798,-0.746881,-0.399411
15.552000,6.393585,7.140642,-0.747057,-0.399335
15.553000,6.403242,7.150475,-0.747233,-0.399258
15.554000,6.412889,7.160296,-0.747407,-0.399181
15.555000,6.422527,7.170106,-0.747579,-0.399103
15.556000,6.432153,7.179905,-0.747751,-0.399025
15.557000,6.441770,7.189692,-0.747922,-0.398946
15.558000,6.451377,7.199468,-0.748091,-0.398866
15.559000,6.460973,7.209232,-0.748259,-0.398785
15.560000,6.470560,7.218985,-0.748426,-0.398704
15.561000,6.480136,7.228727,-0.748591,-0.398622
15.562000,6.489701,7.238457,-0.748756,-0.398540
15.563000,6.499257,7.248176,-0.748919,-0.398457
15.564000,6.508802,7.257883,-0.749081,-0.398373
15.565000,6.518337,7.267579,-0.749242,-0.398288
15.566000,6.527862,7.277263,-0.749402,-0.398203
15.567000,6.537376,7.286936,-0.749560,-0.398117
15.568000,6.546880,7.296598,-0.749717,-0.398030
15.569000,6.556374,7.306247,-0.749873,-0.397943
15.570000,6.565858,7.315886,-0.750028,-0.397855
15.571000,6.575331,7.325512,-0.750182,-0.397767
15.572000,6.584793,7.335127,-0.750334,-0.397678
15.573000,6.594245,7.344731,-0.750485,-0.397588
15.574000,6.603687,7.354323,-0.750635,-0.397497
15.575000,6.613119,7.363903,-0.750784,-0.397406
15.576000,6.622540,7.373472,-0.750932,-0.397314
15.577000,6.631950,7.383028,-0.751078,-0.397221
15.578000,6.641350,7.392574,-0.751224,-0.397128
15.579000,6.650740,7.402107,-0.751368,-0.397034
15.580000,6.660119,7.411629,-0.751510,-0.396939
15.581000,6.669487,7.421139,-0.751652,-0.396844
15.582000,6.678845,7.430637,-0.751792,-0.396748
15.583000,6.688193,7.440124,-0.751932,-0.396651
15.584000,6.697529,7.449599,-0.752069,-0.396554
15.585000,6.706856,7.459062,-0.752206,-0.396456
15.586000,6.716171,7.468513,-0.752342,-0.396358
15.587000,6.725477,7.477953,-0.752476,-0.396258
15.588000,6.734771,7.487380,-0.752609,-0.396158
15.589000,6.744055,7.496796,-0.752741,-0.396058
15.590000,6.753328,7.506200,-0.752872,-0.395956
15.591000,6.762591,7.515592,-0.753001,-0.395854
15.592000,6.771842,7.524972,-0.753130,-0.395752
15.593000,6.781084,7.534340,-0.753257,-0.395648
15.594000,6.790314,7.543697,-0.753383,-0.395544
15.595000,6.799534,7.553041,-0.753507,-0.395440
15.596000,6.808743,7.562374,-0.753631,-0.395335
15.597000,6.817941,7.571694,-0.753753,-0.395229
15.598000,6.827128,7.581003,-0.753874,-0.395122
15.599000,6.836305,7.590299,-0.753994,-0.395015
15.600000,6.845471,7.599584,-0.754113,-0.394907
15.601000,6.854626,7.608856,-0.754230,-0.394798
15.602000,6.863770,7.618117,-0.754346,-0.394689
15.603000,6.872904,7.627365,-0.754461,-0.394579
15.604000,6.882026,7.636601,-0.754575,-0.394468
15.605000,6.891138,7.645825,-0.754687,-0.394357
15.606000,6.900239,7.655038,-0.754799,-0.394245
15.607000,6.909329,7.664238,-0.754909,-0.394132
15.608000,6.918408,7.673426,-0.755018,-0.394019
15.609000,6.927476,7.682601,-0.755125,-0.393905
15.610000,6.936533,7.691765,-0.755232,-0.393790
15.611000,6.945579,7.700916,-0.755337,-0.393675
15.612000,6.954614,7.710056,-0.755441,-0.393559
15.613000,6.963639,7.719183,-0.755544,-0.393442
15.614000,6.972652,7.728297,-0.755645,-0.393325
15.615000,6.981654,7.737400,-0.755746,-0.393207
15.616000,6.990645,7.746490,-0.755845,-0.393089
15.617000,6.999626,7.755568,-0.755943,-0.392969
15.618000,7.008595,7.764634,-0.756040,-0.392849
15.619000,7.017553,7.773688,-0.756135,-0.392729
15.620000,7.026500,7.782729,-0.756229,-0.392608
15.621000,7.035436,7.791758,-0.756322,-0.392486
15.622000,7.044360,7.800774,-0.756414,-0.392363
15.623000,7.053274,7.809779,-0.756505,-0.392240
15.624000,7.062176,7.818771,-0.756594,-0.392116
15.625000,7.071068,7.827750,-0.756682,-0.391991
15.626000,7.079948,7.836717,-0.756769,-0.391866
15.627000,7.088817,7.845672,-0.756855,-0.391740
15.628000,7.097675,7.854614,-0.756939,-0.391614
15.629000,7.106521,7.863544,-0.757023,-0.391486
15.630000,7.115357,7.872462,-0.757105,-0.391359
15.631000,7.124181,7.881367,-0.757186,-0.391230
15.632000,7.132994,7.890259,-0.757265,-0.391101
15.633000,7.141795,7.899139,-0.757344,-0.390971
15.634000,7.150586,7.908007,-0.757421,-0.390841
15.635000,7.159365,7.916861,-0.757497,-0.390709
15.636000,7.168133,7.925704,-0.757571,-0.390578
15.637000,7.176889,7.934534,-0.757645,-0.390445
15.638000,7.185634,7.943351,-0.757717,-0.390312
15.639000,7.194368,7.952156,-0.757788,-0.390178
15.640000,7.203090,7.960948,-0.757858,-0.390044
15.641000,7.211801,7.969728,-0.757927,-0.389909
15.642000,7.220501,7.978495,-0.757994,-0.389773
15.643000,7.229189,7.987249,-0.758060,-0.389637
15.644000,7.237866,7.995991,-0.758125,-0.389500
15.645000,7.246531,8.004720,-0.758189,-0.389362
15.646000,7.255185,8.013436,-0.758251,-0.389223
15.647000,7.263828,8.022140,-0.758312,-0.389084
15.648000,7.272459,8.030831,-0.758372,-0.388945
15.649000,7.281078,8.039509,-0.758431,-0.388804
15.650000,7.289686,8.048175,-0.758488,-0.388663
15.651000,7.298283,8.056828,-0.758545,-0.388522
15.652000,7.306868,8.065468,-0.758600,-0.388379
15.653000,7.315441,8.074095,-0.758654,-0.388237
15.654000,7.324003,8.082709,-0.758706,-0.388093
15.655000,7.332553,8.091311,-0.758758,-0.387949
15.656000,7.341092,8.099900,-0.758808,-0.387804
15.657000,7.349619,8.108476,-0.758857,-0.387658
15.658000,7.358135,8.117039,-0.758905,-0.387512
15.659000,7.366639,8.125590,-0.758951,-0.387365
15.660000,7.375131,8.134127,-0.758996,-0.387218
15.661000,7.383612,8.142652,-0.759040,-0.387069
15.662000,7.392081,8.151164,-0.759083,-0.386921
15.663000,7.400538,8.159663,-0.759125,-0.386771
15.664000,7.408984,8.168149,-0.759165,-0.386621
15.665000,7.417418,8.176622,-0.759204,-0.386470
15.666000,7.425840,8.185082,-0.759242,-0.386319
15.667000,7.434250,8.193529,-0.759278,-0.386167
15.668000,7.442649,8.201963,-0.759314,-0.386014
15.669000,7.451036,8.210384,-0.759348,-0.385861
15.670000,7.459411,8.218792,-0.759381,-0.385707
15.671000,7.467775,8.227188,-0.759413,-0.385552
15.672000,7.476127,8.235570,-0.759443,-0.385397
15.673000,7.484466,8.243939,-0.759472,-0.385241
15.674000,7.492794,8.252295,-0.759500,-0.385084
15.675000,7.501111,8.260638,-0.759527,-0.384927
15.676000,7.509415,8.268968,-0.759553,-0.384769
15.677000,7.517708,8.277285,-0.759577,-0.384611
15.678000,7.525988,8.285588,-0.759600,-0.384451
15.679000,7.534257,8.293879,-0.759622,-0.384292
15.680000,7.542514,8.302156,-0.759642,-0.384131
15.681000,7.550759,8.310421,-0.759662,-0.383970
15.682000,7.558992,8.318672,-0.759680,-0.383808
15.683000,7.567213,8.326910,-0.759697,-0.383646
15.684000,7.575422,8.335134,-0.759713,-0.383483
15.685000,7.583619,8.343346,-0.759727,-0.383319
15.686000,7.591804,8.351544,-0.759740,-0.383155
15.687000,7.599978,8.359730,-0.759752,-0.382990
15.688000,7.608139,8.367902,-0.759763,-0.382824
15.689000,7.616288,8.376060,-0.759772,-0.382658
15.690000,7.624425,8.384206,-0.759781,-0.382491
15.691000,7.632550,8.392338,-0.759788,-0.382324
15.692000,7.640663,8.400457,-0.759793,-0.382155
15.693000,7.648764,8.408562,-0.759798,-0.381987
15.694000,7.656853,8.416654,-0.759801,-0.381817
15.695000,7.664930,8.424733,-0.759803,-0.381647
15.696000,7.672995,8.432799,-0.759804,-0.381476
15.697000,7.681047,8.440851,-0.759804,-0.381305
15.698000,7.689088,8.448890,-0.759802,-0.381133
15.699000,7.697116,8.456916,-0.759799,-0.380960
15.700000,7.705132,8.464928,-0.759795,-0.380787
15.701000,7.713136,8.472926,-0.759790,-0.380613
15.702000,7.721128,8.480912,-0.759783,-0.380438
15.703000,7.729108,8.488883,-0.759775,-0.380263
15.704000,7.737075,8.496842,-0.759766,-0.380087
15.705000,7.745031,8.504787,-0.759756,-0.379911
15.706000,7.752974,8.512718,-0.759745,-0.379734
15.707000,7.760904,8.520636,-0.759732,-0.379556
15.708000,7.768823,8.528541,-0.759718,-0.379378
15.709000,7.776729,8.536432,-0.759703,-0.379199
15.710000,7.784623,8.544309,-0.759686,-0.379019
15.711000,7.792505,8.552173,-0.759668,-0.378839
15.712000,7.800374,8.560024,-0.759650,-0.378658
15.713000,7.808231,8.567860,-0.759629,-0.378476
15.714000,7.816076,8.575684,-0.759608,-0.378294
15.715000,7.823908,8.583493,-0.759585,-0.378111
15.716000,7.831728,8.591289,-0.759561,-0.377928
15.717000,7.839536,8.599072,-0.759536,-0.377744
15.718000,7.847331,8.606841,-0.759510,-0.377559
15.719000,7.855114,8.614596,-0.759482,-0.377374
15.720000,7.862884,8.622338,-0.759453,-0.377188
15.721000,7.870642,8.630066,-0.759423,-0.377001
15.722000,7.878388,8.637780,-0.759392,-0.376814
15.723000,7.886121,8.645481,-0.759360,-0.376626
15.724000,7.893842,8.653168,-0.759326,-0.376438
15.725000,7.901550,8.660841,-0.759291,-0.376249
15.726000,7.909246,8.668500,-0.759254,-0.376059
15.727000,7.916929,8.676146,-0.759217,-0.375869
15.728000,7.924600,8.683778,-0.759178,-0.375678
15.729000,7.932258,8.691396,-0.759138,-0.375486
15.730000,7.939904,8.699001,-0.759097,-0.375294
15.731000,7.947537,8.706592,-0.759055,-0.375101
15.732000,7.955158,8.714169,-0.759011,-0.374907
15.733000,7.962766,8.721732,-0.758966,-0.374713
15.734000,7.970361,8.729281,-0.758920,-0.374519
15.735000,7.977944,8.736817,-0.758872,-0.374323
15.736000,7.985515,8.744338,-0.758824,-0.374127
15.737000,7.993072,8.751846,-0.758774,-0.373931
15.738000,8.000618,8.759340,-0.758723,-0.373733
15.739000,8.008150,8.766820,-0.758670,-0.373535
15.740000,8.015670,8.774287,-0.758617,-0.373337
15.741000,8.023177,8.781739,-0.758562,-0.373138
15.742000,8.030672,8.789177,-0.758506,-0.372938
15.743000,8.038153,8.796602,-0.758449,-0.372738
15.744000,8.045622,8.804012,-0.758390,-0.372537
15.745000,8.053079,8.811409,-0.758330,-0.372335
15.746000,8.060523,8.818792,-0.758269,-0.372133
15.747000,8.067954,8.826161,-0.758207,-0.371930
15.748000,8.075372,8.833515,-0.758143,-0.371727
15.749000,8.082777,8.840856,-0.758079,-0.371523
15.750000,8.090170,8.848183,-0.758013,-0.371318
15.751000,8.097550,8.855495,-0.757946,-0.371113
15.752000,8.104917,8.862794,-0.757877,-0.370907
15.753000,8.112271,8.870079,-0.757807,-0.370700
15.754000,8.119613,8.877349,-0.757737,-0.370493
15.755000,8.126942,8.884606,-0.757664,-0.370286
15.756000,8.134258,8.891849,-0.757591,-0.370077
15.757000,8.141561,8.899077,-0.757516,-0.369868
15.758000,8.148851,8.906291,-0.757441,-0.369659
15.759000,8.156128,8.913491,-0.757363,-0.369448
15.760000,8.163393,8.920678,-0.757285,-0.369238
15.761000,8.170644,8.927850,-0.757205,-0.369026
15.762000,8.177883,8.935007,-0.757125,-0.368814
15.763000,8.185108,8.942151,-0.757043,-0.368601
15.764000,8.192321,8.949281,-0.756959,-0.368388
15.765000,8.199521,8.956396,-0.756875,-0.368174
15.766000,8.206708,8.963497,-0.756789,-0.367960
15.767000,8.213882,8.970584,-0.756702,-0.367745
15.768000,8.221043,8.977657,-0.756614,-0.367529
15.769000,8.228191,8.984715,-0.756524,-0.367313
15.770000,8.235326,8.991760,-0.756434,-0.367096
15.771000,8.242448,8.998790,-0.756342,-0.366878
15.772000,8.249557,9.005806,-0.756249,-0.366660
15.773000,8.256653,9.012807,-0.756154,-0.366441
15.774000,8.263736,9.019794,-0.756058,-0.366222
15.775000,8.270806,9.026767,-0.755962,-0.366002
15.776000,8.277863,9.033726,-0.755863,-0.365781
15.777000,8.284906,9.040670,-0.755764,-0.365560
15.778000,8.291937,9.047600,-0.755664,-0.365338
15.779000,8.298955,9.054516,-0.755562,-0.365116
15.780000,8.305959,9.061418,-0.755459,-0.364893
15.781000,8.312950,9.068305,-0.755354,-0.364669
15.782000,8.319929,9.075177,-0.755249,-0.364445
15.783000,8.326894,9.082036,-0.755142,-0.364220
15.784000,8.333846,9.088880,-0.755034,-0.363995
15.785000,8.340784,9.095709,-0.754925,-0.363769
15.786000,8.347710,9.102524,-0.754814,-0.363542
15.787000,8.354622,9.109325,-0.754703,-0.363315
15.788000,8.361522,9.116111,-0.754590,-0.363087
15.789000,8.368408,9.122883,-0.754476,-0.362859
15.790000,8.375280,9.129641,-0.754360,-0.362630
15.791000,8.382140,9.136383,-0.754244,-0.362400
15.792000,8.388986,9.143112,-0.754126,-0.362170
15.793000,8.395819,9.149826,-0.754007,-0.361939
15.794000,8.402639,9.156525,-0.753886,-0.361708
15.795000,8.409446,9.163210,-0.753765,-0.361476
15.796000,8.416239,9.169881,-0.753642,-0.361243
15.797000,8.423019,9.176537,-0.753518,-0.361010
15.798000,8.429786,9.183178,-0.753393,-0.360776
15.799000,8.436539,9.189805,-0.753266,-0.360542
15.800000,8.443279,9.196418,-0.753138,-0.360307
15.801000,8.450006,9.203015,-0.753009,-0.360071
15.802000,8.456719,9.209599,-0.752879,-0.359835
15.803000,8.463419,9.216167,-0.752748,-0.359599
15.804000,8.470106,9.222721,-0.752615,-0.359361
15.805000,8.476779,9.229261,-0.752481,-0.359123
15.806000,8.483439,9.235785,-0.752346,-0.358885
15.807000,8.490086,9.242295,-0.752210,-0.358646
15.808000,8.496719,9.248791,-0.752072,-0.358406
15.809000,8.503339,9.255272,-0.751933,-0.358166
15.810000,8.509945,9.261738,-0.751793,-0.357925
15.811000,8.516538,9.268190,-0.751652,-0.357683
15.812000,8.523117,9.274626,-0.751509,-0.357441
15.813000,8.529683,9.281049,-0.751366,-0.357199
15.814000,8.536235,9.287456,-0.751221,-0.356955
15.815000,8.542774,9.293849,-0.751075,-0.356712
15.816000,8.549300,9.300227,-0.750927,-0.356467
15.817000,8.555812,9.306590,-0.750779,-0.356222
15.818000,8.562310,9.312939,-0.750629,-0.355977
15.819000,8.568795,9.319273,-0.750478,-0.355730
15.820000,8.575267,9.325592,-0.750325,-0.355484
15.821000,8.581724,9.331896,-0.750172,-0.355236
15.822000,8.588169,9.338186,-0.750017,-0.354988
15.823000,8.594599,9.344460,-0.749861,-0.354740
15.824000,8.601017,9.350720,-0.749704,-0.354491
15.825000,8.607420,9.356965,-0.749545,-0.354241
15.826000,8.613810,9.363196,-0.749385,-0.353991
15.827000,8.620187,9.369411,-0.749225,-0.353740
15.828000,8.626549,9.375612,-0.749062,-0.353489
15.829000,8.632899,9.381798,-0.748899,-0.353237
15.830000,8.639234,9.387969,-0.748734,-0.352984
15.831000,8.645556,9.394125,-0.748569,-0.352731
15.832000,8.651864,9.400266,-0.748402,-0.352477
15.833000,8.658159,9.406392,-0.748233,-0.352223
15.834000,8.664440,9.412504,-0.748064,-0.351968
15.835000,8.670707,9.418600,-0.747893,-0.351713
15.836000,8.676961,9.424682,-0.747721,-0.351457
15.837000,8.683200,9.430748,-0.747548,-0.351200
15.838000,8.689426,9.436800,-0.747374,-0.350943
15.839000,8.695639,9.442837,-0.747198,-0.350685
15.840000,8.701838,9.448859,-0.747021,-0.350427
15.841000,8.708022,9.454865,-0.746843,-0.350168
15.842000,8.714194,9.460857,-0.746664,-0.349909
15.843000,8.720351,9.466834,-0.746483,-0.349649
15.844000,8.726495,9.472796,-0.746301,-0.349388
15.845000,8.732625,9.478743,-0.746119,-0.349127
15.846000,8.738741,9.484675,-0.745934,-0.348865
15.847000,8.744843,9.490592,-0.745749,-0.348603
15.848000,8.750931,9.496494,-0.745562,-0.348340
15.849000,8.757006,9.502380,-0.745374,-0.348076
15.850000,8.763067,9.508252,-0.745185,-0.347812
15.851000,8.769114,9.514109,-0.744995,-0.347548
15.852000,8.775147,9.519951,-0.744804,-0.347283
15.853000,8.781166,9.525777,-0.744611,-0.347017
15.854000,8.787172,9.531589,-0.744417,-0.346751
15.855000,8.793163,9.537385,-0.744222,-0.346484
15.856000,8.799141,9.543166,-0.744025,-0.346216
15.857000,8.805104,9.548932,-0.743828,-0.345948
15.858000,8.811054,9.554683,-0.743629,-0.345680
15.859000,8.816990,9.560419,-0.743429,-0.345411
15.860000,8.822912,9.566140,-0.743228,-0.345141
15.861000,8.828820,9.571846,-0.743025,-0.344871
15.862000,8.834714,9.577536,-0.742822,-0.344600
15.863000,8.840595,9.583211,-0.742617,-0.344329
15.864000,8.846461,9.588872,-0.742411,-0.344057
15.865000,8.852313,9.594517,-0.742203,-0.343784
15.866000,8.858151,9.600146,-0.741995,-0.343511
15.867000,8.863976,9.605761,-0.741785,-0.343238
15.868000,8.869786,9.611360,-0.741574,-0.342964
15.869000,8.875582,9.616944,-0.741362,-0.342689
15.870000,8.881364,9.622513,-0.741149,-0.342414
15.871000,8.887133,9.628067,-0.740934,-0.342138
15.872000,8.892887,9.633605,-0.740718,-0.341862
15.873000,8.898627,9.639128,-0.740501,-0.341585
15.874000,8.904353,9.644636,-0.740283,-0.341307
15.875000,8.910065,9.650129,-0.740063,-0.341029
15.876000,8.915763,9.655606,-0.739843,-0.340751
15.877000,8.921447,9.661068,-0.739621,-0.340472
15.878000,8.927117,9.666515,-0.739398,-0.340192
15.879000,8.932773,9.671946,-0.739174,-0.339912
15.880000,8.938414,9.677362,-0.738948,-0.339631
15.881000,8.944042,9.682763,-0.738721,-0.339349
15.882000,8.949655,9.688149,-0.738493,-0.339068
15.883000,8.955254,9.693519,-0.738264,-0.338785
15.884000,8.960839,9.698873,-0.738034,-0.338502
15.885000,8.966410,9.704213,-0.737802,-0.338219
15.886000,8.971967,9.709537,-0.737570,-0.337935
15.887000,8.977510,9.714845,-0.737336,-0.337650
15.888000,8.983038,9.720139,-0.737101,-0.337365
15.889000,8.988552,9.725417,-0.736864,-0.337079
15.890000,8.994053,9.730679,-0.736627,-0.336793
15.891000,8.999538,9.735926,-0.736388,-0.336506
15.892000,9.005010,9.741158,-0.736148,-0.336219
15.893000,9.010467,9.746374,-0.735907,-0.335931
15.894000,9.015911,9.751575,-0.735664,-0.335642
15.895000,9.021340,9.756760,-0.735421,-0.335353
15.896000,9.026754,9.761930,-0.735176,-0.335064
15.897000,9.032155,9.767085,-0.734930,-0.334774
15.898000,9.037541,9.772224,-0.734683,-0.334483
15.899000,9.042913,9.777347,-0.734434,-0.334192
15.900000,9.048271,9.782455,-0.734185,-0.333900
15.901000,9.053614,9.787548,-0.733934,-0.333608
15.902000,9.058943,9.792625,-0.733682,-0.333316
15.903000,9.064258,9.797686,-0.733429,-0.333022
15.904000,9.069558,9.802732,-0.733174,-0.332728
15.905000,9.074844,9.807763,-0.732919,-0.332434
15.906000,9.080116,9.812778,-0.732662,-0.332139
15.907000,9.085373,9.817777,-0.732404,-0.331844
15.908000,9.090617,9.822761,-0.732145,-0.331548
15.909000,9.095845,9.827729,-0.731884,-0.331251
15.910000,9.101060,9.832682,-0.731623,-0.330954
15.911000,9.106260,9.837619,-0.731360,-0.330657
15.912000,9.111445,9.842541,-0.731096,-0.330359
15.913000,9.116617,9.847447,-0.730831,-0.330060
15.914000,9.121773,9.852338,-0.730564,-0.329761
15.915000,9.126916,9.857213,-0.730297,-0.329461
15.916000,9.132044,9.862072,-0.730028,-0.329161
15.917000,9.137158,9.866915,-0.729758,-0.328860
15.918000,9.142257,9.871743,-0.729487,-0.328559
15.919000,9.147341,9.876556,-0.729214,-0.328257
15.920000,9.152412,9.881353,-0.728941,-0.327955
15.921000,9.157468,9.886134,-0.728666,-0.327652
15.922000,9.162509,9.890899,-0.728390,-0.327349
15.923000,9.167536,9.895649,-0.728113,-0.327045
15.924000,9.172548,9.900383,-0.727835,-0.326740
15.925000,9.177546,9.905102,-0.727555,-0.326435
15.926000,9.182530,9.909804,-0.727275,-0.326130
15.927000,9.187499,9.914491,-0.726993,-0.325824
15.928000,9.192453,9.919163,-0.726710,-0.325518
15.929000,9.197393,9.923818,-0.726425,-0.325211
15.930000,9.202318,9.928458,-0.726140,-0.324903
15.931000,9.207229,9.933083,-0.725853,-0.324595
15.932000,9.212126,9.937691,-0.725566,-0.324286
15.933000,9.217007,9.942284,-0.725277,-0.323977
15.934000,9.221875,9.946861,-0.724986,-0.323668
15.935000,9.226727,9.951422,-0.724695,-0.323357
15.936000,9.231566,9.955968,-0.724402,-0.323047
15.937000,9.236389,9.960498,-0.724109,-0.322736
15.938000,9.241198,9.965012,-0.723814,-0.322424
15.939000,9.245992,9.969510,-0.723518,-0.322112
15.940000,9.250772,9.973992,-0.723220,-0.321799
15.941000,9.255537,9.978459,-0.722922,-0.321486
15.942000,9.260288,9.982910,-0.722622,-0.321172
15.943000,9.265024,9.987345,-0.722321,-0.320858
15.944000,9.269745,9.991764,-0.722019,-0.320543
15.945000,9.274452,9.996168,-0.721716,-0.320228
15.946000,9.279144,10.000555,-0.721412,-0.319912
15.947000,9.283821,10.004927,-0.721106,-0.319596
15.948000,9.288484,10.009283,-0.720800,-0.319279
15.949000,9.293132,10.013623,-0.720492,-0.318962
15.950000,9.297765,10.017948,-0.720183,-0.318644
15.951000,9.302384,10.022256,-0.719872,-0.318326
15.952000,9.306987,10.026549,-0.719561,-0.318007
15.953000,9.311577,10.030825,-0.719248,-0.317687
15.954000,9.316151,10.035086,-0.718935,-0.317368
15.955000,9.320711,10.039331,-0.718620,-0.317047
15.956000,9.325256,10.043560,-0.718304,-0.316726
15.957000,9.329787,10.047773,-0.717986,-0.316405
15.958000,9.334302,10.051970,-0.717668,-0.316083
15.959000,9.338803,10.056151,-0.717348,-0.315761
15.960000,9.343289,10.060317,-0.717027,-0.315438
15.961000,9.347761,10.064466,-0.716705,-0.315115
15.962000,9.352218,10.068600,-0.716382,-0.314791
15.963000,9.356659,10.072717,-0.716058,-0.314466
15.964000,9.361087,10.076819,-0.715733,-0.314142
15.965000,9.365499,10.080905,-0.715406,-0.313816
15.966000,9.369896,10.084974,-0.715078,-0.313490
15.967000,9.374279,10.089028,-0.714749,-0.313164
15.968000,9.378647,10.093066,-0.714419,-0.312837
15.969000,9.383000,10.097088,-0.714088,-0.312510
15.970000,9.387339,10.101094,-0.713755,-0.312182
15.971000,9.391662,10.105084,-0.713422,-0.311854
15.972000,9.395971,10.109057,-0.713087,-0.311525
15.973000,9.400265,10.113015,-0.712751,-0.311196
15.974000,9.404544,10.116957,-0.712414,-0.310866
15.975000,9.408808,10.120883,-0.712075,-0.310536
15.976000,9.413057,10.124793,-0.711736,-0.310205
15.977000,9.417291,10.128687,-0.711395,-0.309873
15.978000,9.421511,10.132564,-0.711053,-0.309542
15.979000,9.425716,10.136426,-0.710711,-0.309209
15.980000,9.429905,10.140272,-0.710366,-0.308877
15.981000,9.434080,10.144101,-0.710021,-0.308544
15.982000,9.438240,10.147915,-0.709675,-0.308210
15.983000,9.442385,10.151713,-0.709327,-0.307876
15.984000,9.446515,10.155494,-0.708978,-0.307541
15.985000,9.450631,10.159259,-0.708629,-0.307206
15.986000,9.454731,10.163009,-0.708278,-0.306870
15.987000,9.458816,10.166742,-0.707925,-0.306534
15.988000,9.462887,10.170459,-0.707572,-0.306197
15.989000,9.466942,10.174160,-0.707218,-0.305860
15.990000,9.470983,10.177845,-0.706862,-0.305523
15.991000,9.475009,10.181514,-0.706505,-0.305185
15.992000,9.479019,10.185167,-0.706147,-0.304846
15.993000,9.483015,10.188803,-0.705788,-0.304507
15.994000,9.486996,10.192424,-0.705428,-0.304168
15.995000,9.490961,10.196028,-0.705066,-0.303828
15.996000,9.494912,10.199616,-0.704704,-0.303487
15.997000,9.498848,10.203188,-0.704340,-0.303146
15.998000,9.502769,10.206744,-0.703975,-0.302805
15.999000,9.506674,10.210284,-0.703609,-0.302463
16.000000,9.510565,10.213807,-0.703242,-0.302121
16.001000,9.514441,10.217315,-0.702874,-0.301778
16.002000,9.518302,10.220806,-0.702505,-0.301435
16.003000,9.522147,10.224281,-0.702134,-0.301091
16.004000,9.525978,10.227740,-0.701762,-0.300747
16.005000,9.529793,10.231183,-0.701389,-0.300402
16.006000,9.533594,10.234609,-0.701015,-0.300057
16.007000,9.537379,10.238020,-0.700640,-0.299711
16.008000,9.541150,10.241414,-0.700264,-0.299365
16.009000,9.544905,10.244792,-0.699887,-0.299018
16.010000,9.548645,10.248154,-0.699508,-0.298671
16.011000,9.552371,10.251499,-0.699128,-0.298324
16.012000,9.556081,10.254828,-0.698748,-0.297976
16.013000,9.559776,10.258141,-0.698366,-0.297627
16.014000,9.563456,10.261438,-0.697983,-0.297278
16.015000,9.567121,10.264719,-0.697598,-0.296929
16.016000,9.570770,10.267983,-0.697213,-0.296579
16.017000,9.574405,10.271231,-0.696826,-0.296229
16.018000,9.578024,10.274463,-0.696439,-0.295878
16.019000,9.581629,10.277679,-0.696050,-0.295527
16.020000,9.585218,10.280878,-0.695660,-0.295175
16.021000,9.588792,10.284061,-0.695269,-0.294823
16.022000,9.592351,10.287228,-0.694877,-0.294470
16.023000,9.595895,10.290378,-0.694484,-0.294117
16.024000,9.599423,10.293513,-0.694089,-0.293764
16.025000,9.602937,10.296631,-0.693694,-0.293410
16.026000,9.606435,10.299732,-0.693297,-0.293055
16.027000,9.609918,10.302818,-0.692899,-0.292701
16.028000,9.613386,10.305887,-0.692500,-0.292345
16.029000,9.616839,10.308939,-0.692100,-0.291989
16.030000,9.620277,10.311976,-0.691699,-0.291633
16.031000,9.623699,10.314996,-0.691297,-0.291276
16.032000,9.627106,10.318000,-0.690893,-0.290919
16.033000,9.630498,10.320987,-0.690489,-0.290562
16.034000,9.633875,10.323958,-0.690083,-0.290204
16.035000,9.637237,10.326913,-0.689676,-0.289845
16.036000,9.640583,10.329852,-0.689269,-0.289486
16.037000,9.643914,10.332774,-0.688860,-0.289127
16.038000,9.647230,10.335680,-0.688449,-0.288767
16.039000,9.650531,10.338569,-0.688038,-0.288407
16.040000,9.653816,10.341442,-0.687626,-0.288046
16.041000,9.657087,10.344299,-0.687212,-0.287685
16.042000,9.660342,10.347139,-0.686798,-0.287323
16.043000,9.663581,10.349963,-0.686382,-0.286961
16.044000,9.666806,10.352771,-0.685965,-0.286598
16.045000,9.670015,10.355562,-0.685547,-0.286235
16.046000,9.673209,10.358337,-0.685128,-0.285872
16.047000,9.676387,10.361095,-0.684708,-0.285508
16.048000,9.679551,10.363838,-0.684287,-0.285144
16.049000,9.682699,10.366563,-0.683864,-0.284779
16.050000,9.685832,10.369272,-0.683441,-0.284414
16.051000,9.688949,10.371965,-0.683016,-0.284048
16.052000,9.692051,10.374642,-0.682591,-0.283682
16.053000,9.695138,10.377302,-0.682164,-0.283316
16.054000,9.698210,10.379946,-0.681736,-0.282949
16.055000,9.701266,10.382573,-0.681307,-0.282581
16.056000,9.704307,10.385184,-0.680877,-0.282213
16.057000,9.707333,10.387778,-0.680445,-0.281845
16.058000,9.710343,10.390356,-0.680013,-0.281477
16.059000,9.713338,10.392917,-0.679580,-0.281107
16.060000,9.716317,10.395462,-0.679145,-0.280738
16.061000,9.719282,10.397991,-0.678709,-0.280368
16.062000,9.722231,10.400503,-0.678273,-0.279997
16.063000,9.725164,10.402999,-0.677835,-0.279627
16.064000,9.728082,10.405478,-0.677396,-0.279255
16.065000,9.730985,10.407941,-0.676956,-0.278884
16.066000,9.733873,10.410387,-0.676515,-0.278512
16.067000,9.736745,10.412817,-0.676073,-0.278139
16.068000,9.739601,10.415231,-0.675629,-0.277766
16.069000,9.742443,10.417628,-0.675185,-0.277393
16.070000,9.745269,10.420008,-0.674739,-0.277019
16.071000,9.748079,10.422372,-0.674293,-0.276644
16.072000,9.750874,10.424720,-0.673845,-0.276270
16.073000,9.753654,10.427051,-0.673396,-0.275895
16.074000,9.756419,10.429365,-0.672946,-0.275519
16.075000,9.759168,10.431663,-0.672495,-0.275143
16.076000,9.761901,10.433945,-0.672043,-0.274767
16.077000,9.764619,10.436210,-0.671590,-0.274390
16.078000,9.767322,10.438458,-0.671136,-0.274013
16.079000,9.770009,10.440690,-0.670681,-0.273635
16.080000,9.772681,10.442906,-0.670224,-0.273257
16.081000,9.775338,10.445105,-0.669767,-0.272879
16.082000,9.777979,10.447287,-0.669308,-0.272500
16.083000,9.780604,10.449453,-0.668849,-0.272120
16.084000,9.783214,10.451602,-0.668388,-0.271741
16.085000,9.785809,10.453735,-0.667926,-0.271361
16.086000,9.788388,10.455852,-0.667463,-0.270980
16.087000,9.790952,10.457951,-0.666999,-0.270599
16.088000,9.793500,10.460035,-0.666534,-0.270218
16.089000,9.796033,10.462101,-0.666068,-0.269836
16.090000,9.798551,10.464152,-0.665601,-0.269454
16.091000,9.801052,10.466185,-0.665133,-0.269071
16.092000,9.803539,10.468202,-0.664663,-0.268688
16.093000,9.806010,10.470203,-0.664193,-0.268305
16.094000,9.808465,10.472187,-0.663722,-0.267921
16.095000,9.810905,10.474154,-0.663249,-0.267537
16.096000,9.813330,10.476105,-0.662775,-0.267152
16.097000,9.815739,10.478039,-0.662301,-0.266767
16.098000,9.818132,10.479957,-0.661825,-0.266381
16.099000,9.820510,10.481858,-0.661348,-0.265995
16.100000,9.822873,10.483743,-0.660870,-0.265609
16.101000,9.825219,10.485611,-0.660391,-0.265222
16.102000,9.827551,10.487462,-0.659911,-0.264835
16.103000,9.829867,10.489297,-0.659430,-0.264448
16.104000,9.832167,10.491115,-0.658948,-0.264060
16.105000,9.834452,10.492917,-0.658465,-0.263672
16.106000,9.836721,10.494702,-0.657980,-0.263283
16.107000,9.838975,10.496470,-0.657495,-0.262894
16.108000,9.841213,10.498222,-0.657009,-0.262504
16.109000,9.843436,10.499957,-0.656521,-0.262115
16.110000,9.845643,10.501676,-0.656033,-0.261724
16.111000,9.847835,10.503378,-0.655543,-0.261334
16.112000,9.850011,10.505064,-0.655053,-0.260943
16.113000,9.852172,10.506732,-0.654561,-0.260551
16.114000,9.854317,10.508385,-0.654068,-0.260159
16.115000,9.856446,10.510020,-0.653574,-0.259767
16.116000,9.858560,10.511639,-0.653079,-0.259374
16.117000,9.860658,10.513242,-0.652584,-0.258981
16.118000,9.862741,10.514827,-0.652087,-0.258588
16.119000,9.864808,10.516397,-0.651589,-0.258194
16.120000,9.866859,10.517949,-0.651090,-0.257800
16.121000,9.868895,10.519485,-0.650589,-0.257405
16.122000,9.870916,10.521004,-0.650088,-0.257010
16.123000,9.872921,10.522507,-0.649586,-0.256615
16.124000,9.874910,10.523993,-0.649083,-0.256219
16.125000,9.876883,10.525462,-0.648579,-0.255823
16.126000,9.878841,10.526915,-0.648073,-0.255426
16.127000,9.880784,10.528351,-0.647567,-0.255029
16.128000,9.882711,10.529770,-0.647060,-0.254632
16.129000,9.884622,10.531173,-0.646551,-0.254234
16.130000,9.886517,10.532559,-0.646042,-0.253836
16.131000,9.888397,10.533929,-0.645531,-0.253438
16.132000,9.890262,10.535281,-0.645020,-0.253039
16.133000,9.892111,10.536617,-0.644507,-0.252640
16.134000,9.893944,10.537937,-0.643993,-0.252240
16.135000,9.895761,10.539240,-0.643479,-0.251840
16.136000,9.897563,10.540526,-0.642963,-0.251440
16.137000,9.899349,10.541795,-0.642446,-0.251039
16.138000,9.901120,10.543048,-0.641928,-0.250638
16.139000,9.902875,10.544285,-0.641410,-0.250237
16.140000,9.904614,10.545504,-0.640890,-0.249835
16.141000,9.906338,10.546707,-0.640369,-0.249432
16.142000,9.908046,10.547893,-0.639847,-0.249030
16.143000,9.909738,10.549063,-0.639324,-0.248627
16.144000,9.911415,10.550215,-0.638800,-0.248224
16.145000,9.913076,10.551352,-0.638275,-0.247820
16.146000,9.914722,10.552471,-0.637749,-0.247416
16.147000,9.916352,10.553574,-0.637222,-0.247011
16.148000,9.917966,10.554660,-0.636694,-0.246606
16.149000,9.919564,10.555729,-0.636165,-0.246201
16.150000,9.921147,10.556782,-0.635635,-0.245796
16.151000,9.922714,10.557818,-0.635104,-0.245390
16.152000,9.924266,10.558837,-0.634572,-0.244983
16.153000,9.925801,10.559840,-0.634039,-0.244577
16.154000,9.927322,10.560826,-0.633505,-0.244170
16.155000,9.928826,10.561795,-0.632969,-0.243762
16.156000,9.930315,10.562748,-0.632433,-0.243355
16.157000,9.931788,10.563684,-0.631896,-0.242946
16.158000,9.933245,10.564603,-0.631358,-0.242538
16.159000,9.934687,10.565506,-0.630819,-0.242129
16.160000,9.936113,10.566391,-0.630278,-0.241720
16.161000,9.937523,10.567261,-0.629737,-0.241310
16.162000,9.938918,10.568113,-0.629195,-0.240900
16.163000,9.940297,10.568949,-0.628652,-0.240490
16.164000,9.941660,10.569768,-0.628107,-0.240079
16.165000,9.943008,10.570570,-0.627562,-0.239668
16.166000,9.944340,10.571356,-0.627016,-0.239257
16.167000,9.945656,10.572124,-0.626468,-0.238845
16.168000,9.946956,10.572877,-0.625920,-0.238433
16.169000,9.948241,10.573612,-0.625371,-0.238021
16.170000,9.949510,10.574331,-0.624821,-0.237608
16.171000,9.950763,10.575033,-0.624269,-0.237195
16.172000,9.952001,10.575718,-0.623717,-0.236781
16.173000,9.953223,10.576387,-0.623164,-0.236368
16.174000,9.954429,10.577039,-0.622610,-0.235953
16.175000,9.955620,10.577674,-0.622054,-0.235539
16.176000,9.956794,10.578292,-0.621498,-0.235124
16.177000,9.957953,10.578894,-0.620941,-0.234709
16.178000,9.959097,10.579479,-0.620382,-0.234293
16.179000,9.960224,10.580047,-0.619823,-0.233877
16.180000,9.961336,10.580599,-0.619263,-0.233461
16.181000,9.962432,10.581134,-0.618702,-0.233044
16.182000,9.963513,10.581652,-0.618140,-0.232627
16.183000,9.964577,10.582154,-0.617576,-0.232210
16.184000,9.965626,10.582638,-0.617012,-0.231792
16.185000,9.966659,10.583106,-0.616447,-0.231374
16.186000,9.967677,10.583558,-0.615881,-0.230956
16.187000,9.968678,10.583992,-0.615314,-0.230537
16.188000,9.969664,10.584410,-0.614746,-0.230118
16.189000,9.970635,10.584811,-0.614176,-0.229699
16.190000,9.971589,10.585195,-0.613606,-0.229279
16.191000,9.972528,10.585563,-0.613035,-0.228859
16.192000,9.973451,10.585914,-0.612463,-0.228439
16.193000,9.974358,10.586248,-0.611890,-0.228018
16.194000,9.975249,10.586566,-0.611316,-0.227597
16.195000,9.976125,10.586866,-0.610741,-0.227176
16.196000,9.976985,10.587150,-0.610165,-0.226754
16.197000,9.977829,10.587418,-0.609588,-0.226332
16.198000,9.978658,10.587668,-0.609011,-0.225910
16.199000,9.979470,10.587902,-0.608432,-0.225487
16.200000,9.980267,10.588119,-0.607852,-0.225064
16.201000,9.981048,10.588320,-0.607271,-0.224640
16.202000,9.981814,10.588503,-0.606689,-0.224217
16.203000,9.982564,10.588670,-0.606107,-0.223793
16.204000,9.983297,10.588820,-0.605523,-0.223368
16.205000,9.984016,10.588954,-0.604938,-0.222944
16.206000,9.984718,10.589071,-0.604353,-0.222519
16.207000,9.985404,10.589171,-0.603766,-0.222093
16.208000,9.986075,10.589254,-0.603179,-0.221668
16.209000,9.986730,10.589320,-0.602590,-0.221242
16.210000,9.987370,10.589370,-0.602001,-0.220813
16.211000,9.987993,10.589403,-0.601410,-0.220375
16.212000,9.988601,10.589419,-0.600818,-0.219895
16.213000,9.989193,10.589418,-0.600225,-0.219311
16.214000,9.989769,10.589398,-0.599629,-0.218643
16.215000,9.990329,10.589361,-0.599032,-0.218002
16.216000,9.990874,10.589306,-0.598432,-0.217397
16.217000,9.991403,10.589234,-0.597831,-0.216825
16.218000,9.991916,10.589145,-0.597229,-0.216287
16.219000,9.992413,10.589038,-0.596625,-0.215766
16.220000,9.992895,10.588914,-0.596020,-0.215275
16.221000,9.993360,10.588774,-0.595413,-0.214803
16.222000,9.993810,10.588616,-0.594806,-0.214335
16.223000,9.994245,10.588442,-0.594197,-0.213867
16.224000,9.994663,10.588250,-0.593587,-0.213399
16.225000,9.995066,10.588042,-0.592977,-0.212930
16.226000,9.995452,10.587817,-0.592365,-0.212462
16.227000,9.995823,10.587575,-0.591752,-0.211992
16.228000,9.996179,10.587316,-0.591138,-0.211523
16.229000,9.996518,10.587041,-0.590522,-0.211053
16.230000,9.996842,10.586748,-0.589906,-0.210584
16.231000,9.997150,10.586438,-0.589289,-0.210113
16.232000,9.997442,10.586112,-0.588670,-0.209643
16.233000,9.997718,10.585769,-0.588050,-0.209172
16.234000,9.997979,10.585408,-0.587430,-0.208701
16.235000,9.998224,10.585031,-0.586808,-0.208230
16.236000,9.998452,10.584637,-0.586185,-0.207758
16.237000,9.998666,10.584226,-0.585561,-0.207286
16.238000,9.998863,10.583799,-0.584936,-0.206814
16.239000,9.999045,10.583354,-0.584310,-0.206342
16.240000,9.999210,10.582893,-0.583682,-0.205869
16.241000,9.999360,10.582414,-0.583054,-0.205396
16.242000,9.999495,10.581919,-0.582424,-0.204923
16.243000,9.999613,10.581407,-0.581794,-0.204449
16.244000,9.999716,10.580878,-0.581162,-0.203976
16.245000,9.999803,10.580332,-0.580530,-0.203502
16.246000,9.999874,10.579769,-0.579896,-0.203027
16.247000,9.999929,10.579190,-0.579261,-0.202553
16.248000,9.999968,10.578593,-0.578625,-0.202078
16.249000,9.999992,10.577980,-0.577988,-0.201603
16.250000,10.000000,10.577350,-0.577350,-0.201128
16.251000,9.999992,10.576703,-0.576711,-0.200652
16.252000,9.999968,10.576039,-0.576071,-0.200176
16.253000,9.999929,10.575358,-0.575429,-0.199700
16.254000,9.999874,10.574661,-0.574787,-0.199224
16.255000,9.999803,10.573946,-0.574144,-0.198748
16.256000,9.999716,10.573215,-0.573499,-0.198271
16.257000,9.999613,10.572467,-0.572854,-0.197794
16.258000,9.999495,10.571702,-0.572207,-0.197316
16.259000,9.999360,10.570920,-0.571560,-0.196839
16.260000,9.999210,10.570121,-0.570911,-0.196361
16.261000,9.999045,10.569306,-0.570261,-0.195883
16.262000,9.998863,10.568473,-0.569610,-0.195405
16.263000,9.998666,10.567624,-0.568959,-0.194926
16.264000,9.998452,10.566758,-0.568306,-0.194447
16.265000,9.998224,10.565875,-0.567652,-0.193968
16.266000,9.997979,10.564976,-0.566997,-0.193489
16.267000,9.997718,10.564059,-0.566341,-0.193010
16.268000,9.997442,10.563126,-0.565684,-0.192530
16.269000,9.997150,10.562176,-0.565026,-0.192050
16.270000,9.996842,10.561209,-0.564367,-0.191570
16.271000,9.996518,10.560225,-0.563707,-0.191090
16.272000,9.996179,10.559224,-0.563045,-0.190609
16.273000,9.995823,10.558207,-0.562383,-0.190128
16.274000,9.995452,10.557172,-0.561720,-0.189647
16.275000,9.995066,10.556121,-0.561056,-0.189166
16.276000,9.994663,10.555053,-0.560390,-0.188684
16.277000,9.994245,10.553969,-0.559724,-0.188203
16.278000,9.993810,10.552867,-0.559057,-0.187721
16.279000,9.993360,10.551749,-0.558389,-0.187239
16.280000,9.992895,10.550614,-0.557719,-0.186756
16.281000,9.992413,10.549462,-0.557049,-0.186274
16.282000,9.991916,10.548293,-0.556377,-0.185791
16.283000,9.991403,10.547108,-0.555705,-0.185308
16.284000,9.990874,10.545906,-0.555032,-0.184824
16.285000,9.990329,10.544687,-0.554357,-0.184341
16.286000,9.989769,10.543451,-0.553682,-0.183857
16.287000,9.989193,10.542198,-0.553005,-0.183374
16.288000,9.988601,10.540929,-0.552328,-0.182889
16.289000,9.987993,10.539643,-0.551649,-0.182405
16.290000,9.987370,10.538340,-0.550970,-0.181921
16.291000,9.986730,10.537020,-0.550290,-0.181436
16.292000,9.986075,10.535683,-0.549608,-0.180951
16.293000,9.985404,10.534330,-0.548926,-0.180466
16.294000,9.984718,10.532960,-0.548242,-0.179981
16.295000,9.984016,10.531574,-0.547558,-0.179495
16.296000,9.983297,10.530170,-0.546873,-0.179010
16.297000,9.982564,10.528750,-0.546186,-0.178524
16.298000,9.981814,10.527313,-0.545499,-0.178038
16.299000,9.981048,10.525859,-0.544811,-0.177551
16.300000,9.980267,10.524389,-0.544121,-0.177065
16.301000,9.979470,10.522901,-0.543431,-0.176578
16.302000,9.978658,10.521397,-0.542740,-0.176091
16.303000,9.977829,10.519877,-0.542047,-0.175604
16.304000,9.976985,10.518339,-0.541354,-0.175117
16.305000,9.976125,10.516785,-0.540660,-0.174630
16.306000,9.975249,10.515214,-0.539965,-0.174142
16.307000,9.974358,10.513627,-0.539269,-0.173654
16.308000,9.973451,10.512022,-0.538572,-0.173166
16.309000,9.972528,10.510401,-0.537873,-0.172678
16.310000,9.971589,10.508763,-0.537174,-0.172190
16.311000,9.970635,10.507109,-0.536474,-0.171701
16.312000,9.969664,10.505438,-0.535774,-0.171213
16.313000,9.968678,10.503750,-0.535072,-0.170724
16.314000,9.967677,10.502045,-0.534369,-0.170235
16.315000,9.966659,10.500324,-0.533665,-0.169745
16.316000,9.965626,10.498586,-0.532960,-0.169256
16.317000,9.964577,10.496832,-0.532254,-0.168767
16.318000,9.963513,10.495060,-0.531548,-0.168277
16.319000,9.962432,10.493272,-0.530840,-0.167787
16.320000,9.961336,10.491468,-0.530132,-0.167297
16.321000,9.960224,10.489646,-0.529422,-0.166807
16.322000,9.959097,10.487808,-0.528712,-0.166316
16.323000,9.957953,10.485954,-0.528000,-0.165826
16.324000,9.956794,10.484082,-0.527288,-0.165335
16.325000,9.955620,10.482194,-0.526575,-0.164844
16.326000,9.954429,10.480290,-0.525861,-0.164353
16.327000,9.953223,10.478368,-0.525145,-0.163862
16.328000,9.952001,10.476431,-0.524429,-0.163370
16.329000,9.950763,10.474476,-0.523712,-0.162879
16.330000,9.949510,10.472505,-0.522995,-0.162387
16.331000,9.948241,10.470517,-0.522276,-0.161895
16.332000,9.946956,10.468512,-0.521556,-0.161403
16.333000,9.945656,10.466491,-0.520835,-0.160911
16.334000,9.944340,10.464454,-0.520114,-0.160419
16.335000,9.943008,10.462399,-0.519391,-0.159927
16.336000,9.941660,10.460328,-0.518668,-0.159434
16.337000,9.940297,10.458241,-0.517944,-0.158941
16.338000,9.938918,10.456136,-0.517218,-0.158448
16.339000,9.937523,10.454016,-0.516492,-0.157955
16.340000,9.936113,10.451878,-0.515765,-0.157462
16.341000,9.934687,10.449724,-0.515037,-0.156969
16.342000,9.933245,10.447554,-0.514308,-0.156475
16.343000,9.931788,10.445367,-0.513579,-0.155982
16.344000,9.930315,10.443163,-0.512848,-0.155488
16.345000,9.928826,10.440943,-0.512116,-0.154994
16.346000,9.927322,10.438706,-0.511384,-0.154500
16.347000,9.925801,10.436452,-0.510651,-0.154006
16.348000,9.924266,10.434182,-0.509917,-0.153512
16.349000,9.922714,10.431896,-0.509181,-0.153017
16.350000,9.921147,10.429592,-0.508445,-0.152523
16.351000,9.919564,10.427273,-0.507709,-0.152028
16.352000,9.917966,10.424936,-0.506971,-0.151533
16.353000,9.916352,10.422584,-0.506232,-0.151038
16.354000,9.914722,10.420214,-0.505493,-0.150543
16.355000,9.913076,10.417828,-0.504752,-0.150048
16.356000,9.911415,10.415426,-0.504011,-0.149553
16.357000,9.909738,10.413007,-0.503269,-0.149057
16.358000,9.908046,10.410572,-0.502526,-0.148562
16.359000,9.906338,10.408120,-0.501782,-0.148066
16.360000,9.904614,10.405651,-0.501037,-0.147570
16.361000,9.902875,10.403166,-0.500291,-0.147074
16.362000,9.901120,10.400665,-0.499545,-0.146578
16.363000,9.899349,10.398147,-0.498798,-0.146082
16.364000,9.897563,10.395612,-0.498049,-0.145586
16.365000,9.895761,10.393062,-0.497300,-0.145089
16.366000,9.893944,10.390494,-0.496550,-0.144593
16.367000,9.892111,10.387910,-0.495800,-0.144096
16.368000,9.890262,10.385310,-0.495048,-0.143599
16.369000,9.888397,10.382693,-0.494296,-0.143102
16.370000,9.886517,10.380060,-0.493542,-0.142605
16.371000,9.884622,10.377410,-0.492788,-0.142108
16.372000,9.882711,10.374744,-0.492033,-0.141611
16.373000,9.880784,10.372061,-0.491277,-0.141114
16.374000,9.878841,10.369362,-0.490520,-0.140616
16.375000,9.876883,10.366646,-0.489763,-0.140119
16.376000,9.874910,10.363914,-0.489005,-0.139621
16.377000,9.872921,10.361166,-0.488245,-0.139123
16.378000,9.870916,10.358401,-0.487485,-0.138626
16.379000,9.868895,10.355620,-0.486724,-0.138128
16.380000,9.866859,10.352822,-0.485963,-0.137630
16.381000,9.864808,10.350008,-0.485200,-0.137132
16.382000,9.862741,10.347178,-0.484437,-0.136633
16.383000,9.860658,10.344331,-0.483673,-0.136135
16.384000,9.858560,10.341467,-0.482908,-0.135637
16.385000,9.856446,10.338588,-0.482142,-0.135138
16.386000,9.854317,10.335692,-0.481375,-0.134640
16.387000,9.852172,10.332779,-0.480608,-0.134141
16.388000,9.850011,10.329850,-0.479839,-0.133642
16.389000,9.847835,10.326905,-0.479070,-0.133143
16.390000,9.845643,10.323944,-0.478300,-0.132644
16.391000,9.843436,10.320966,-0.477530,-0.132145
16.392000,9.841213,10.317972,-0.476758,-0.131646
16.393000,9.838975,10.314961,-0.475986,-0.131147
16.394000,9.836721,10.311934,-0.475213,-0.130647
16.395000,9.834452,10.308891,-0.474439,-0.130148
16.396000,9.832167,10.305831,-0.473664,-0.129649
16.397000,9.829867,10.302756,-0.472889,-0.129149
16.398000,9.827551,10.299663,-0.472112,-0.128649
16.399000,9.825219,10.296555,-0.471335,-0.128150
16.400000,9.822873,10.293430,-0.470558,-0.127650
16.401000,9.820510,10.290289,-0.469779,-0.127150
16.402000,9.818132,10.287131,-0.468999,-0.126650
16.403000,9.815739,10.283958,-0.468219,-0.126150
16.404000,9.813330,10.280768,-0.467438,-0.125650
16.405000,9.810905,10.277562,-0.466656,-0.125150
16.406000,9.808465,10.274339,-0.465874,-0.124649
16.407000,9.806010,10.271100,-0.465090,-0.124149
16.408000,9.803539,10.267845,-0.464306,-0.123649
16.409000,9.801052,10.264574,-0.463521,-0.123148
16.410000,9.798551,10.261286,-0.462736,-0.122648
16.411000,9.796033,10.257983,-0.461949,-0.122147
16.412000,9.793500,10.254663,-0.461162,-0.121647
16.413000,9.790952,10.251326,-0.460374,-0.121146
16.414000,9.788388,10.247974,-0.459586,-0.120645
16.415000,9.785809,10.244605,-0.458796,-0.120144
16.416000,9.783214,10.241220,-0.458006,-0.119643
16.417000,9.780604,10.237819,-0.457215,-0.119142
16.418000,9.777979,10.234402,-0.456423,-0.118641
16.419000,9.775338,10.230968,-0.455631,-0.118140
16.420000,9.772681,10.227519,-0.454837,-0.117639
16.421000,9.770009,10.224053,-0.454043,-0.117138
16.422000,9.767322,10.220571,-0.453249,-0.116636
16.423000,9.764619,10.217072,-0.452453,-0.116135
16.424000,9.761901,10.213558,-0.451657,-0.115634
16.425000,9.759168,10.210027,-0.450860,-0.115132
16.426000,9.756419,10.206481,-0.450062,-0.114631
16.427000,9.753654,10.202918,-0.449264,-0.114129
16.428000,9.750874,10.199339,-0.448465,-0.113628
16.429000,9.748079,10.195744,-0.447665,-0.113126
16.430000,9.745269,10.192133,-0.446864,-0.112624
16.431000,9.742443,10.188505,-0.446063,-0.112123
16.432000,9.739601,10.184862,-0.445261,-0.111621
16.433000,9.736745,10.181202,-0.444458,-0.111119
16.434000,9.733873,10.177527,-0.443654,-0.110617
16.435000,9.730985,10.173835,-0.442850,-0.110115
16.436000,9.728082,10.170127,-0.442045,-0.109613
16.437000,9.725164,10.166403,-0.441239,-0.109111
16.438000,9.722231,10.162663,-0.440433,-0.108609
16.439000,9.719282,10.158907,-0.439626,-0.108107
16.440000,9.716317,10.155135,-0.438818,-0.107605
16.441000,9.713338,10.151347,-0.438009,-0.107103
16.442000,9.710343,10.147543,-0.437200,-0.106601
16.443000,9.707333,10.143723,-0.436390,-0.106099
16.444000,9.704307,10.139886,-0.435579,-0.105596
16.445000,9.701266,10.136034,-0.434768,-0.105094
16.446000,9.698210,10.132166,-0.433956,-0.104592
16.447000,9.695138,10.128281,-0.433143,-0.104089
16.448000,9.692051,10.124381,-0.432330,-0.103587
16.449000,9.688949,10.120465,-0.431516,-0.103084
16.450000,9.685832,10.116532,-0.430701,-0.102582
16.451000,9.682699,10.112584,-0.429885,-0.102079
16.452000,9.679551,10.108620,-0.429069,-0.101577
16.453000,9.676387,10.104640,-0.428252,-0.101074
16.454000,9.673209,10.100643,-0.427435,-0.100572
16.455000,9.670015,10.096631,-0.426616,-0.100069
16.456000,9.666806,10.092603,-0.425798,-0.099567
16.457000,9.663581,10.088559,-0.424978,-0.099064
16.458000,9.660342,10.084499,-0.424158,-0.098561
16.459000,9.657087,10.080423,-0.423337,-0.098059
16.460000,9.653816,10.076331,-0.422515,-0.097556
16.461000,9.650531,10.072224,-0.421693,-0.097053
16.462000,9.647230,10.068100,-0.420870,-0.096551
16.463000,9.643914,10.063960,-0.420046,-0.096048
16.464000,9.640583,10.059805,-0.419222,-0.095545
16.465000,9.637237,10.055634,-0.418397,-0.095042
16.466000,9.633875,10.051447,-0.417571,-0.094539
16.467000,9.630498,10.047243,-0.416745,-0.094037
16.468000,9.627106,10.043024,-0.415918,-0.093534
16.469000,9.623699,10.038790,-0.415091,-0.093031
16.470000,9.620277,10.034539,-0.414262,-0.092528
16.471000,9.616839,10.030273,-0.413433,-0.092025
16.472000,9.613386,10.025990,-0.412604,-0.091522
16.473000,9.609918,10.021692,-0.411774,-0.091019
16.474000,9.606435,10.017378,-0.410943,-0.090516
16.475000,9.602937,10.013048,-0.410112,-0.090014
16.476000,9.599423,10.008703,-0.409279,-0.089511
16.477000,9.595895,10.004341,-0.408447,-0.089008
16.478000,9.592351,9.999964,-0.407613,-0.088505
16.479000,9.588792,9.995571,-0.406779,-0.088002
16.480000,9.585218,9.991163,-0.405945,-0.087499
16.481000,9.581629,9.986738,-0.405109,-0.086996
16.482000,9.578024,9.982298,-0.404274,-0.086493
16.483000,9.574405,9.977842,-0.403437,-0.085990
16.484000,9.570770,9.973370,-0.402600,-0.085487
16.485000,9.567121,9.968883,-0.401762,-0.084984
16.486000,9.563456,9.964380,-0.400924,-0.084481
16.487000,9.559776,9.959861,-0.400085,-0.083978
16.488000,9.556081,9.955326,-0.399245,-0.083476
16.489000,9.552371,9.950776,-0.398405,-0.082973
16.490000,9.548645,9.946210,-0.397564,-0.082470
16.491000,9.544905,9.941628,-0.396723,-0.081967
16.492000,9.541150,9.937031,-0.395881,-0.081464
16.493000,9.537379,9.932418,-0.395038,-0.080961
16.494000,9.533594,9.927789,-0.394195,-0.080458
16.495000,9.529793,9.923144,-0.393351,-0.079955
16.496000,9.525978,9.918484,-0.392507,-0.079452
16.497000,9.522147,9.913809,-0.391662,-0.078950
16.498000,9.518302,9.909117,-0.390816,-0.078447
16.499000,9.514441,9.904411,-0.389970,-0.077944
16.500000,9.510565,9.899688,-0.389123,-0.077441
16.501000,9.506674,9.894950,-0.388275,-0.076938
16.502000,9.502769,9.890196,-0.387427,-0.076435
16.503000,9.498848,9.885427,-0.386579,-0.075933
16.504000,9.494912,9.880642,-0.385730,-0.075430
16.505000,9.490961,9.875841,-0.384880,-0.074927
16.506000,9.486996,9.871025,-0.384030,-0.074425
16.507000,9.483015,9.866194,-0.383179,-0.073922
16.508000,9.479019,9.861346,-0.382327,-0.073419
16.509000,9.475009,9.856484,-0.381475,-0.072917
16.510000,9.470983,9.851605,-0.380622,-0.072414
16.511000,9.466942,9.846712,-0.379769,-0.071911
16.512000,9.462887,9.841802,-0.378915,-0.071409
16.513000,9.458816,9.836878,-0.378061,-0.070906
16.514000,9.454731,9.831937,-0.377206,-0.070404
16.515000,9.450631,9.826981,-0.376351,-0.069901
16.516000,9.446515,9.822010,-0.375495,-0.069399
16.517000,9.442385,9.817023,-0.374638,-0.068896
16.518000,9.438240,9.812021,-0.373781,-0.068394
16.519000,9.434080,9.807004,-0.372923,-0.067891
16.520000,9.429905,9.801970,-0.372065,-0.067389
16.521000,9.425716,9.796922,-0.371206,-0.066887
16.522000,9.421511,9.791858,-0.370347,-0.066384
16.523000,9.417291,9.786778,-0.369487,-0.065882
16.524000,9.413057,9.781684,-0.368627,-0.065380
16.525000,9.408808,9.776573,-0.367766,-0.064878
16.526000,9.404544,9.771448,-0.366904,-0.064375
16.527000,9.400265,9.766307,-0.366042,-0.063873
16.528000,9.395971,9.761150,-0.365179,-0.063371
16.529000,9.391662,9.755978,-0.364316,-0.062869
16.530000,9.387339,9.750791,-0.363453,-0.062367
16.531000,9.383000,9.745589,-0.362588,-0.061865
16.532000,9.378647,9.740371,-0.361724,-0.061363
16.533000,9.374279,9.735138,-0.360858,-0.060861
16.534000,9.369896,9.729889,-0.359993,-0.060359
16.535000,9.365499,9.724625,-0.359126,-0.059857
16.536000,9.361087,9.719346,-0.358260,-0.059356
16.537000,9.356659,9.714052,-0.357392,-0.058854
16.538000,9.352218,9.708742,-0.356524,-0.058352
16.539000,9.347761,9.703417,-0.355656,-0.057850
16.540000,9.343289,9.698077,-0.354787,-0.057349
16.541000,9.338803,9.692721,-0.353918,-0.056847
16.542000,9.334302,9.687350,-0.353048,-0.056346
16.543000,9.329787,9.681964,-0.352177,-0.055844
16.544000,9.325256,9.676563,-0.351306,-0.055343
16.545000,9.320711,9.671146,-0.350435,-0.054841
16.546000,9.316151,9.665714,-0.349563,-0.054340
16.547000,9.311577,9.660267,-0.348691,-0.053839
16.548000,9.306987,9.654805,-0.347818,-0.053337
16.549000,9.302384,9.649328,-0.346944,-0.052836
16.550000,9.297765,9.643835,-0.346070,-0.052335
16.551000,9.293132,9.638328,-0.345196,-0.051834
16.552000,9.288484,9.632805,-0.344321,-0.051333
16.553000,9.283821,9.627267,-0.343446,-0.050832
16.554000,9.279144,9.621713,-0.342570,-0.050331
16.555000,9.274452,9.616145,-0.341694,-0.049830
16.556000,9.269745,9.610562,-0.340817,-0.049329
16.557000,9.265024,9.604963,-0.339939,-0.048828
16.558000,9.260288,9.599349,-0.339062,-0.048328
16.559000,9.255537,9.593721,-0.338183,-0.047827
16.560000,9.250772,9.588077,-0.337305,-0.047326
16.561000,9.245992,9.582418,-0.336425,-0.046826
16.562000,9.241198,9.576744,-0.335546,-0.046325
16.563000,9.236389,9.571055,-0.334666,-0.045825
16.564000,9.231566,9.565350,-0.333785,-0.045325
16.565000,9.226727,9.559631,-0.332904,-0.044824
16.566000,9.221875,9.553897,-0.332022,-0.044324
16.567000,9.217007,9.548148,-0.331140,-0.043824
16.568000,9.212126,9.542383,-0.330258,-0.043324
16.569000,9.207229,9.536604,-0.329375,-0.042824
16.570000,9.202318,9.530810,-0.328491,-0.042324
16.571000,9.197393,9.525001,-0.327608,-0.041824
16.572000,9.192453,9.519176,-0.326723,-0.041324
16.573000,9.187499,9.513337,-0.325839,-0.040824
16.574000,9.182530,9.507483,-0.324953,-0.040325
16.575000,9.177546,9.501614,-0.324068,-0.039825
16.576000,9.172548,9.495730,-0.323182,-0.039325
16.577000,9.167536,9.489831,-0.322295,-0.038826
16.578000,9.162509,9.483917,-0.321408,-0.038326
16.579000,9.157468,9.477988,-0.320521,-0.037827
16.580000,9.152412,9.472045,-0.319633,-0.037328
16.581000,9.147341,9.466086,-0.318745,-0.036828
16.582000,9.142257,9.460113,-0.317856,-0.036329
16.583000,9.137158,9.454124,-0.316967,-0.035830
16.584000,9.132044,9.448121,-0.316077,-0.035331
16.585000,9.126916,9.442103,-0.315187,-0.034832
16.586000,9.121773,9.436070,-0.314297,-0.034333
16.587000,9.116617,9.430023,-0.313406,-0.033835
16.588000,9.111445,9.423960,-0.312515,-0.033336
16.589000,9.106260,9.417883,-0.311623,-0.032837
16.590000,9.101060,9.411791,-0.310731,-0.032339
16.591000,9.095845,9.405684,-0.309838,-0.031840
16.592000,9.090617,9.399562,-0.308945,-0.031342
16.593000,9.085373,9.393426,-0.308052,-0.030843
16.594000,9.080116,9.387274,-0.307158,-0.030345
16.595000,9.074844,9.381108,-0.306264,-0.029847
16.596000,9.069558,9.374928,-0.305370,-0.029349
16.597000,9.064258,9.368732,-0.304475,-0.028851
16.598000,9.058943,9.362522,-0.303579,-0.028353
16.599000,9.053614,9.356297,-0.302684,-0.027855
16.600000,9.048271,9.350058,-0.301787,-0.027358
16.601000,9.042913,9.343804,-0.300891,-0.026860
16.602000,9.037541,9.337535,-0.299994,-0.026362
16.603000,9.032155,9.331251,-0.299096,-0.025865
16.604000,9.026754,9.324953,-0.298199,-0.025367
16.605000,9.021340,9.318640,-0.297301,-0.024870
16.606000,9.015911,9.312313,-0.296402,-0.024373
16.607000,9.010467,9.305970,-0.295503,-0.023876
16.608000,9.005010,9.299614,-0.294604,-0.023379
16.609000,8.999538,9.293242,-0.293704,-0.022882
16.610000,8.994053,9.286857,-0.292804,-0.022385
16.611000,8.988552,9.280456,-0.291904,-0.021888
16.612000,8.983038,9.274041,-0.291003,-0.021391
16.613000,8.977510,9.267611,-0.290102,-0.020895
16.614000,8.971967,9.261167,-0.289200,-0.020398
16.615000,8.966410,9.254708,-0.288298,-0.019902
16.616000,8.960839,9.248235,-0.287396,-0.019405
16.617000,8.955254,9.241747,-0.286493,-0.018909
16.618000,8.949655,9.235245,-0.285590,-0.018413
16.619000,8.944042,9.228728,-0.284687,-0.017917
16.620000,8.938414,9.222197,-0.283783,-0.017421
16.621000,8.932773,9.215651,-0.282879,-0.016925
16.622000,8.927117,9.209091,-0.281974,-0.016429
16.623000,8.921447,9.202516,-0.281069,-0.015934
16.624000,8.915763,9.195927,-0.280164,-0.015438
16.625000,8.910065,9.189324,-0.279259,-0.014943
16.626000,8.904353,9.182706,-0.278353,-0.014447
16.627000,8.898627,9.176073,-0.277446,-0.013952
16.628000,8.892887,9.169427,-0.276540,-0.013457
16.629000,8.887133,9.162766,-0.275633,-0.012962
16.630000,8.881364,9.156090,-0.274725,-0.012467
16.631000,8.875582,9.149400,-0.273818,-0.011972
16.632000,8.869786,9.142696,-0.272910,-0.011477
16.633000,8.863976,9.135977,-0.272002,-0.010982
16.634000,8.858151,9.129244,-0.271093,-0.010488
16.635000,8.852313,9.122497,-0.270184,-0.009993
16.636000,8.846461,9.115735,-0.269275,-0.009499
16.637000,8.840595,9.108960,-0.268365,-0.009005
16.638000,8.834714,9.102169,-0.267455,-0.008510
16.639000,8.828820,9.095365,-0.266545,-0.008016
16.640000,8.822912,9.088546,-0.265634,-0.007522
16.641000,8.816990,9.081713,-0.264723,-0.007029
16.642000,8.811054,9.074866,-0.263812,-0.006535
16.643000,8.805104,9.068005,-0.262900,-0.006041
16.644000,8.799141,9.061129,-0.261988,-0.005548
16.645000,8.793163,9.054239,-0.261076,-0.005054
16.646000,8.787172,9.047335,-0.260163,-0.004561
16.647000,8.781166,9.040417,-0.259251,-0.004068
16.648000,8.775147,9.033484,-0.258337,-0.003575
16.649000,8.769114,9.026538,-0.257424,-0.003082
16.650000,8.763067,9.019577,-0.256510,-0.002589
16.651000,8.757006,9.012602,-0.255596,-0.002096
16.652000,8.750931,9.005613,-0.254682,-0.001603
16.653000,8.744843,8.998610,-0.253767,-0.001111
16.654000,8.738741,8.991592,-0.252852,-0.000618
16.655000,8.732625,8.984561,-0.251937,-0.000126
16.656000,8.726495,8.977516,-0.251021,0.000366
16.657000,8.720351,8.970456,-0.250105,0.000858
16.658000,8.714194,8.963382,-0.249189,0.001350
16.659000,8.708022,8.956295,-0.248272,0.001842
16.660000,8.701838,8.949193,-0.247356,0.002334
16.661000,8.695639,8.942077,-0.246438,0.002825
16.662000,8.689426,8.934948,-0.245521,0.003317
16.663000,8.683200,8.927804,-0.244603,0.003808
16.664000,8.676961,8.920646,-0.243686,0.004300
16.665000,8.670707,8.913474,-0.242767,0.004791
16.666000,8.664440,8.906289,-0.241849,0.005282
16.667000,8.658159,8.899089,-0.240930,0.005773
16.668000,8.651864,8.891875,-0.240011,0.006263
16.669000,8.645556,8.884648,-0.239092,0.006754
16.670000,8.639234,8.877406,-0.238172,0.007245
16.671000,8.632899,8.870151,-0.237252,0.007735
16.672000,8.626549,8.862882,-0.236332,0.008225
16.673000,8.620187,8.855598,-0.235412,0.008716
16.674000,8.613810,8.848301,-0.234491,0.009206
16.675000,8.607420,8.840990,-0.233570,0.009696
16.676000,8.601017,8.833666,-0.232649,0.010185
16.677000,8.594599,8.826327,-0.231727,0.010675
16.678000,8.588169,8.818975,-0.230806,0.011165
16.679000,8.581724,8.811608,-0.229884,0.011654
16.680000,8.575267,8.804228,-0.228962,0.012144
16.681000,8.568795,8.796834,-0.228039,0.012633
16.682000,8.562310,8.789427,-0.227116,0.013122
16.683000,8.555812,8.782005,-0.226193,0.013611
16.684000,8.549300,8.774570,-0.225270,0.014100
16.685000,8.542774,8.767121,-0.224347,0.014588
16.686000,8.536235,8.759658,-0.223423,0.015077
16.687000,8.529683,8.752182,-0.222499,0.015565
16.688000,8.523117,8.744692,-0.221575,0.016054
16.689000,8.516538,8.737188,-0.220650,0.016542
16.690000,8.509945,8.729670,-0.219726,0.017030
16.691000,8.503339,8.722139,-0.218801,0.017518
16.692000,8.496719,8.714594,-0.217876,0.018006
16.693000,8.490086,8.707036,-0.216950,0.018493
16.694000,8.483439,8.699464,-0.216025,0.018981
16.695000,8.476779,8.691878,-0.215099,0.019468
16.696000,8.470106,8.684279,-0.214173,0.019956
16.697000,8.463419,8.676666,-0.213246,0.020443
16.698000,8.456719,8.669039,-0.212320,0.020930
16.699000,8.450006,8.661399,-0.211393,0.021417
16.700000,8.443279,8.653745,-0.210466,0.021903
16.701000,8.436539,8.646078,-0.209539,0.022390
16.702000,8.429786,8.638397,-0.208611,0.022876
16.703000,8.423019,8.630703,-0.207684,0.023363
16.704000,8.416239,8.622995,-0.206756,0.023849
16.705000,8.409446,8.615274,-0.205828,0.024335
16.706000,8.402639,8.607539,-0.204900,0.024821
16.707000,8.395819,8.599791,-0.203971,0.025307
16.708000,8.388986,8.592029,-0.203042,0.025792
16.709000,8.382140,8.584254,-0.202114,0.026278
16.710000,8.375280,8.576465,-0.201184,0.026763
16.711000,8.368408,8.568663,-0.200255,0.027249
16.712000,8.361522,8.560847,-0.199326,0.027734
16.713000,8.354622,8.553018,-0.198396,0.028219
16.714000,8.347710,8.545176,-0.197466,0.028703
16.715000,8.340784,8.537320,-0.196536,0.029188
16.716000,8.333846,8.529451,-0.195606,0.029673
16.717000,8.326894,8.521569,-0.194675,0.030157
16.718000,8.319929,8.513673,-0.193745,0.030641
16.719000,8.312950,8.505764,-0.192814,0.031126
16.720000,8.305959,8.497842,-0.191883,0.031609
16.721000,8.298955,8.489906,-0.190951,0.032093
16.722000,8.291937,8.481957,-0.190020,0.032577
16.723000,8.284906,8.473995,-0.189088,0.033061
16.724000,8.277863,8.466019,-0.188157,0.033544
16.725000,8.270806,8.458030,-0.187225,0.034027
16.726000,8.263736,8.450028,-0.186292,0.034510
16.727000,8.256653,8.442013,-0.185360,0.034993
16.728000,8.249557,8.433985,-0.184428,0.035476
16.729000,8.242448,8.425943,-0.183495,0.035959
16.730000,8.235326,8.417888,-0.182562,0.036442
16.731000,8.228191,8.409820,-0.181629,0.036924
16.732000,8.221043,8.401739,-0.180696,0.037406
16.733000,8.213882,8.393644,-0.179762,0.037888
16.734000,8.206708,8.385537,-0.178829,0.038370
16.735000,8.199521,8.377416,-0.177895,0.038852
16.736000,8.192321,8.369283,-0.176961,0.039334
16.737000,8.185108,8.361136,-0.176027,0.039815
16.738000,8.177883,8.352976,-0.175093,0.040297
16.739000,8.170644,8.344803,-0.174159,0.040778
16.740000,8.163393,8.336617,-0.173224,0.041259
16.741000,8.156128,8.328418,-0.172290,0.041740
16.742000,8.148851,8.320206,-0.171355,0.042221
16.743000,8.141561,8.311981,-0.170420,0.042701
16.744000,8.134258,8.303743,-0.169485,0.043182
16.745000,8.126942,8.295491,-0.168550,0.043662
16.746000,8.119613,8.287227,-0.167614,0.044142
16.747000,8.112271,8.278950,-0.166679,0.044622
16.748000,8.104917,8.270660,-0.165743,0.045102
16.749000,8.097550,8.262357,-0.164807,0.045582
16.750000,8.090170,8.254041,-0.163871,0.046061
16.751000,8.082777,8.245713,-0.162935,0.046541
16.752000,8.075372,8.237371,-0.161999,0.047020
16.753000,8.067954,8.229016,-0.161063,0.047499
16.754000,8.060523,8.220649,-0.160126,0.047978
16.755000,8.053079,8.212269,-0.159190,0.048457
16.756000,8.045622,8.203875,-0.158253,0.048936
16.757000,8.038153,8.195469,-0.157316,0.049414
16.758000,8.030672,8.187051,-0.156379,0.049892
16.759000,8.023177,8.178619,-0.155442,0.050371
16.760000,8.015670,8.170174,-0.154505,0.050849
16.761000,8.008150,8.161717,-0.153567,0.051326
16.762000,8.000618,8.153247,-0.152630,0.051804
16.763000,7.993072,8.144765,-0.151692,0.052282
16.764000,7.985515,8.136269,-0.150754,0.052759
16.765000,7.977944,8.127761,-0.149816,0.053236
16.766000,7.970361,8.119240,-0.148879,0.053713
16.767000,7.962766,8.110706,-0.147940,0.054190
16.768000,7.955158,8.102160,-0.147002,0.054667
16.769000,7.947537,8.093601,-0.146064,0.055144
16.770000,7.939904,8.085029,-0.145125,0.055620
16.771000,7.932258,8.076445,-0.144187,0.056096
16.772000,7.924600,8.067848,-0.143248,0.056573
16.773000,7.916929,8.059239,-0.142310,0.057048
16.774000,7.909246,8.050617,-0.141371,0.057524
16.775000,7.901550,8.041982,-0.140432,0.058000
16.776000,7.893842,8.033335,-0.139493,0.058475
16.777000,7.886121,8.024675,-0.138554,0.058951
16.778000,7.878388,8.016002,-0.137614,0.059426
16.779000,7.870642,8.007317,-0.136675,0.059901
16.780000,7.862884,7.998620,-0.135736,0.060376
16.781000,7.855114,7.989910,-0.134796,0.060850
16.782000,7.847331,7.981188,-0.133857,0.061325
16.783000,7.839536,7.972453,-0.132917,0.061799
16.784000,7.831728,7.963705,-0.131977,0.062273
16.785000,7.823908,7.954945,-0.131037,0.062747
16.786000,7.816076,7.946173,-0.130097,0.063221
16.787000,7.808231,7.937388,-0.129157,0.063695
16.788000,7.800374,7.928591,-0.128217,0.064168
16.789000,7.792505,7.919782,-0.127277,0.064642
16.790000,7.784623,7.910960,-0.126337,0.065115
16.791000,7.776729,7.902125,-0.125396,0.065588
16.792000,7.768823,7.893279,-0.124456,0.066061
16.793000,7.760904,7.884420,-0.123515,0.066533
16.794000,7.752974,7.875548,-0.122575,0.067006
16.795000,7.745031,7.866665,-0.121634,0.067478
16.796000,7.737075,7.857769,-0.120693,0.067950
16.797000,7.729108,7.848861,-0.119753,0.068422
16.798000,7.721128,7.839940,-0.118812,0.068894
16.799000,7.713136,7.831007,-0.117871,0.069366
16.800000,7.705132,7.822062,-0.116930,0.069837
16.801000,7.697116,7.813105,-0.115989,0.070309
16.802000,7.689088,7.804136,-0.115048,0.070780
16.803000,7.681047,7.795154,-0.114107,0.071251
16.804000,7.672995,7.786160,-0.113165,0.071722
16.805000,7.664930,7.777154,-0.112224,0.072192
16.806000,7.656853,7.768136,-0.111283,0.072663
16.807000,7.648764,7.759106,-0.110341,0.073133
16.808000,7.640663,7.750063,-0.109400,0.073603
16.809000,7.632550,7.741009,-0.108459,0.074073
16.810000,7.624425,7.731942,-0.107517,0.074543
16.811000,7.616288,7.722863,-0.106575,0.075013
16.812000,7.608139,7.713773,-0.105634,0.075482
16.813000,7.599978,7.704670,-0.104692,0.075951
16.814000,7.591804,7.695555,-0.103750,0.076420
16.815000,7.583619,7.686428,-0.102809,0.076889
16.816000,7.575422,7.677289,-0.101867,0.077358
16.817000,7.567213,7.668138,-0.100925,0.077827
16.818000,7.558992,7.658975,-0.099983,0.078295
16.819000,7.550759,7.649800,-0.099041,0.078763
16.820000,7.542514,7.640613,-0.098099,0.079231
16.821000,7.534257,7.631414,-0.097157,0.079699
16.822000,7.525988,7.622204,-0.096215,0.080167
16.823000,7.517708,7.612981,-0.095273,0.080634
16.824000,7.509415,7.603746,-0.094331,0.081102
16.825000,7.501111,7.594500,-0.093389,0.081569
16.826000,7.492794,7.585242,-0.092447,0.082036
16.827000,7.484466,7.575971,-0.091505,0.082503
16.828000,7.476127,7.566689,-0.090563,0.082969
16.829000,7.467775,7.557396,-0.089621,0.083436
16.830000,7.459411,7.548090,-0.088678,0.083902
16.831000,7.451036,7.538772,-0.087736,0.084368
16.832000,7.442649,7.529443,-0.086794,0.084834
16.833000,7.434250,7.520102,-0.085852,0.085300
16.834000,7.425840,7.510749,-0.084909,0.085765
16.835000,7.417418,7.501385,-0.083967,0.086231
16.836000,7.408984,7.492009,-0.083025,0.086696
16.837000,7.400538,7.482621,-0.082083,0.087161
16.838000,7.392081,7.473221,-0.081140,0.087626
16.839000,7.383612,7.463810,-0.080198,0.088090
16.840000,7.375131,7.454387,-0.079256,0.088555
16.841000,7.366639,7.444952,-0.078313,0.089019
16.842000,7.358135,7.435506,-0.077371,0.089483
16.843000,7.349619,7.426048,-0.076429,0.089947
16.844000,7.341092,7.416578,-0.075486,0.090411
16.845000,7.332553,7.407097,-0.074544,0.090875
16.846000,7.324003,7.397605,-0.073602,0.091338
16.847000,7.315441,7.388100,-0.072659,0.091801
16.848000,7.306868,7.378585,-0.071717,0.092264
16.849000,7.298283,7.369057,-0.070775,0.092727
16.850000,7.289686,7.359519,-0.069832,0.093190
16.851000,7.281078,7.349968,-0.068890,0.093652
16.852000,7.272459,7.340406,-0.067948,0.094114
16.853000,7.263828,7.330833,-0.067005,0.094577
16.854000,7.255185,7.321248,-0.066063,0.095038
16.855000,7.246531,7.311652,-0.065121,0.095500
16.856000,7.237866,7.302045,-0.064179,0.095962
16.857000,7.229189,7.292425,-0.063236,0.096423
16.858000,7.220501,7.282795,-0.062294,0.096884
16.859000,7.211801,7.273153,-0.061352,0.097345
16.860000,7.203090,7.263500,-0.060410,0.097806
16.861000,7.194368,7.253836,-0.059468,0.098267
16.862000,7.185634,7.244160,-0.058526,0.098727
16.863000,7.176889,7.234472,-0.057583,0.099187
16.864000,7.168133,7.224774,-0.056641,0.099647
16.865000,7.159365,7.215064,-0.055699,0.100107
16.866000,7.150586,7.205343,-0.054757,0.100567
16.867000,7.141795,7.195611,-0.053815,0.101026
16.868000,7.132994,7.185867,-0.052873,0.101486
16.869000,7.124181,7.176112,-0.051932,0.101945
16.870000,7.115357,7.166346,-0.050990,0.102404
16.871000,7.106521,7.156569,-0.050048,0.102862
16.872000,7.097675,7.146781,-0.049106,0.103321
16.873000,7.088817,7.136981,-0.048164,0.103779
16.874000,7.079948,7.127171,-0.047223,0.104237
16.875000,7.071068,7.117349,-0.046281,0.104695
16.876000,7.062176,7.107516,-0.045339,0.105153
16.877000,7.053274,7.097672,-0.044398,0.105611
16.878000,7.044360,7.087816,-0.043456,0.106068
16.879000,7.035436,7.077950,-0.042515,0.106525
16.880000,7.026500,7.068073,-0.041573,0.106982
16.881000,7.017553,7.058184,-0.040632,0.107439
16.882000,7.008595,7.048285,-0.039690,0.107896
16.883000,6.999626,7.038375,-0.038749,0.108352
16.884000,6.990645,7.028453,-0.037808,0.108808
16.885000,6.981654,7.018521,-0.036867,0.109264
16.886000,6.972652,7.008577,-0.035925,0.109720
16.887000,6.963639,6.998623,-0.034984,0.110176
16.888000,6.954614,6.988658,-0.034043,0.110631
16.889000,6.945579,6.978682,-0.033102,0.111087
16.890000,6.936533,6.968694,-0.032161,0.111542
16.891000,6.927476,6.958696,-0.031221,0.111997
16.892000,6.918408,6.948688,-0.030280,0.112451
16.893000,6.909329,6.938668,-0.029339,0.112906
16.894000,6.900239,6.928637,-0.028398,0.113360
16.895000,6.891138,6.918596,-0.027458,0.113814
16.896000,6.882026,6.908544,-0.026517,0.114268
16.897000,6.872904,6.898481,-0.025577,0.114722
16.898000,6.863770,6.888407,-0.024637,0.115175
16.899000,6.854626,6.878322,-0.023696,0.115628
16.900000,6.845471,6.868227,-0.022756,0.116082
16.901000,6.836305,6.858121,-0.021816,0.116534
16.902000,6.827128,6.848004,-0.020876,0.116987
16.903000,6.817941,6.837877,-0.019936,0.117440
16.904000,6.808743,6.827739,-0.018996,0.117892
16.905000,6.799534,6.817590,-0.018056,0.118344
16.906000,6.790314,6.807430,-0.017116,0.118796
16.907000,6.781084,6.797260,-0.016177,0.119248
16.908000,6.771842,6.787079,-0.015237,0.119699
16.909000,6.762591,6.776888,-0.014297,0.120150
16.910000,6.753328,6.766686,-0.013358,0.120602
16.911000,6.744055,6.756474,-0.012419,0.121053
16.912000,6.734771,6.746250,-0.011479,0.121503
16.913000,6.725477,6.736017,-0.010540,0.121954
16.914000,6.716171,6.725773,-0.009601,0.122404
16.915000,6.706856,6.715518,-0.008662,0.122854
16.916000,6.697529,6.705253,-0.007723,0.123304
16.917000,6.688193,6.694977,-0.006785,0.123754
16.918000,6.678845,6.684691,-0.005846,0.124203
16.919000,6.669487,6.674395,-0.004907,0.124653
16.920000,6.660119,6.664088,-0.003969,0.125102
16.921000,6.650740,6.653770,-0.003030,0.125550
16.922000,6.641350,6.643442,-0.002092,0.125999
16.923000,6.631950,6.633104,-0.001154,0.126448
16.924000,6.622540,6.622755,-0.000216,0.126896
16.925000,6.613119,6.612397,0.000722,0.127344
16.926000,6.603687,6.602027,0.001660,0.127792
16.927000,6.594245,6.591648,0.002598,0.128240
16.928000,6.584793,6.581258,0.003535,0.128687
16.929000,6.575331,6.570858,0.004473,0.129134
16.930000,6.565858,6.560447,0.005410,0.129581
16.931000,6.556374,6.550026,0.006348,0.130028
16.932000,6.546880,6.539596,0.007285,0.130475
16.933000,6.537376,6.529154,0.008222,0.130921
16.934000,6.527862,6.518703,0.009159,0.131367
16.935000,6.518337,6.508241,0.010096,0.131813
16.936000,6.508802,6.497770,0.011033,0.132259
16.937000,6.499257,6.487288,0.011969,0.132705
16.938000,6.489701,6.476796,0.012906,0.133150
16.939000,6.480136,6.466294,0.013842,0.133595
16.940000,6.470560,6.455781,0.014778,0.134040
16.941000,6.460973,6.445259,0.015714,0.134485
16.942000,6.451377,6.434726,0.016650,0.134930
16.943000,6.441770,6.424184,0.017586,0.135374
16.944000,6.432153,6.413631,0.018522,0.135818
16.945000,6.422527,6.403069,0.019458,0.136262
16.946000,6.412889,6.392496,0.020393,0.136706
16.947000,6.403242,6.381914,0.021329,0.137149
16.948000,6.393585,6.371321,0.022264,0.137593
16.949000,6.383917,6.360719,0.023199,0.138036
16.950000,6.374240,6.350106,0.024134,0.138479
16.951000,6.364552,6.339484,0.025069,0.138921
16.952000,6.354855,6.328851,0.026003,0.139364
16.953000,6.345147,6.318209,0.026938,0.139806
16.954000,6.335429,6.307557,0.027872,0.140248
16.955000,6.325702,6.296895,0.028807,0.140690
16.956000,6.315964,6.286223,0.029741,0.141131
16.957000,6.306216,6.275542,0.030675,0.141573
16.958000,6.296459,6.264850,0.031609,0.142014
16.959000,6.286691,6.254149,0.032542,0.142455
16.960000,6.276914,6.243438,0.033476,0.142896
16.961000,6.267126,6.232717,0.034409,0.143336
16.962000,6.257329,6.221987,0.035342,0.143776
16.963000,6.247522,6.211246,0.036275,0.144217
16.964000,6.237705,6.200496,0.037208,0.144656
16.965000,6.227878,6.189737,0.038141,0.145096
16.966000,6.218041,6.178967,0.039074,0.145536
16.967000,6.208195,6.168188,0.040006,0.145975
16.968000,6.198338,6.157400,0.040939,0.146414
16.969000,6.188472,6.146601,0.041871,0.146853
16.970000,6.178596,6.135793,0.042803,0.147291
16.971000,6.168710,6.124976,0.043735,0.147730
16.972000,6.158815,6.114149,0.044666,0.148168
16.973000,6.148910,6.103312,0.045598,0.148606
16.974000,6.138995,6.092466,0.046529,0.149043
16.975000,6.129071,6.081610,0.047460,0.149481
16.976000,6.119136,6.070745,0.048392,0.149918
16.977000,6.109192,6.059870,0.049322,0.150355
16.978000,6.099239,6.048986,0.050253,0.150792
16.979000,6.089276,6.038092,0.051184,0.151229
16.980000,6.079303,6.027189,0.052114,0.151665
16.981000,6.069321,6.016276,0.053044,0.152101
16.982000,6.059329,6.005354,0.053974,0.152537
16.983000,6.049327,5.994423,0.054904,0.152973
16.984000,6.039316,5.983482,0.055834,0.153409
16.985000,6.029295,5.972532,0.056763,0.153844
16.986000,6.019265,5.961573,0.057693,0.154279
16.987000,6.009226,5.950604,0.058622,0.154714
16.988000,5.999177,5.939626,0.059551,0.155148
16.989000,5.989118,5.928638,0.060479,0.155583
16.990000,5.979050,5.917642,0.061408,0.156017
16.991000,5.968972,5.906636,0.062336,0.156451
16.992000,5.958885,5.895621,0.063265,0.156885
16.993000,5.948789,5.884596,0.064193,0.157318
16.994000,5.938683,5.873563,0.065121,0.157752
16.995000,5.928568,5.862520,0.066048,0.158185
16.996000,5.918444,5.851468,0.066976,0.158618
16.997000,5.908310,5.840407,0.067903,0.159050
16.998000,5.898167,5.829337,0.068830,0.159483
16.999000,5.888014,5.818257,0.069757,0.159915
17.000000,5.877853,5.807169,0.070684,0.160347
17.001000,5.867681,5.796071,0.071610,0.160778
17.002000,5.857501,5.784964,0.072537,0.161210
17.003000,5.847312,5.773849,0.073463,0.161641
17.004000,5.837113,5.762724,0.074389,0.162072
17.005000,5.826905,5.751590,0.075315,0.162503
17.006000,5.816688,5.740447,0.076240,0.162934
17.007000,5.806461,5.729296,0.077165,0.163364
17.008000,5.796226,5.718135,0.078091,0.163794
17.009000,5.785981,5.706965,0.079016,0.164224
17.010000,5.775727,5.695787,0.079940,0.164654
17.011000,5.765464,5.684599,0.080865,0.165083
17.012000,5.755192,5.673403,0.081789,0.165512
17.013000,5.744911,5.662198,0.082713,0.165941
17.014000,5.734621,5.650983,0.083637,0.166370
17.015000,5.724321,5.639760,0.084561,0.166799
17.016000,5.714013,5.628529,0.085484,0.167227
17.017000,5.703696,5.617288,0.086408,0.167655
17.018000,5.693369,5.606038,0.087331,0.168083
17.019000,5.683034,5.594780,0.088254,0.168511
17.020000,5.672689,5.583513,0.089176,0.168938
17.021000,5.662336,5.572237,0.090099,0.169365
17.022000,5.651974,5.560953,0.091021,0.169792
17.023000,5.641603,5.549660,0.091943,0.170219
17.024000,5.631223,5.538358,0.092865,0.170645
17.025000,5.620834,5.527048,0.093786,0.171071
17.026000,5.610436,5.515728,0.094708,0.171497
17.027000,5.600029,5.504401,0.095629,0.171923
17.028000,5.589614,5.493064,0.096550,0.172349
17.029000,5.579189,5.481719,0.097470,0.172774
17.030000,5.568756,5.470365,0.098391,0.173199
17.031000,5.558314,5.459003,0.099311,0.173624
17.032000,5.547863,5.447632,0.100231,0.174049
17.033000,5.537404,5.436253,0.101151,0.174473
17.034000,5.526936,5.424865,0.102070,0.174897
17.035000,5.516459,5.413469,0.102990,0.175321
17.036000,5.505973,5.402064,0.103909,0.175745
17.037000,5.495479,5.390651,0.104827,0.176168
17.038000,5.484976,5.379229,0.105746,0.176591
17.039000,5.474464,5.367799,0.106664,0.177014
17.040000,5.463943,5.356361,0.107583,0.177437
17.041000,5.453414,5.344914,0.108500,0.177859
17.042000,5.442877,5.333459,0.109418,0.178281
17.043000,5.432331,5.321995,0.110336,0.178703
17.044000,5.421776,5.310523,0.111253,0.179125
17.045000,5.411213,5.299043,0.112170,0.179547
17.046000,5.400641,5.287554,0.113086,0.179968
17.047000,5.390060,5.276057,0.114003,0.180389
17.048000,5.379471,5.264552,0.114919,0.180810
17.049000,5.368874,5.253039,0.115835,0.181230
17.050000,5.358268,5.241517,0.116751,0.181651
17.051000,5.347654,5.229987,0.117666,0.182071
17.052000,5.337031,5.218449,0.118581,0.182490
17.053000,5.326400,5.206903,0.119496,0.182910
17.054000,5.315760,5.195349,0.120411,0.183329
17.055000,5.305112,5.183786,0.121326,0.183748
17.056000,5.294455,5.172216,0.122240,0.184167
17.057000,5.283791,5.160637,0.123154,0.184586
17.058000,5.273118,5.149050,0.124068,0.185004
17.059000,5.262436,5.137455,0.124981,0.185422
17.060000,5.251746,5.125852,0.125894,0.185840
17.061000,5.241048,5.114241,0.126807,0.186258
17.062000,5.230342,5.102622,0.127720,0.186675
17.063000,5.219627,5.090995,0.128632,0.187093
17.064000,5.208904,5.079360,0.129544,0.187509
17.065000,5.198173,5.067717,0.130456,0.187926
17.066000,5.187434,5.056066,0.131368,0.188342
17.067000,5.176687,5.044407,0.132279,0.188759
17.068000,5.165931,5.032741,0.133191,0.189175
17.069000,5.155167,5.021066,0.134101,0.189590
17.070000,5.144395,5.009383,0.135012,0.190006
17.071000,5.133615,4.997693,0.135922,0.190421
17.072000,5.122827,4.985995,0.136832,0.190836
17.073000,5.112031,4.974289,0.137742,0.191250
17.074000,5.101227,4.962575,0.138652,0.191665
17.075000,5.090414,4.950853,0.139561,0.192079
17.076000,5.079594,4.939124,0.140470,0.192493
17.077000,5.068765,4.927387,0.141378,0.192907
17.078000,5.057929,4.915642,0.142287,0.193320
17.079000,5.047084,4.903889,0.143195,0.193733
17.080000,5.036232,4.892129,0.144103,0.194146
17.081000,5.025372,4.880361,0.145010,0.194559
17.082000,5.014503,4.868586,0.145918,0.194971
17.083000,5.003627,4.856802,0.146825,0.195384
17.084000,4.992743,4.845012,0.147732,0.195795
17.085000,4.981851,4.833213,0.148638,0.196207
17.086000,4.970951,4.821407,0.149544,0.196619
17.087000,4.960043,4.809593,0.150450,0.197030
17.088000,4.949128,4.797772,0.151356,0.197441
17.089000,4.938205,4.785944,0.152261,0.197851
17.090000,4.927273,4.774107,0.153166,0.198262
17.091000,4.916334,4.762264,0.154071,0.198672
17.092000,4.905388,4.750413,0.154975,0.199082
17.093000,4.894433,4.738554,0.155879,0.199491
17.094000,4.883471,4.726688,0.156783,0.199901
17.095000,4.872501,4.714814,0.157687,0.200310
17.096000,4.861524,4.702934,0.158590,0.200719
17.097000,4.850538,4.691045,0.159493,0.201127
17.098000,4.839545,4.679150,0.160396,0.201536
17.099000,4.828545,4.667247,0.161298,0.201944
17.100000,4.817537,4.655336,0.162200,0.202352
17.101000,4.806521,4.643419,0.163102,0.202759
17.102000,4.795498,4.631494,0.164004,0.203167
17.103000,4.784467,4.619562,0.164905,0.203574
17.104000,4.773428,4.607622,0.165806,0.203980
17.105000,4.762382,4.595676,0.166706,0.204387
17.106000,4.751328,4.583722,0.167607,0.204793
17.107000,4.740267,4.571761,0.168507,0.205199
17.108000,4.729199,4.559792,0.169406,0.205605
17.109000,4.718123,4.547817,0.170306,0.206011
17.110000,4.707039,4.535834,0.171205,0.206416
17.111000,4.695948,4.523845,0.172104,0.206821
17.112000,4.684850,4.511848,0.173002,0.207226
17.113000,4.673744,4.499844,0.173900,0.207630
17.114000,4.662631,4.487833,0.174798,0.208034
17.115000,4.651511,4.475815,0.175696,0.208438
17.116000,4.640383,4.463790,0.176593,0.208842
17.117000,4.629248,4.451758,0.177490,0.209245
17.118000,4.618105,4.439719,0.178386,0.209648
17.119000,4.606956,4.427673,0.179283,0.210051
17.120000,4.595799,4.415620,0.180179,0.210454
17.121000,4.584634,4.403560,0.181074,0.210856
17.122000,4.573463,4.391493,0.181969,0.211258
17.123000,4.562284,4.379420,0.182864,0.211660
17.124000,4.551098,4.367339,0.183759,0.212062
17.125000,4.539905,4.355251,0.184654,0.212463
17.126000,4.528705,4.343157,0.185548,0.212864
17.127000,4.517497,4.331056,0.186441,0.213265
17.128000,4.506283,4.318948,0.187335,0.213665
17.129000,4.495061,4.306833,0.188228,0.214065
17.130000,4.483832,4.294712,0.189120,0.214465
17.131000,4.472596,4.282583,0.190013,0.214865
17.132000,4.461353,4.270448,0.190905,0.215264
17.133000,4.450103,4.258307,0.191797,0.215664
17.134000,4.438846,4.246158,0.192688,0.216062
17.135000,4.427582,4.234003,0.193579,0.216461
17.136000,4.416311,4.221841,0.194470,0.216859
17.137000,4.405033,4.209673,0.195360,0.217257
17.138000,4.393748,4.197498,0.196250,0.217655
17.139000,4.382456,4.185316,0.197140,0.218053
17.140000,4.371158,4.173128,0.198030,0.218450
17.141000,4.359852,4.160933,0.198919,0.218847
17.142000,4.348539,4.148732,0.199807,0.219243
17.143000,4.337220,4.136524,0.200696,0.219640
17.144000,4.325894,4.124310,0.201584,0.220036
17.145000,4.314560,4.112089,0.202472,0.220432
17.146000,4.303221,4.099862,0.203359,0.220827
17.147000,4.291874,4.087628,0.204246,0.221223
17.148000,4.280520,4.075388,0.205133,0.221618
17.149000,4.269160,4.063141,0.206019,0.222013
17.150000,4.257793,4.050888,0.206905,0.222407
17.151000,4.246419,4.038629,0.207791,0.222801
17.152000,4.235039,4.026363,0.208676,0.223195
17.153000,4.223652,4.014091,0.209561,0.223589
17.154000,4.212258,4.001812,0.210445,0.223982
17.155000,4.200857,3.989528,0.211330,0.224375
17.156000,4.189450,3.977237,0.212214,0.224768
17.157000,4.178036,3.964939,0.213097,0.225161
17.158000,4.166616,3.952636,0.213980,0.225553
17.159000,4.155189,3.940326,0.214863,0.225945
17.160000,4.143756,3.928010,0.215746,0.226336
17.161000,4.132316,3.915688,0.216628,0.226728
17.162000,4.120869,3.903360,0.217510,0.227119
17.163000,4.109416,3.891025,0.218391,0.227510
17.164000,4.097957,3.878685,0.219272,0.227900
17.165000,4.086491,3.866338,0.220153,0.228291
17.166000,4.075018,3.853985,0.221033,0.228681
17.167000,4.063539,3.841626,0.221913,0.229070
17.168000,4.052054,3.829262,0.222793,0.229460
17.169000,4.040562,3.816891,0.223672,0.229849
17.170000,4.029064,3.804514,0.224551,0.230238
17.171000,4.017560,3.792131,0.225429,0.230626
17.172000,4.006049,3.779742,0.226307,0.231014
17.173000,3.994532,3.767347,0.227185,0.231402
17.174000,3.983009,3.754946,0.228062,0.231790
17.175000,3.971479,3.742539,0.228940,0.232178
17.176000,3.959943,3.730127,0.229816,0.232565
17.177000,3.948401,3.717708,0.230692,0.232952
17.178000,3.936852,3.705284,0.231568,0.233338
17.179000,3.925298,3.692854,0.232444,0.233724
17.180000,3.913737,3.680418,0.233319,0.234110
17.181000,3.902170,3.667976,0.234194,0.234496
17.182000,3.890596,3.655528,0.235068,0.234881
17.183000,3.879017,3.643075,0.235942,0.235266
17.184000,3.867432,3.630616,0.236816,0.235651
17.185000,3.855840,3.618151,0.237689,0.236036
17.186000,3.844242,3.605680,0.238562,0.236420
17.187000,3.832638,3.593204,0.239435,0.236804
17.188000,3.821029,3.580722,0.240307,0.237188
17.189000,3.809413,3.568234,0.241179,0.237571
17.190000,3.797791,3.555741,0.242050,0.237954
17.191000,3.786163,3.543242,0.242921,0.238337
17.192000,3.774529,3.530738,0.243792,0.238719
17.193000,3.762889,3.518228,0.244662,0.239101
17.194000,3.751244,3.505712,0.245532,0.239483
17.195000,3.739592,3.493191,0.246401,0.239865
17.196000,3.727934,3.480664,0.247270,0.240246
17.197000,3.716271,3.468132,0.248139,0.240627
17.198000,3.704602,3.455595,0.249007,0.241008
17.199000,3.692927,3.443052,0.249875,0.241388
17.200000,3.681246,3.430503,0.250742,0.241768
17.201000,3.669559,3.417949,0.251609,0.242148
17.202000,3.657866,3.405390,0.252476,0.242527
17.203000,3.646168,3.392825,0.253342,0.242907
17.204000,3.634464,3.380255,0.254208,0.243285
17.205000,3.622754,3.367680,0.255074,0.243664
17.206000,3.611038,3.355099,0.255939,0.244042
17.207000,3.599317,3.342513,0.256803,0.244420
17.208000,3.587590,3.329922,0.257668,0.244798
17.209000,3.575857,3.317325,0.258532,0.245175
17.210000,3.564119,3.304724,0.259395,0.245552
17.211000,3.552375,3.292117,0.260258,0.245929
17.212000,3.540625,3.279504,0.261121,0.246306
17.213000,3.528870,3.266887,0.261983,0.246682
17.214000,3.517109,3.254264,0.262845,0.247058
17.215000,3.505343,3.241637,0.263706,0.247433
17.216000,3.493571,3.229004,0.264568,0.247808
17.217000,3.481794,3.216366,0.265428,0.248183
17.218000,3.470011,3.203723,0.266288,0.248558
17.219000,3.458223,3.191075,0.267148,0.248932
17.220000,3.446429,3.178422,0.268008,0.249306
17.221000,3.434630,3.165763,0.268867,0.249680
17.222000,3.422825,3.153100,0.269725,0.250053
17.223000,3.411015,3.140432,0.270583,0.250426
17.224000,3.399200,3.127759,0.271441,0.250799
17.225000,3.387379,3.115081,0.272298,0.251172
17.226000,3.375553,3.102398,0.273155,0.251544
17.227000,3.363722,3.089710,0.274012,0.251916
17.228000,3.351885,3.077017,0.274868,0.252287
17.229000,3.340043,3.064319,0.275724,0.252658
17.230000,3.328195,3.051617,0.276579,0.253029
17.231000,3.316343,3.038909,0.277434,0.253400
17.232000,3.304485,3.026197,0.278288,0.253770
17.233000,3.292622,3.013480,0.279142,0.254140
17.234000,3.280754,3.000758,0.279995,0.254510
17.235000,3.268880,2.988032,0.280849,0.254879
17.236000,3.257002,2.975301,0.281701,0.255248
17.237000,3.245118,2.962565,0.282553,0.255617
17.238000,3.233229,2.949824,0.283405,0.255985
17.239000,3.221335,2.937079,0.284257,0.256353
17.240000,3.209436,2.924329,0.285108,0.256721
17.241000,3.197532,2.911574,0.285958,0.257088
17.242000,3.185623,2.898815,0.286808,0.257456
17.243000,3.173709,2.886051,0.287658,0.257822
17.244000,3.161789,2.873282,0.288507,0.258189
17.245000,3.149865,2.860509,0.289356,0.258555
17.246000,3.137936,2.847732,0.290204,0.258921
17.247000,3.126002,2.834950,0.291052,0.259286
17.248000,3.114063,2.822163,0.291900,0.259651
17.249000,3.102119,2.809372,0.292747,0.260016
17.250000,3.090170,2.796577,0.293593,0.260381
17.251000,3.078216,2.783777,0.294439,0.260745
17.252000,3.066258,2.770972,0.295285,0.261109
17.253000,3.054294,2.758164,0.296130,0.261473
17.254000,3.042326,2.745351,0.296975,0.261836
17.255000,3.030353,2.732533,0.297820,0.262199
17.256000,3.018375,2.719711,0.298663,0.262561
17.257000,3.006392,2.706885,0.299507,0.262924
17.258000,2.994405,2.694055,0.300350,0.263286
17.259000,2.982413,2.681220,0.301193,0.263647
17.260000,2.970416,2.668381,0.302035,0.264008
17.261000,2.958414,2.655538,0.302876,0.264369
17.262000,2.946408,2.642690,0.303718,0.264730
17.263000,2.934397,2.629839,0.304558,0.265090
17.264000,2.922382,2.616983,0.305399,0.265450
17.265000,2.910362,2.604123,0.306239,0.265810
17.266000,2.898337,2.591259,0.307078,0.266169
17.267000,2.886308,2.578391,0.307917,0.266528
17.268000,2.874274,2.565518,0.308755,0.266887
17.269000,2.862236,2.552642,0.309594,0.267245
17.270000,2.850193,2.539762,0.310431,0.267603
17.271000,2.838145,2.526877,0.311268,0.267961
17.272000,2.826093,2.513988,0.312105,0.268318
17.273000,2.814037,2.501096,0.312941,0.268675
17.274000,2.801976,2.488199,0.313777,0.269032
17.275000,2.789911,2.475299,0.314612,0.269388
17.276000,2.777841,2.462395,0.315447,0.269744
17.277000,2.765767,2.449486,0.316281,0.270100
17.278000,2.753689,2.436574,0.317115,0.270455
17.279000,2.741606,2.423658,0.317949,0.270810
17.280000,2.729519,2.410738,0.318781,0.271164
17.281000,2.717428,2.397814,0.319614,0.271519
17.282000,2.705332,2.384886,0.320446,0.271873
17.283000,2.693232,2.371955,0.321277,0.272226
17.284000,2.681128,2.359020,0.322109,0.272580
17.285000,2.669020,2.346081,0.322939,0.272932
17.286000,2.656907,2.333138,0.323769,0.273285
17.287000,2.644790,2.320192,0.324599,0.273637
17.288000,2.632669,2.307241,0.325428,0.273989
17.289000,2.620544,2.294288,0.326257,0.274341
17.290000,2.608415,2.281330,0.327085,0.274692
17.291000,2.596282,2.268369,0.327913,0.275043
17.292000,2.584144,2.255404,0.328740,0.275393
17.293000,2.572003,2.242436,0.329567,0.275743
17.294000,2.559857,2.229464,0.330393,0.276093
17.295000,2.547707,2.216489,0.331219,0.276443
17.296000,2.535554,2.203510,0.332044,0.276792
17.297000,2.523396,2.190527,0.332869,0.277141
17.298000,2.511234,2.177541,0.333693,0.277489
17.299000,2.499068,2.164551,0.334517,0.277837
17.300000,2.486899,2.151558,0.335340,0.278185
17.301000,2.474725,2.138562,0.336163,0.278532
17.302000,2.462548,2.125562,0.336986,0.278879
17.303000,2.450367,2.112559,0.337808,0.279226
17.304000,2.438181,2.099552,0.338629,0.279572
17.305000,2.425992,2.086542,0.339450,0.279918
17.306000,2.413799,2.073529,0.340270,0.280264
17.307000,2.401603,2.060512,0.341090,0.280609
17.308000,2.389402,2.047493,0.341910,0.280954
17.309000,2.377198,2.034469,0.342729,0.281299
17.310000,2.364990,2.021443,0.343547,0.281643
17.311000,2.352778,2.008413,0.344365,0.281987
17.312000,2.340563,1.995380,0.345183,0.282330
17.313000,2.328344,1.982344,0.345999,0.282673
17.314000,2.316121,1.969305,0.346816,0.283016
17.315000,2.303894,1.956262,0.347632,0.283359
17.316000,2.291664,1.943217,0.348447,0.283701
17.317000,2.279430,1.930168,0.349262,0.284042
17.318000,2.267193,1.917116,0.350077,0.284384
17.319000,2.254952,1.904062,0.350891,0.284725
17.320000,2.242708,1.891004,0.351704,0.285065
17.321000,2.230460,1.877943,0.352517,0.285406
17.322000,2.218208,1.864879,0.353329,0.285746
17.323000,2.205953,1.851812,0.354141,0.286085
17.324000,2.193694,1.838742,0.354953,0.286424
17.325000,2.181432,1.825669,0.355764,0.286763
17.326000,2.169167,1.812593,0.356574,0.287102
17.327000,2.156898,1.799514,0.357384,0.287440
17.328000,2.144626,1.786433,0.358193,0.287777
17.329000,2.132350,1.773348,0.359002,0.288115
17.330000,2.120071,1.760261,0.359810,0.288452
17.331000,2.107789,1.747171,0.360618,0.288788
17.332000,2.095503,1.734078,0.361425,0.289125
17.333000,2.083214,1.720982,0.362232,0.289461
17.334000,2.070922,1.707883,0.363038,0.289796
17.335000,2.058626,1.694782,0.363844,0.290131
17.336000,2.046327,1.681678,0.364649,0.290466
17.337000,2.034025,1.668571,0.365454,0.290800
17.338000,2.021720,1.655462,0.366258,0.291134
17.339000,2.009411,1.642350,0.367062,0.291468
17.340000,1.997100,1.629235,0.367865,0.291801
17.341000,1.984785,1.616118,0.368667,0.292134
17.342000,1.972467,1.602998,0.369469,0.292467
17.343000,1.960146,1.589875,0.370271,0.292799
17.344000,1.947822,1.576750,0.371072,0.293131
17.345000,1.935495,1.563622,0.371872,0.293462
17.346000,1.923164,1.550492,0.372672,0.293793
17.347000,1.910831,1.537359,0.373472,0.294124
17.348000,1.898495,1.524224,0.374271,0.294454
17.349000,1.886155,1.511087,0.375069,0.294784
17.350000,1.873813,1.497947,0.375867,0.295114
17.351000,1.861468,1.484804,0.376664,0.295443
17.352000,1.849120,1.471659,0.377461,0.295772
17.353000,1.836769,1.458512,0.378257,0.296100
17.354000,1.824415,1.445362,0.379052,0.296428
17.355000,1.812058,1.432210,0.379848,0.296756
17.356000,1.799698,1.419056,0.380642,0.297083
17.357000,1.787335,1.405899,0.381436,0.297410
17.358000,1.774970,1.392740,0.382230,0.297737
17.359000,1.762602,1.379579,0.383023,0.298063
17.360000,1.750231,1.366416,0.383815,0.298389
17.361000,1.737857,1.353250,0.384607,0.298714
17.362000,1.725480,1.340082,0.385398,0.299039
17.363000,1.713101,1.326912,0.386189,0.299363
17.364000,1.700719,1.313740,0.386979,0.299688
17.365000,1.688334,1.300566,0.387769,0.300011
17.366000,1.675947,1.287389,0.388558,0.300335
17.367000,1.663557,1.274211,0.389346,0.300658
17.368000,1.651165,1.261030,0.390134,0.300981
17.369000,1.638769,1.247848,0.390922,0.301303
17.370000,1.626372,1.234663,0.391709,0.301625
17.371000,1.613971,1.221476,0.392495,0.301946
17.372000,1.601568,1.208287,0.393281,0.302267
17.373000,1.589163,1.195097,0.394066,0.302588
17.374000,1.576755,1.181904,0.394851,0.302908
17.375000,1.564345,1.168710,0.395635,0.303228
17.376000,1.551932,1.155513,0.396419,0.303548
17.377000,1.539516,1.142315,0.397202,0.303867
17.378000,1.527099,1.129115,0.397984,0.304186
17.379000,1.514678,1.115913,0.398766,0.304504
17.380000,1.502256,1.102709,0.399547,0.304822
17.381000,1.489831,1.089503,0.400328,0.305139
17.382000,1.477404,1.076296,0.401108,0.305457
17.383000,1.464974,1.063086,0.401888,0.305773
17.384000,1.452542,1.049875,0.402667,0.306090
17.385000,1.440108,1.036663,0.403445,0.306406
17.386000,1.427671,1.023448,0.404223,0.306721
17.387000,1.415233,1.010232,0.405001,0.307036
17.388000,1.402792,0.997014,0.405777,0.307351
17.389000,1.390348,0.983795,0.406553,0.307665
17.390000,1.377903,0.970574,0.407329,0.307979
17.391000,1.365455,0.957351,0.408104,0.308293
17.392000,1.353006,0.944127,0.408879,0.308606
17.393000,1.340554,0.930901,0.409653,0.308919
17.394000,1.328100,0.917674,0.410426,0.309231
17.395000,1.315644,0.904445,0.411199,0.309543
17.396000,1.303185,0.891215,0.411971,0.309855
17.397000,1.290725,0.877983,0.412742,0.310166
17.398000,1.278263,0.864750,0.413513,0.310476
17.399000,1.265799,0.851515,0.414284,0.310787
17.400000,1.253332,0.838279,0.415054,0.311097
17.401000,1.240864,0.825041,0.415823,0.311406
17.402000,1.228394,0.811802,0.416592,0.311715
17.403000,1.215922,0.798562,0.417360,0.312024
17.404000,1.203448,0.785320,0.418127,0.312332
17.405000,1.190972,0.772078,0.418894,0.312640
17.406000,1.178494,0.758833,0.419660,0.312947
17.407000,1.166014,0.745588,0.420426,0.313254
17.408000,1.153532,0.732341,0.421191,0.313561
17.409000,1.141049,0.719093,0.421956,0.313867
17.410000,1.128564,0.705844,0.422720,0.314173
17.411000,1.116077,0.692594,0.423483,0.314478
17.412000,1.103588,0.679342,0.424246,0.314783
17.413000,1.091098,0.666089,0.425008,0.315088
17.414000,1.078605,0.652836,0.425770,0.315392
17.415000,1.066112,0.639581,0.426531,0.315696
17.416000,1.053616,0.626325,0.427291,0.315999
17.417000,1.041119,0.613068,0.428051,0.316302
17.418000,1.028620,0.599810,0.428810,0.316604
17.419000,1.016119,0.586551,0.429569,0.316906
17.420000,1.003617,0.573290,0.430327,0.317208
17.421000,0.991113,0.560029,0.431084,0.317509
17.422000,0.978608,0.546767,0.431841,0.317810
17.423000,0.966101,0.533504,0.432597,0.318110
17.424000,0.953593,0.520240,0.433353,0.318410
17.425000,0.941083,0.506976,0.434108,0.318710
17.426000,0.928572,0.493710,0.434862,0.319009
17.427000,0.916059,0.480443,0.435616,0.319307
17.428000,0.903545,0.467176,0.436369,0.319606
17.429000,0.891029,0.453908,0.437121,0.319903
17.430000,0.878512,0.440639,0.437873,0.320201
17.431000,0.865993,0.427369,0.438625,0.320498
17.432000,0.853474,0.414098,0.439375,0.320794
17.433000,0.840952,0.400827,0.440125,0.321090
17.434000,0.828430,0.387555,0.440875,0.321386
17.435000,0.815906,0.374283,0.441624,0.321681
17.436000,0.803381,0.361009,0.442372,0.321976
17.437000,0.790855,0.347735,0.443119,0.322270
17.438000,0.778327,0.334461,0.443866,0.322564
17.439000,0.765798,0.321185,0.444613,0.322858
17.440000,0.753268,0.307910,0.445358,0.323151
17.441000,0.740737,0.294633,0.446104,0.323443
17.442000,0.728204,0.281356,0.446848,0.323736
17.443000,0.715671,0.268079,0.447592,0.324027
17.444000,0.703136,0.254801,0.448335,0.324319
17.445000,0.690600,0.241522,0.449078,0.324610
17.446000,0.678063,0.228244,0.449820,0.324900
17.447000,0.665525,0.214964,0.450561,0.325190
17.448000,0.652986,0.201684,0.451302,0.325480
17.449000,0.640446,0.188404,0.452042,0.325769
17.450000,0.627905,0.175124,0.452781,0.326057
17.451000,0.615363,0.161843,0.453520,0.326346
17.452000,0.602820,0.148562,0.454258,0.326633
17.453000,0.590276,0.135280,0.454996,0.326921
17.454000,0.577731,0.121998,0.455733,0.327208
17.455000,0.565185,0.108716,0.456469,0.327494
17.456000,0.552639,0.095434,0.457205,0.327780
17.457000,0.540091,0.082151,0.457940,0.328066
17.458000,0.527543,0.068868,0.458674,0.328351
17.459000,0.514993,0.055585,0.459408,0.328636
17.460000,0.502443,0.042302,0.460141,0.328920
17.461000,0.489892,0.029019,0.460874,0.329204
17.462000,0.477341,0.015735,0.461605,0.329487
17.463000,0.464788,0.002452,0.462337,0.329770
17.464000,0.452235,-0.010832,0.463067,0.330053
17.465000,0.439681,-0.024116,0.463797,0.330335
17.466000,0.427127,-0.037400,0.464526,0.330616
17.467000,0.414571,-0.050683,0.465255,0.330897
17.468000,0.402015,-0.063967,0.465983,0.331178
17.469000,0.389459,-0.077251,0.466710,0.331458
17.470000,0.376902,-0.090535,0.467437,0.331738
17.471000,0.364344,-0.103818,0.468163,0.332017
17.472000,0.351786,-0.117102,0.468888,0.332296
17.473000,0.339227,-0.130386,0.469613,0.332575
17.474000,0.326668,-0.143669,0.470337,0.332852
17.475000,0.314108,-0.156952,0.471060,0.333130
17.476000,0.301547,-0.170235,0.471783,0.333407
17.477000,0.288986,-0.183518,0.472505,0.333684
17.478000,0.276425,-0.196801,0.473226,0.333960
17.479000,0.263863,-0.210084,0.473947,0.334235
17.480000,0.251301,-0.223366,0.474667,0.334511
17.481000,0.238738,-0.236648,0.475386,0.334785
17.482000,0.226175,-0.249930,0.476105,0.335060
17.483000,0.213612,-0.263211,0.476823,0.335333
17.484000,0.201048,-0.276492,0.477540,0.335607
17.485000,0.188484,-0.289773,0.478257,0.335880
17.486000,0.175920,-0.303053,0.478973,0.336152
17.487000,0.163356,-0.316333,0.479689,0.336424
17.488000,0.150791,-0.329613,0.480403,0.336696
17.489000,0.138226,-0.342892,0.481117,0.336967
17.490000,0.125660,-0.356170,0.481831,0.337237
17.491000,0.113095,-0.369449,0.482544,0.337507
17.492000,0.100529,-0.382726,0.483256,0.337777
17.493000,0.087963,-0.396003,0.483967,0.338046
17.494000,0.075398,-0.409280,0.484678,0.338315
17.495000,0.062831,-0.422556,0.485388,0.338583
17.496000,0.050265,-0.435832,0.486097,0.338851
17.497000,0.037699,-0.449107,0.486806,0.339118
17.498000,0.025133,-0.462381,0.487514,0.339385
17.499000,0.012566,-0.475655,0.488221,0.339651
17.500000,0.000000,-0.488928,0.488928,0.339917
17.501000,-0.012566,-0.502200,0.489633,0.340183
17.502000,-0.025133,-0.515471,0.490339,0.340448
17.503000,-0.037699,-0.528742,0.491043,0.340712
17.504000,-0.050265,-0.542012,0.491747,0.340976
17.505000,-0.062831,-0.555282,0.492450,0.341240
17.506000,-0.075398,-0.568550,0.493153,0.341503
17.507000,-0.087963,-0.581818,0.493855,0.341765
17.508000,-0.100529,-0.595085,0.494556,0.342027
17.509000,-0.113095,-0.608351,0.495256,0.342289
17.510000,-0.125660,-0.621616,0.495956,0.342550
17.511000,-0.138226,-0.634881,0.496655,0.342811
17.512000,-0.150791,-0.648144,0.497353,0.343071
17.513000,-0.163356,-0.661407,0.498051,0.343331
17.514000,-0.175920,-0.674668,0.498748,0.343590
17.515000,-0.188484,-0.687929,0.499444,0.343849
17.516000,-0.201048,-0.701188,0.500140,0.344107
17.517000,-0.213612,-0.714447,0.500835,0.344365
17.518000,-0.226175,-0.727704,0.501529,0.344622
17.519000,-0.238738,-0.740961,0.502222,0.344879
17.520000,-0.251301,-0.754216,0.502915,0.345135
17.521000,-0.263863,-0.767470,0.503607,0.345391
17.522000,-0.276425,-0.780724,0.504299,0.345646
17.523000,-0.288986,-0.793976,0.504989,0.345901
17.524000,-0.301547,-0.807226,0.505679,0.346156
17.525000,-0.314108,-0.820476,0.506369,0.346409
17.526000,-0.326668,-0.833725,0.507057,0.346663
17.527000,-0.339227,-0.846972,0.507745,0.346916
17.528000,-0.351786,-0.860218,0.508432,0.347168
17.529000,-0.364344,-0.873463,0.509118,0.347420
17.530000,-0.376902,-0.886706,0.509804,0.347672
17.531000,-0.389459,-0.899948,0.510489,0.347923
17.532000,-0.402015,-0.913189,0.511173,0.348173
17.533000,-0.414571,-0.926428,0.511857,0.348423
17.534000,-0.427127,-0.939666,0.512540,0.348672
17.535000,-0.439681,-0.952903,0.513222,0.348921
17.536000,-0.452235,-0.966138,0.513903,0.349170
17.537000,-0.464788,-0.979372,0.514584,0.349418
17.538000,-0.477341,-0.992605,0.515264,0.349665
17.539000,-0.489892,-1.005836,0.515943,0.349912
17.540000,-0.502443,-1.019065,0.516622,0.350159
17.541000,-0.514993,-1.032293,0.517300,0.350405
17.542000,-0.527543,-1.045519,0.517977,0.350650
17.543000,-0.540091,-1.058744,0.518653,0.350895
17.544000,-0.552639,-1.071967,0.519329,0.351140
17.545000,-0.565185,-1.085189,0.520004,0.351384
17.546000,-0.577731,-1.098409,0.520678,0.351627
17.547000,-0.590276,-1.111627,0.521351,0.351870
17.548000,-0.602820,-1.124844,0.522024,0.352113
17.549000,-0.615363,-1.138059,0.522696,0.352355
17.550000,-0.627905,-1.151272,0.523367,0.352596
17.551000,-0.640446,-1.164484,0.524038,0.352837
17.552000,-0.652986,-1.177694,0.524707,0.353078
17.553000,-0.665525,-1.190902,0.525376,0.353318
17.554000,-0.678063,-1.204108,0.526045,0.353557
17.555000,-0.690600,-1.217313,0.526712,0.353796
17.556000,-0.703136,-1.230515,0.527379,0.354035
17.557000,-0.715671,-1.243716,0.528045,0.354272
17.558000,-0.728204,-1.256915,0.528711,0.354510
17.559000,-0.740737,-1.270112,0.529375,0.354747
17.560000,-0.753268,-1.283307,0.530039,0.354983
17.561000,-0.765798,-1.296500,0.530702,0.355219
17.562000,-0.778327,-1.309692,0.531365,0.355455
17.563000,-0.790855,-1.322881,0.532026,0.355689
17.564000,-0.803381,-1.336068,0.532687,0.355924
17.565000,-0.815906,-1.349253,0.533347,0.356158
17.566000,-0.828430,-1.362437,0.534007,0.356391
17.567000,-0.840952,-1.375618,0.534665,0.356624
17.568000,-0.853474,-1.388797,0.535323,0.356856
17.569000,-0.865993,-1.401974,0.535980,0.357088
17.570000,-0.878512,-1.415149,0.536637,0.357319
17.571000,-0.891029,-1.428321,0.537292,0.357550
17.572000,-0.903545,-1.441492,0.537947,0.357780
17.573000,-0.916059,-1.454660,0.538601,0.358010
17.574000,-0.928572,-1.467826,0.539255,0.358239
17.575000,-0.941083,-1.480990,0.539907,0.358468
17.576000,-0.953593,-1.494152,0.540559,0.358696
17.577000,-0.966101,-1.507312,0.541210,0.358924
17.578000,-0.978608,-1.520469,0.541860,0.359151
17.579000,-0.991113,-1.533623,0.542510,0.359377
17.580000,-1.003617,-1.546776,0.543159,0.359603
17.581000,-1.016119,-1.559926,0.543807,0.359829
17.582000,-1.028620,-1.573074,0.544454,0.360054
17.583000,-1.041119,-1.586219,0.545101,0.360278
17.584000,-1.053616,-1.599362,0.545746,0.360502
17.585000,-1.066112,-1.612503,0.546391,0.360726
17.586000,-1.078605,-1.625641,0.547036,0.360949
17.587000,-1.091098,-1.638777,0.547679,0.361171
17.588000,-1.103588,-1.651910,0.548322,0.361393
17.589000,-1.116077,-1.665040,0.548964,0.361614
17.590000,-1.128564,-1.678168,0.549605,0.361835
17.591000,-1.141049,-1.691294,0.550245,0.362055
17.592000,-1.153532,-1.704417,0.550885,0.362275
17.593000,-1.166014,-1.717537,0.551523,0.362494
17.594000,-1.178494,-1.730655,0.552161,0.362713
17.595000,-1.190972,-1.743770,0.552799,0.362931
17.596000,-1.203448,-1.756883,0.553435,0.363149
17.597000,-1.215922,-1.769992,0.554071,0.363366
17.598000,-1.228394,-1.783099,0.554706,0.363582
17.599000,-1.240864,-1.796204,0.555340,0.363798
17.600000,-1.253332,-1.809305,0.555973,0.364014
17.601000,-1.265799,-1.822404,0.556605,0.364229
17.602000,-1.278263,-1.835500,0.557237,0.364443
17.603000,-1.290725,-1.848593,0.557868,0.364657
17.604000,-1.303185,-1.861684,0.558498,0.364870
17.605000,-1.315644,-1.874771,0.559128,0.365083
17.606000,-1.328100,-1.887856,0.559756,0.365295
17.607000,-1.340554,-1.900938,0.560384,0.365507
17.608000,-1.353006,-1.914017,0.561011,0.365718
17.609000,-1.365455,-1.927093,0.561637,0.365929
17.610000,-1.377903,-1.940166,0.562263,0.366139
17.611000,-1.390348,-1.953236,0.562887,0.366349
17.612000,-1.402792,-1.966303,0.563511,0.366558
17.613000,-1.415233,-1.979367,0.564134,0.366766
17.614000,-1.427671,-1.992428,0.564757,0.366974
17.615000,-1.440108,-2.005486,0.565378,0.367181
17.616000,-1.452542,-2.018541,0.565999,0.367388
17.617000,-1.464974,-2.031592,0.566618,0.367595
17.618000,-1.477404,-2.044641,0.567237,0.367800
17.619000,-1.489831,-2.057687,0.567856,0.368005
17.620000,-1.502256,-2.070729,0.568473,0.368210
17.621000,-1.514678,-2.083768,0.569090,0.368414
17.622000,-1.527099,-2.096804,0.569706,0.368618
17.623000,-1.539516,-2.109837,0.570321,0.368821
17.624000,-1.551932,-2.122866,0.570935,0.369023
17.625000,-1.564345,-2.135893,0.571548,0.369225
17.626000,-1.576755,-2.148916,0.572161,0.369426
17.627000,-1.589163,-2.161935,0.572772,0.369627
17.628000,-1.601568,-2.174952,0.573383,0.369827
17.629000,-1.613971,-2.187965,0.573994,0.370027
17.630000,-1.626372,-2.200974,0.574603,0.370226
17.631000,-1.638769,-2.213981,0.575211,0.370425
17.632000,-1.651165,-2.226984,0.575819,0.370623
17.633000,-1.663557,-2.239983,0.576426,0.370820
17.634000,-1.675947,-2.252979,0.577032,0.371017
17.635000,-1.688334,-2.265972,0.577637,0.371214
17.636000,-1.700719,-2.278961,0.578242,0.371409
17.637000,-1.713101,-2.291946,0.578845,0.371605
17.638000,-1.725480,-2.304928,0.579448,0.371799
17.639000,-1.737857,-2.317907,0.580050,0.371993
17.640000,-1.750231,-2.330882,0.580651,0.372187
17.641000,-1.762602,-2.343853,0.581251,0.372380
17.642000,-1.774970,-2.356821,0.581851,0.372572
17.643000,-1.787335,-2.369785,0.582449,0.372764
17.644000,-1.799698,-2.382745,0.583047,0.372956
17.645000,-1.812058,-2.395702,0.583644,0.373146
17.646000,-1.824415,-2.408655,0.584240,0.373337
17.647000,-1.836769,-2.421604,0.584836,0.373526
17.648000,-1.849120,-2.434550,0.585430,0.373715
17.649000,-1.861468,-2.447492,0.586024,0.373904
17.650000,-1.873813,-2.460430,0.586616,0.374092
17.651000,-1.886155,-2.473364,0.587208,0.374279
17.652000,-1.898495,-2.486294,0.587800,0.374466
17.653000,-1.910831,-2.499221,0.588390,0.374652
17.654000,-1.923164,-2.512144,0.588979,0.374838
17.655000,-1.935495,-2.525063,0.589568,0.375023
17.656000,-1.947822,-2.537978,0.590156,0.375207
17.657000,-1.960146,-2.550889,0.590743,0.375391
17.658000,-1.972467,-2.563796,0.591329,0.375575
17.659000,-1.984785,-2.576699,0.591914,0.375758
17.660000,-1.997100,-2.589598,0.592498,0.375940
17.661000,-2.009411,-2.602493,0.593082,0.376121
17.662000,-2.021720,-2.615384,0.593665,0.376303
17.663000,-2.034025,-2.628272,0.594246,0.376483
17.664000,-2.046327,-2.641155,0.594827,0.376663
17.665000,-2.058626,-2.654034,0.595408,0.376842
17.666000,-2.070922,-2.666909,0.595987,0.377021
17.667000,-2.083214,-2.679779,0.596565,0.377199
17.668000,-2.095503,-2.692646,0.597143,0.377377
17.669000,-2.107789,-2.705508,0.597720,0.377554
17.670000,-2.120071,-2.718367,0.598295,0.377731
17.671000,-2.132350,-2.731221,0.598870,0.377907
17.672000,-2.144626,-2.744070,0.599445,0.378082
17.673000,-2.156898,-2.756916,0.600018,0.378257
17.674000,-2.169167,-2.769757,0.600590,0.378431
17.675000,-2.181432,-2.782594,0.601162,0.378605
17.676000,-2.193694,-2.795427,0.601733,0.378778
17.677000,-2.205953,-2.808255,0.602303,0.378950
17.678000,-2.218208,-2.821080,0.602872,0.379122
17.679000,-2.230460,-2.833899,0.603440,0.379293
17.680000,-2.242708,-2.846714,0.604007,0.379464
17.681000,-2.254952,-2.859525,0.604573,0.379634
17.682000,-2.267193,-2.872332,0.605139,0.379804
17.683000,-2.279430,-2.885134,0.605703,0.379973
17.684000,-2.291664,-2.897931,0.606267,0.380141
17.685000,-2.303894,-2.910724,0.606830,0.380309
17.686000,-2.316121,-2.923513,0.607392,0.380476
17.687000,-2.328344,-2.936297,0.607953,0.380642
17.688000,-2.340563,-2.949076,0.608514,0.380809
17.689000,-2.352778,-2.961851,0.609073,0.380974
17.690000,-2.364990,-2.974621,0.609632,0.381139
17.691000,-2.377198,-2.987387,0.610189,0.381303
17.692000,-2.389402,-3.000148,0.610746,0.381467
17.693000,-2.401603,-3.012905,0.611302,0.381630
17.694000,-2.413799,-3.025656,0.611857,0.381792
17.695000,-2.425992,-3.038403,0.612411,0.381954
17.696000,-2.438181,-3.051146,0.612964,0.382116
17.697000,-2.450367,-3.063883,0.613517,0.382276
17.698000,-2.462548,-3.076616,0.614068,0.382436
17.699000,-2.474725,-3.089344,0.614619,0.382596
17.700000,-2.486899,-3.102067,0.615168,0.382755
17.701000,-2.499068,-3.114786,0.615717,0.382913
17.702000,-2.511234,-3.127499,0.616265,0.383071
17.703000,-2.523396,-3.140208,0.616812,0.383228
17.704000,-2.535554,-3.152912,0.617358,0.383385
17.705000,-2.547707,-3.165611,0.617904,0.383541
17.706000,-2.559857,-3.178305,0.618448,0.383696
17.707000,-2.572003,-3.190994,0.618991,0.383851
17.708000,-2.584144,-3.203678,0.619534,0.384005
17.709000,-2.596282,-3.216357,0.620076,0.384158
17.710000,-2.608415,-3.229031,0.620616,0.384311
17.711000,-2.620544,-3.241701,0.621156,0.384464
17.712000,-2.632669,-3.254365,0.621695,0.384616
17.713000,-2.644790,-3.267024,0.622233,0.384767
17.714000,-2.656907,-3.279678,0.622771,0.384917
17.715000,-2.669020,-3.292327,0.623307,0.385067
17.716000,-2.681128,-3.304970,0.623842,0.385217
17.717000,-2.693232,-3.317609,0.624377,0.385365
17.718000,-2.705332,-3.330243,0.624910,0.385514
17.719000,-2.717428,-3.342871,0.625443,0.385661
17.720000,-2.729519,-3.355494,0.625975,0.385808
17.721000,-2.741606,-3.368112,0.626505,0.385954
17.722000,-2.753689,-3.380724,0.627035,0.386100
17.723000,-2.765767,-3.393332,0.627564,0.386245
17.724000,-2.777841,-3.405934,0.628092,0.386390
17.725000,-2.789911,-3.418531,0.628620,0.386534
17.726000,-2.801976,-3.431122,0.629146,0.386677
17.727000,-2.814037,-3.443708,0.629671,0.386820
17.728000,-2.826093,-3.456289,0.630196,0.386962
17.729000,-2.838145,-3.468865,0.630719,0.387104
17.730000,-2.850193,-3.481435,0.631242,0.387244
17.731000,-2.862236,-3.493999,0.631764,0.387385
17.732000,-2.874274,-3.506558,0.632284,0.387524
17.733000,-2.886308,-3.519112,0.632804,0.387663
17.734000,-2.898337,-3.531660,0.633323,0.387802
17.735000,-2.910362,-3.544203,0.633841,0.387940
17.736000,-2.922382,-3.556740,0.634358,0.388077
17.737000,-2.934397,-3.569272,0.634874,0.388214
17.738000,-2.946408,-3.581798,0.635390,0.388350
17.739000,-2.958414,-3.594318,0.635904,0.388485
17.740000,-2.970416,-3.606833,0.636417,0.388620
17.741000,-2.982413,-3.619343,0.636930,0.388754
17.742000,-2.994405,-3.631846,0.637441,0.388887
17.743000,-3.006392,-3.644344,0.637952,0.389020
17.744000,-3.018375,-3.656836,0.638462,0.389153
17.745000,-3.030353,-3.669323,0.638970,0.389284
17.746000,-3.042326,-3.681804,0.639478,0.389415
17.747000,-3.054294,-3.694279,0.639985,0.389546
17.748000,-3.066258,-3.706748,0.640491,0.389676
17.749000,-3.078216,-3.719212,0.640996,0.389805
17.750000,-3.090170,-3.731670,0.641500,0.389934
17.751000,-3.102119,-3.744122,0.642003,0.390062
17.752000,-3.114063,-3.756568,0.642505,0.390189
17.753000,-3.126002,-3.769008,0.643006,0.390316
17.754000,-3.137936,-3.781443,0.643507,0.390442
17.755000,-3.149865,-3.793871,0.644006,0.390567
17.756000,-3.161789,-3.806294,0.644505,0.390692
17.757000,-3.173709,-3.818711,0.645002,0.390817
17.758000,-3.185623,-3.831121,0.645499,0.390940
17.759000,-3.197532,-3.843526,0.645994,0.391063
17.760000,-3.209436,-3.855925,0.646489,0.391186
17.761000,-3.221335,-3.868318,0.646982,0.391307
17.762000,-3.233229,-3.880704,0.647475,0.391429
17.763000,-3.245118,-3.893085,0.647967,0.391549
17.764000,-3.257002,-3.905459,0.648458,0.391669
17.765000,-3.268880,-3.917828,0.648948,0.391788
17.766000,-3.280754,-3.930190,0.649436,0.391907
17.767000,-3.292622,-3.942546,0.649924,0.392025
17.768000,-3.304485,-3.954896,0.650411,0.392142
17.769000,-3.316343,-3.967240,0.650897,0.392259
17.770000,-3.328195,-3.979578,0.651383,0.392375
17.771000,-3.340043,-3.991909,0.651867,0.392491
17.772000,-3.351885,-4.004235,0.652350,0.392606
17.773000,-3.363722,-4.016554,0.652832,0.392720
17.774000,-3.375553,-4.028866,0.653313,0.392834
17.775000,-3.387379,-4.041173,0.653794,0.392947
17.776000,-3.399200,-4.053473,0.654273,0.393059
17.777000,-3.411015,-4.065767,0.654751,0.393171
17.778000,-3.422825,-4.078054,0.655229,0.393282
17.779000,-3.434630,-4.090335,0.655705,0.393392
17.780000,-3.446429,-4.102610,0.656180,0.393502
17.781000,-3.458223,-4.114878,0.656655,0.393611
17.782000,-3.470011,-4.127140,0.657128,0.393720
17.783000,-3.481794,-4.139395,0.657601,0.393828
17.784000,-3.493571,-4.151644,0.658073,0.393935
17.785000,-3.505343,-4.163886,0.658543,0.394042
17.786000,-3.517109,-4.176122,0.659013,0.394148
17.787000,-3.528870,-4.188352,0.659481,0.394253
17.788000,-3.540625,-4.200574,0.659949,0.394358
17.789000,-3.552375,-4.212791,0.660416,0.394462
17.790000,-3.564119,-4.225000,0.660882,0.394566
17.791000,-3.575857,-4.237203,0.661346,0.394668
17.792000,-3.587590,-4.249400,0.661810,0.394771
17.793000,-3.599317,-4.261590,0.662273,0.394872
17.794000,-3.611038,-4.273773,0.662735,0.394973
17.795000,-3.622754,-4.285949,0.663196,0.395073
17.796000,-3.634464,-4.298119,0.663655,0.395173
17.797000,-3.646168,-4.310282,0.664114,0.395272
17.798000,-3.657866,-4.322438,0.664572,0.395371
17.799000,-3.669559,-4.334588,0.665029,0.395468
17.800000,-3.681246,-4.346730,0.665485,0.395565
17.801000,-3.692927,-4.358866,0.665940,0.395662
17.802000,-3.704602,-4.370995,0.666394,0.395758
17.803000,-3.716271,-4.383118,0.666847,0.395853
17.804000,-3.727934,-4.395233,0.667299,0.395947
17.805000,-3.739592,-4.407342,0.667750,0.396041
17.806000,-3.751244,-4.419443,0.668199,0.396135
17.807000,-3.762889,-4.431538,0.668648,0.396227
17.808000,-3.774529,-4.443626,0.669096,0.396319
17.809000,-3.786163,-4.455706,0.669543,0.396411
17.810000,-3.797791,-4.467780,0.669989,0.396501
17.811000,-3.809413,-4.479847,0.670434,0.396591
17.812000,-3.821029,-4.491907,0.670878,0.396681
17.813000,-3.832638,-4.503960,0.671321,0.396769
17.814000,-3.844242,-4.516006,0.671763,0.396858
17.815000,-3.855840,-4.528044,0.672204,0.396945
17.816000,-3.867432,-4.540076,0.672644,0.397032
17.817000,-3.879017,-4.552100,0.673083,0.397118
17.818000,-3.890596,-4.564118,0.673521,0.397203
17.819000,-3.902170,-4.576128,0.673958,0.397288
17.820000,-3.913737,-4.588131,0.674394,0.397373
17.821000,-3.925298,-4.600127,0.674829,0.397456
17.822000,-3.936852,-4.612115,0.675263,0.397539
17.823000,-3.948401,-4.624097,0.675696,0.397621
17.824000,-3.959943,-4.636071,0.676128,0.397703
17.825000,-3.971479,-4.648038,0.676559,0.397784
17.826000,-3.983009,-4.659997,0.676989,0.397864
17.827000,-3.994532,-4.671950,0.677418,0.397944
17.828000,-4.006049,-4.683895,0.677845,0.398023
17.829000,-4.017560,-4.695832,0.678272,0.398101
17.830000,-4.029064,-4.707763,0.678698,0.398179
17.831000,-4.040562,-4.719685,0.679123,0.398256
17.832000,-4.052054,-4.731601,0.679547,0.398333
17.833000,-4.063539,-4.743509,0.679970,0.398408
17.834000,-4.075018,-4.755410,0.680391,0.398483
17.835000,-4.086491,-4.767303,0.680812,0.398558
17.836000,-4.097957,-4.779189,0.681232,0.398632
17.837000,-4.109416,-4.791067,0.681651,0.398705
17.838000,-4.120869,-4.802938,0.682068,0.398777
17.839000,-4.132316,-4.814801,0.682485,0.398849
17.840000,-4.143756,-4.826656,0.682901,0.398920
17.841000,-4.155189,-4.838504,0.683315,0.398991
17.842000,-4.166616,-4.850345,0.683729,0.399061
17.843000,-4.178036,-4.862178,0.684141,0.399130
17.844000,-4.189450,-4.874003,0.684553,0.399199
17.845000,-4.200857,-4.885821,0.684963,0.399266
17.846000,-4.212258,-4.897631,0.685373,0.399334
17.847000,-4.223652,-4.909433,0.685781,0.399400
17.848000,-4.235039,-4.921227,0.686189,0.399466
17.849000,-4.246419,-4.933014,0.686595,0.399531
17.850000,-4.257793,-4.944793,0.687000,0.399596
17.851000,-4.269160,-4.956565,0.687405,0.399660
17.852000,-4.280520,-4.968328,0.687808,0.399723
17.853000,-4.291874,-4.980084,0.688210,0.399786
17.854000,-4.303221,-4.991832,0.688612,0.399848
17.855000,-4.314560,-5.003572,0.689012,0.399909
17.856000,-4.325894,-5.015304,0.689411,0.399970
17.857000,-4.337220,-5.027029,0.689809,0.400030
17.858000,-4.348539,-5.038745,0.690206,0.400089
17.859000,-4.359852,-5.050454,0.690602,0.400148
17.860000,-4.371158,-5.062155,0.690997,0.400206
17.861000,-4.382456,-5.073847,0.691391,0.400263
17.862000,-4.393748,-5.085532,0.691784,0.400320
17.863000,-4.405033,-5.097209,0.692175,0.400376
17.864000,-4.416311,-5.108878,0.692566,0.400431
17.865000,-4.427582,-5.120538,0.692956,0.400486
17.866000,-4.438846,-5.132191,0.693345,0.400540
17.867000,-4.450103,-5.143836,0.693732,0.400594
17.868000,-4.461353,-5.155472,0.694119,0.400646
17.869000,-4.472596,-5.167101,0.694504,0.400698
17.870000,-4.483832,-5.178721,0.694889,0.400750
17.871000,-4.495061,-5.190333,0.695272,0.400800
17.872000,-4.506283,-5.201937,0.695655,0.400850
17.873000,-4.517497,-5.213533,0.696036,0.400900
17.874000,-4.528705,-5.225121,0.696416,0.400949
17.875000,-4.539905,-5.236701,0.696796,0.400997
17.876000,-4.551098,-5.248272,0.697174,0.401044
17.877000,-4.562284,-5.259835,0.697551,0.401091
17.878000,-4.573463,-5.271390,0.697927,0.401137
17.879000,-4.584634,-5.282936,0.698302,0.401182
17.880000,-4.595799,-5.294474,0.698676,0.401227
17.881000,-4.606956,-5.306004,0.699049,0.401271
17.882000,-4.618105,-5.317526,0.699420,0.401314
17.883000,-4.629248,-5.329039,0.699791,0.401357
17.884000,-4.640383,-5.340544,0.700161,0.401399
17.885000,-4.651511,-5.352040,0.700529,0.401441
17.886000,-4.662631,-5.363528,0.700897,0.401481
17.887000,-4.673744,-5.375008,0.701263,0.401521
17.888000,-4.684850,-5.386479,0.701629,0.401561
17.889000,-4.695948,-5.397941,0.701993,0.401599
17.890000,-4.707039,-5.409396,0.702356,0.401638
17.891000,-4.718123,-5.420841,0.702719,0.401675
17.892000,-4.729199,-5.432278,0.703080,0.401712
17.893000,-4.740267,-5.443707,0.703440,0.401748
17.894000,-4.751328,-5.455127,0.703799,0.401783
17.895000,-4.762382,-5.466539,0.704157,0.401818
17.896000,-4.773428,-5.477942,0.704513,0.401852
17.897000,-4.784467,-5.489336,0.704869,0.401885
17.898000,-4.795498,-5.500721,0.705224,0.401918
17.899000,-4.806521,-5.512098,0.705577,0.401950
17.900000,-4.817537,-5.523467,0.705930,0.401981
17.901000,-4.828545,-5.534826,0.706281,0.402012
17.902000,-4.839545,-5.546177,0.706632,0.402042
17.903000,-4.850538,-5.557520,0.706981,0.402071
17.904000,-4.861524,-5.568853,0.707329,0.402100
17.905000,-4.872501,-5.580178,0.707676,0.402128
17.906000,-4.883471,-5.591494,0.708022,0.402155
17.907000,-4.894433,-5.602801,0.708367,0.402182
17.908000,-4.905388,-5.614099,0.708711,0.402208
17.909000,-4.916334,-5.625389,0.709054,0.402233
17.910000,-4.927273,-5.636669,0.709396,0.402257
17.911000,-4.938205,-5.647941,0.709736,0.402281
17.912000,-4.949128,-5.659204,0.710076,0.402305
17.913000,-4.960043,-5.670458,0.710414,0.402327
17.914000,-4.970951,-5.681703,0.710752,0.402349
17.915000,-4.981851,-5.692939,0.711088,0.402370
17.916000,-4.992743,-5.704166,0.711423,0.402391
17.917000,-5.003627,-5.715384,0.711757,0.402411
17.918000,-5.014503,-5.726594,0.712090,0.402430
17.919000,-5.025372,-5.737794,0.712422,0.402449
17.920000,-5.036232,-5.748985,0.712753,0.402466
17.921000,-5.047084,-5.760167,0.713083,0.402484
17.922000,-5.057929,-5.771340,0.713411,0.402500
17.923000,-5.068765,-5.782504,0.713739,0.402516
17.924000,-5.079594,-5.793659,0.714065,0.402531
17.925000,-5.090414,-5.804805,0.714390,0.402546
17.926000,-5.101227,-5.815941,0.714715,0.402559
17.927000,-5.112031,-5.827069,0.715038,0.402572
17.928000,-5.122827,-5.838187,0.715360,0.402585
17.929000,-5.133615,-5.849296,0.715681,0.402597
17.930000,-5.144395,-5.860396,0.716001,0.402608
17.931000,-5.155167,-5.871487,0.716319,0.402618
17.932000,-5.165931,-5.882568,0.716637,0.402628
17.933000,-5.176687,-5.893640,0.716953,0.402637
17.934000,-5.187434,-5.904703,0.717269,0.402645
17.935000,-5.198173,-5.915757,0.717583,0.402653
17.936000,-5.208904,-5.926801,0.717896,0.402660
17.937000,-5.219627,-5.937836,0.718208,0.402666
17.938000,-5.230342,-5.948861,0.718519,0.402672
17.939000,-5.241048,-5.959877,0.718829,0.402677
17.940000,-5.251746,-5.970884,0.719138,0.402681
17.941000,-5.262436,-5.981882,0.719446,0.402685
17.942000,-5.273118,-5.992870,0.719752,0.402688
17.943000,-5.283791,-6.003848,0.720058,0.402690
17.944000,-5.294455,-6.014817,0.720362,0.402692
17.945000,-5.305112,-6.025777,0.720665,0.402693
17.946000,-5.315760,-6.036727,0.720967,0.402693
17.947000,-5.326400,-6.047668,0.721268,0.402692
17.948000,-5.337031,-6.058599,0.721568,0.402691
17.949000,-5.347654,-6.069520,0.721867,0.402689
17.950000,-5.358268,-6.080432,0.722164,0.402687
17.951000,-5.368874,-6.091335,0.722461,0.402684
17.952000,-5.379471,-6.102227,0.722756,0.402680
17.953000,-5.390060,-6.113111,0.723050,0.402675
17.954000,-5.400641,-6.123984,0.723343,0.402670
17.955000,-5.411213,-6.134848,0.723635,0.402664
17.956000,-5.421776,-6.145702,0.723926,0.402657
17.957000,-5.432331,-6.156547,0.724216,0.402650
17.958000,-5.442877,-6.167382,0.724505,0.402642
17.959000,-5.453414,-6.178207,0.724792,0.402634
17.960000,-5.463943,-6.189022,0.725079,0.402624
17.961000,-5.474464,-6.199828,0.725364,0.402614
17.962000,-5.484976,-6.210624,0.725648,0.402604
17.963000,-5.495479,-6.221410,0.725931,0.402592
17.964000,-5.505973,-6.232186,0.726213,0.402580
17.965000,-5.516459,-6.242952,0.726494,0.402567
17.966000,-5.526936,-6.253709,0.726773,0.402554
17.967000,-5.537404,-6.264456,0.727052,0.402540
17.968000,-5.547863,-6.275193,0.727329,0.402525
17.969000,-5.558314,-6.285920,0.727605,0.402510
17.970000,-5.568756,-6.296637,0.727881,0.402494
17.971000,-5.579189,-6.307344,0.728154,0.402477
17.972000,-5.589614,-6.318041,0.728427,0.402459
17.973000,-5.600029,-6.328728,0.728699,0.402441
17.974000,-5.610436,-6.339406,0.728970,0.402422
17.975000,-5.620834,-6.350073,0.729239,0.402403
17.976000,-5.631223,-6.360730,0.729507,0.402382
17.977000,-5.641603,-6.371377,0.729774,0.402361
17.978000,-5.651974,-6.382014,0.730040,0.402340
17.979000,-5.662336,-6.392642,0.730305,0.402318
17.980000,-5.672689,-6.403259,0.730569,0.402295
17.981000,-5.683034,-6.413865,0.730832,0.402271
17.982000,-5.693369,-6.424462,0.731093,0.402247
17.983000,-5.703696,-6.435049,0.731353,0.402222
17.984000,-5.714013,-6.445626,0.731613,0.402196
17.985000,-5.724321,-6.456192,0.731871,0.402169
17.986000,-5.734621,-6.466748,0.732128,0.402142
17.987000,-5.744911,-6.477294,0.732383,0.402115
17.988000,-5.755192,-6.487830,0.732638,0.402086
17.989000,-5.765464,-6.498355,0.732891,0.402057
17.990000,-5.775727,-6.508871,0.733144,0.402027
17.991000,-5.785981,-6.519376,0.733395,0.401997
17.992000,-5.796226,-6.529870,0.733645,0.401965
17.993000,-5.806461,-6.540355,0.733894,0.401934
17.994000,-5.816688,-6.550829,0.734141,0.401901
17.995000,-5.826905,-6.561293,0.734388,0.401868
17.996000,-5.837113,-6.571746,0.734633,0.401834
17.997000,-5.847312,-6.582189,0.734878,0.401799
17.998000,-5.857501,-6.592622,0.735121,0.401764
17.999000,-5.867681,-6.603044,0.735363,0.401728
18.000000,-5.877853,-6.613456,0.735603,0.401691
18.001000,-5.888014,-6.623857,0.735843,0.401654
18.002000,-5.898167,-6.634248,0.736082,0.401616
18.003000,-5.908310,-6.644629,0.736319,0.401577
18.004000,-5.918444,-6.654999,0.736555,0.401538
18.005000,-5.928568,-6.665358,0.736790,0.401498
18.006000,-5.938683,-6.675707,0.737024,0.401457
18.007000,-5.948789,-6.686046,0.737257,0.401415
18.008000,-5.958885,-6.696374,0.737488,0.401373
18.009000,-5.968972,-6.706691,0.737719,0.401331
18.010000,-5.979050,-6.716998,0.737948,0.401287
18.011000,-5.989118,-6.727294,0.738176,0.401243
18.012000,-5.999177,-6.737579,0.738403,0.401198
18.013000,-6.009226,-6.747854,0.738629,0.401152
18.014000,-6.019265,-6.758118,0.738853,0.401106
18.015000,-6.029295,-6.768372,0.739077,0.401059
18.016000,-6.039316,-6.778615,0.739299,0.401012
18.017000,-6.049327,-6.788847,0.739520,0.400963
18.018000,-6.059329,-6.799069,0.739740,0.400914
18.019000,-6.069321,-6.809279,0.739959,0.400865
18.020000,-6.079303,-6.819479,0.740176,0.400814
18.021000,-6.089276,-6.829668,0.740393,0.400763
18.022000,-6.099239,-6.839847,0.740608,0.400711
18.023000,-6.109192,-6.850015,0.740822,0.400659
18.024000,-6.119136,-6.860171,0.741035,0.400606
18.025000,-6.129071,-6.870317,0.741247,0.400552
18.026000,-6.138995,-6.880452,0.741457,0.400498
18.027000,-6.148910,-6.890577,0.741667,0.400442
18.028000,-6.158815,-6.900690,0.741875,0.400387
18.029000,-6.168710,-6.910793,0.742082,0.400330
18.030000,-6.178596,-6.920884,0.742288,0.400273
18.031000,-6.188472,-6.930965,0.742493,0.400215
18.032000,-6.198338,-6.941035,0.742696,0.400156
18.033000,-6.208195,-6.951093,0.742899,0.400097
18.034000,-6.218041,-6.961141,0.743100,0.400037
18.035000,-6.227878,-6.971178,0.743300,0.399976
18.036000,-6.237705,-6.981204,0.743499,0.399915
18.037000,-6.247522,-6.991218,0.743697,0.399853
18.038000,-6.257329,-7.001222,0.743893,0.399790
18.039000,-6.267126,-7.011215,0.744088,0.399727
18.040000,-6.276914,-7.021196,0.744283,0.399663
18.041000,-6.286691,-7.031167,0.744476,0.399598
18.042000,-6.296459,-7.041126,0.744667,0.399533
18.043000,-6.306216,-7.051074,0.744858,0.399467
18.044000,-6.315964,-7.061011,0.745047,0.399400
18.045000,-6.325702,-7.070937,0.745236,0.399332
18.046000,-6.335429,-7.080852,0.745423,0.399264
18.047000,-6.345147,-7.090756,0.745609,0.399195
18.048000,-6.354855,-7.100648,0.745793,0.399126
18.049000,-6.364552,-7.110529,0.745977,0.399056
18.050000,-6.374240,-7.120399,0.746159,0.398985
18.051000,-6.383917,-7.130258,0.746340,0.398913
18.052000,-6.393585,-7.140105,0.746520,0.398841
18.053000,-6.403242,-7.149941,0.746699,0.398768
18.054000,-6.412889,-7.159766,0.746877,0.398694
18.055000,-6.422527,-7.169580,0.747053,0.398620
18.056000,-6.432153,-7.179382,0.747228,0.398545
18.057000,-6.441770,-7.189173,0.747402,0.398469
18.058000,-6.451377,-7.198952,0.747575,0.398393
18.059000,-6.460973,-7.208720,0.747747,0.398316
18.060000,-6.470560,-7.218477,0.747918,0.398238
18.061000,-6.480136,-7.228222,0.748087,0.398160
18.062000,-6.489701,-7.237956,0.748255,0.398081
18.063000,-6.499257,-7.247679,0.748422,0.398001
18.064000,-6.508802,-7.257390,0.748588,0.397920
18.065000,-6.518337,-7.267089,0.748752,0.397839
18.066000,-6.527862,-7.276777,0.748915,0.397757
18.067000,-6.537376,-7.286454,0.749078,0.397675
18.068000,-6.546880,-7.296119,0.749239,0.397592
18.069000,-6.556374,-7.305772,0.749398,0.397508
18.070000,-6.565858,-7.315414,0.749557,0.397423
18.071000,-6.575331,-7.325045,0.749714,0.397338
18.072000,-6.584793,-7.334664,0.749870,0.397252
18.073000,-6.594245,-7.344271,0.750025,0.397165
18.074000,-6.603687,-7.353866,0.750179,0.397078
18.075000,-6.613119,-7.363450,0.750332,0.396990
18.076000,-6.622540,-7.373023,0.750483,0.396902
18.077000,-6.631950,-7.382583,0.750633,0.396812
18.078000,-6.641350,-7.392132,0.750782,0.396722
18.079000,-6.650740,-7.401670,0.750930,0.396631
18.080000,-6.660119,-7.411195,0.751077,0.396540
18.081000,-6.669487,-7.420709,0.751222,0.396448
18.082000,-6.678845,-7.430211,0.751366,0.396355
18.083000,-6.688193,-7.439702,0.751509,0.396262
18.084000,-6.697529,-7.449181,0.751651,0.396168
18.085000,-6.706856,-7.458647,0.751792,0.396073
18.086000,-6.716171,-7.468103,0.751931,0.395978
18.087000,-6.725477,-7.477546,0.752069,0.395881
18.088000,-6.734771,-7.486977,0.752206,0.395785
18.089000,-6.744055,-7.496397,0.752342,0.395687
18.090000,-6.753328,-7.505805,0.752477,0.395589
18.091000,-6.762591,-7.515201,0.752610,0.395490
18.092000,-6.771842,-7.524585,0.752742,0.395391
18.093000,-6.781084,-7.533957,0.752873,0.395290
18.094000,-6.790314,-7.543317,0.753003,0.395189
18.095000,-6.799534,-7.552665,0.753132,0.395088
18.096000,-6.808743,-7.562002,0.753259,0.394986
18.097000,-6.817941,-7.571326,0.753385,0.394883
18.098000,-6.827128,-7.580638,0.753510,0.394779
18.099000,-6.836305,-7.589939,0.753634,0.394675
18.100000,-6.845471,-7.599227,0.753756,0.394570
18.101000,-6.854626,-7.608504,0.753878,0.394464
18.102000,-6.863770,-7.617768,0.753998,0.394358
18.103000,-6.872904,-7.627020,0.754117,0.394251
18.104000,-6.882026,-7.636261,0.754234,0.394143
18.105000,-6.891138,-7.645489,0.754351,0.394035
18.106000,-6.900239,-7.654705,0.754466,0.393926
18.107000,-6.909329,-7.663909,0.754580,0.393816
18.108000,-6.918408,-7.673101,0.754693,0.393706
18.109000,-6.927476,-7.682280,0.754804,0.393595
18.110000,-6.936533,-7.691448,0.754915,0.393483
18.111000,-6.945579,-7.700603,0.755024,0.393370
18.112000,-6.954614,-7.709747,0.755132,0.393257
18.113000,-6.963639,-7.718878,0.755239,0.393144
18.114000,-6.972652,-7.727996,0.755344,0.393029
18.115000,-6.981654,-7.737103,0.755449,0.392914
18.116000,-6.990645,-7.746197,0.755552,0.392798
18.117000,-6.999626,-7.755279,0.755654,0.392682
18.118000,-7.008595,-7.764349,0.755755,0.392565
18.119000,-7.017553,-7.773407,0.755854,0.392447
18.120000,-7.026500,-7.782452,0.755952,0.392328
18.121000,-7.035436,-7.791485,0.756049,0.392209
18.122000,-7.044360,-7.800506,0.756145,0.392089
18.123000,-7.053274,-7.809514,0.756240,0.391969
18.124000,-7.062176,-7.818510,0.756333,0.391848
18.125000,-7.071068,-7.827493,0.756425,0.391726
18.126000,-7.079948,-7.836464,0.756516,0.391603
18.127000,-7.088817,-7.845423,0.756606,0.391480
18.128000,-7.097675,-7.854370,0.756695,0.391356
18.129000,-7.106521,-7.863303,0.756782,0.391232
18.130000,-7.115357,-7.872225,0.756868,0.391107
18.131000,-7.124181,-7.881134,0.756953,0.390981
18.132000,-7.132994,-7.890030,0.757037,0.390854
18.133000,-7.141795,-7.898915,0.757119,0.390727
18.134000,-7.150586,-7.907786,0.757200,0.390599
18.135000,-7.159365,-7.916645,0.757280,0.390470
18.136000,-7.168133,-7.925492,0.757359,0.390341
18.137000,-7.176889,-7.934326,0.757437,0.390211
18.138000,-7.185634,-7.943147,0.757513,0.390081
18.139000,-7.194368,-7.951956,0.757588,0.389949
18.140000,-7.203090,-7.960752,0.757662,0.389817
18.141000,-7.211801,-7.969536,0.757735,0.389685
18.142000,-7.220501,-7.978307,0.757806,0.389552
18.143000,-7.229189,-7.987065,0.757876,0.389418
18.144000,-7.237866,-7.995811,0.757945,0.389283
18.145000,-7.246531,-8.004544,0.758013,0.389148
18.146000,-7.255185,-8.013265,0.758080,0.389012
18.147000,-7.263828,-8.021973,0.758145,0.388875
18.148000,-7.272459,-8.030668,0.758209,0.388738
18.149000,-7.281078,-8.039350,0.758272,0.388600
18.150000,-7.289686,-8.048020,0.758333,0.388461
18.151000,-7.298283,-8.056677,0.758394,0.388322
18.152000,-7.306868,-8.065321,0.758453,0.388182
18.153000,-7.315441,-8.073952,0.758511,0.388042
18.154000,-7.324003,-8.082571,0.758568,0.387900
18.155000,-7.332553,-8.091177,0.758623,0.387758
18.156000,-7.341092,-8.099770,0.758677,0.387616
18.157000,-7.349619,-8.108350,0.758730,0.387473
18.158000,-7.358135,-8.116917,0.758782,0.387329
18.159000,-7.366639,-8.125472,0.758833,0.387184
18.160000,-7.375131,-8.134013,0.758882,0.387039
18.161000,-7.383612,-8.142542,0.758930,0.386893
18.162000,-7.392081,-8.151058,0.758977,0.386746
18.163000,-7.400538,-8.159561,0.759023,0.386599
18.164000,-7.408984,-8.168051,0.759067,0.386451
18.165000,-7.417418,-8.176528,0.759111,0.386302
18.166000,-7.425840,-8.184992,0.759152,0.386153
18.167000,-7.434250,-8.193444,0.759193,0.386003
18.168000,-7.442649,-8.201882,0.759233,0.385853
18.169000,-7.451036,-8.210307,0.759271,0.385702
18.170000,-7.459411,-8.218720,0.759308,0.385550
18.171000,-7.467775,-8.227119,0.759344,0.385397
18.172000,-7.476127,-8.235505,0.759378,0.385244
18.173000,-7.484466,-8.243878,0.759412,0.385090
18.174000,-7.492794,-8.252238,0.759444,0.384935
18.175000,-7.501111,-8.260585,0.759475,0.384780
18.176000,-7.509415,-8.268920,0.759504,0.384624
18.177000,-7.517708,-8.277240,0.759533,0.384468
18.178000,-7.525988,-8.285548,0.759560,0.384311
18.179000,-7.534257,-8.293843,0.759586,0.384153
18.180000,-7.542514,-8.302125,0.759611,0.383994
18.181000,-7.550759,-8.310393,0.759634,0.383835
18.182000,-7.558992,-8.318648,0.759656,0.383675
18.183000,-7.567213,-8.326890,0.759677,0.383515
18.184000,-7.575422,-8.335119,0.759697,0.383354
18.185000,-7.583619,-8.343335,0.759716,0.383192
18.186000,-7.591804,-8.351537,0.759733,0.383030
18.187000,-7.599978,-8.359727,0.759749,0.382867
18.188000,-7.608139,-8.367903,0.759764,0.382703
18.189000,-7.616288,-8.376066,0.759778,0.382538
18.190000,-7.624425,-8.384215,0.759790,0.382373
18.191000,-7.632550,-8.392351,0.759801,0.382208
18.192000,-7.640663,-8.400474,0.759811,0.382041
18.193000,-7.648764,-8.408584,0.759820,0.381874
18.194000,-7.656853,-8.416680,0.759827,0.381707
18.195000,-7.664930,-8.424763,0.759833,0.381538
18.196000,-7.672995,-8.432833,0.759838,0.381369
18.197000,-7.681047,-8.440889,0.759842,0.381200
18.198000,-7.689088,-8.448932,0.759844,0.381029
18.199000,-7.697116,-8.456962,0.759846,0.380858
18.200000,-7.705132,-8.464978,0.759846,0.380687
18.201000,-7.713136,-8.472981,0.759844,0.380515
18.202000,-7.721128,-8.480970,0.759842,0.380342
18.203000,-7.729108,-8.488946,0.759838,0.380168
18.204000,-7.737075,-8.496909,0.759833,0.379994
18.205000,-7.745031,-8.504858,0.759827,0.379819
18.206000,-7.752974,-8.512793,0.759820,0.379644
18.207000,-7.760904,-8.520715,0.759811,0.379468
18.208000,-7.768823,-8.528624,0.759801,0.379291
18.209000,-7.776729,-8.536519,0.759790,0.379113
18.210000,-7.784623,-8.544400,0.759777,0.378935
18.211000,-7.792505,-8.552268,0.759764,0.378756
18.212000,-7.800374,-8.560123,0.759749,0.378577
18.213000,-7.808231,-8.567964,0.759733,0.378397
18.214000,-7.816076,-8.575791,0.759715,0.378216
18.215000,-7.823908,-8.583605,0.759697,0.378035
18.216000,-7.831728,-8.591405,0.759677,0.377853
18.217000,-7.839536,-8.599192,0.759656,0.377670
18.218000,-7.847331,-8.606965,0.759634,0.377487
18.219000,-7.855114,-8.614724,0.759610,0.377303
18.220000,-7.862884,-8.622470,0.759585,0.377119
18.221000,-7.870642,-8.630202,0.759559,0.376934
18.222000,-7.878388,-8.637920,0.759532,0.376748
18.223000,-7.886121,-8.645625,0.759503,0.376561
18.224000,-7.893842,-8.653316,0.759474,0.376374
18.225000,-7.901550,-8.660993,0.759443,0.376186
18.226000,-7.909246,-8.668656,0.759410,0.375998
18.227000,-7.916929,-8.676306,0.759377,0.375809
18.228000,-7.924600,-8.683942,0.759342,0.375619
18.229000,-7.932258,-8.691564,0.759306,0.375429
18.230000,-7.939904,-8.699173,0.759269,0.375238
18.231000,-7.947537,-8.706768,0.759231,0.375046
18.232000,-7.955158,-8.714349,0.759191,0.374854
18.233000,-7.962766,-8.721916,0.759150,0.374661
18.234000,-7.970361,-8.729469,0.759108,0.374468
18.235000,-7.977944,-8.737009,0.759064,0.374274
18.236000,-7.985515,-8.744534,0.759020,0.374079
18.237000,-7.993072,-8.752046,0.758974,0.373883
18.238000,-8.000618,-8.759544,0.758927,0.373687
18.239000,-8.008150,-8.767028,0.758878,0.373490
18.240000,-8.015670,-8.774499,0.758829,0.373293
18.241000,-8.023177,-8.781955,0.758778,0.373095
18.242000,-8.030672,-8.789397,0.758726,0.372897
18.243000,-8.038153,-8.796826,0.758672,0.372697
18.244000,-8.045622,-8.804240,0.758618,0.372497
18.245000,-8.053079,-8.811641,0.758562,0.372297
18.246000,-8.060523,-8.819027,0.758505,0.372096
18.247000,-8.067954,-8.826400,0.758447,0.371894
18.248000,-8.075372,-8.833759,0.758387,0.371691
18.249000,-8.082777,-8.841103,0.758326,0.371488
18.250000,-8.090170,-8.848434,0.758264,0.371285
18.251000,-8.097550,-8.855751,0.758201,0.371080
18.252000,-8.104917,-8.863053,0.758136,0.370875
18.253000,-8.112271,-8.870342,0.758071,0.370670
18.254000,-8.119613,-8.877616,0.758004,0.370464
18.255000,-8.126942,-8.884877,0.757935,0.370257
18.256000,-8.134258,-8.892123,0.757866,0.370049
18.257000,-8.141561,-8.899356,0.757795,0.369841
18.258000,-8.148851,-8.906574,0.757723,0.369633
18.259000,-8.156128,-8.913778,0.757650,0.369423
18.260000,-8.163393,-8.920968,0.757575,0.369213
18.261000,-8.170644,-8.928144,0.757500,0.369003
18.262000,-8.177883,-8.935305,0.757423,0.368791
18.263000,-8.185108,-8.942453,0.757344,0.368579
18.264000,-8.192321,-8.949586,0.757265,0.368367
18.265000,-8.199521,-8.956705,0.757184,0.368154
18.266000,-8.206708,-8.963810,0.757102,0.367940
18.267000,-8.213882,-8.970901,0.757019,0.367726
18.268000,-8.221043,-8.977978,0.756935,0.367511
18.269000,-8.228191,-8.985040,0.756849,0.367295
18.270000,-8.235326,-8.992088,0.756762,0.367079
18.271000,-8.242448,-8.999122,0.756674,0.366862
18.272000,-8.249557,-9.006142,0.756585,0.366645
18.273000,-8.256653,-9.013147,0.756494,0.366426
18.274000,-8.263736,-9.020138,0.756402,0.366208
18.275000,-8.270806,-9.027115,0.756309,0.365988
18.276000,-8.277863,-9.034077,0.756215,0.365768
18.277000,-8.284906,-9.041026,0.756119,0.365548
18.278000,-8.291937,-9.047959,0.756022,0.365327
18.279000,-8.298955,-9.054879,0.755924,0.365105
18.280000,-8.305959,-9.061784,0.755825,0.364882
18.281000,-8.312950,-9.068675,0.755724,0.364659
18.282000,-8.319929,-9.075551,0.755623,0.364436
18.283000,-8.326894,-9.082413,0.755520,0.364211
18.284000,-8.333846,-9.089261,0.755415,0.363986
18.285000,-8.340784,-9.096094,0.755310,0.363761
18.286000,-8.347710,-9.102913,0.755203,0.363535
18.287000,-8.354622,-9.109717,0.755095,0.363308
18.288000,-8.361522,-9.116507,0.754986,0.363081
18.289000,-8.368408,-9.123283,0.754875,0.362853
18.290000,-8.375280,-9.130044,0.754764,0.362624
18.291000,-8.382140,-9.136791,0.754651,0.362395
18.292000,-8.388986,-9.143523,0.754536,0.362165
18.293000,-8.395819,-9.150240,0.754421,0.361935
18.294000,-8.402639,-9.156943,0.754304,0.361704
18.295000,-8.409446,-9.163632,0.754186,0.361472
18.296000,-8.416239,-9.170306,0.754067,0.361240
18.297000,-8.423019,-9.176966,0.753947,0.361007
18.298000,-8.429786,-9.183611,0.753825,0.360773
18.299000,-8.436539,-9.190241,0.753702,0.360539
18.300000,-8.443279,-9.196857,0.753578,0.360305
18.301000,-8.450006,-9.203459,0.753453,0.360069
18.302000,-8.456719,-9.210045,0.753326,0.359833
18.303000,-8.463419,-9.216618,0.753198,0.359597
18.304000,-8.470106,-9.223175,0.753069,0.359360
18.305000,-8.476779,-9.229718,0.752939,0.359122
18.306000,-8.483439,-9.236246,0.752807,0.358884
18.307000,-8.490086,-9.242760,0.752674,0.358645
18.308000,-8.496719,-9.249259,0.752540,0.358405
18.309000,-8.503339,-9.255744,0.752405,0.358165
18.310000,-8.509945,-9.262213,0.752268,0.357924
18.311000,-8.516538,-9.268668,0.752131,0.357683
18.312000,-8.523117,-9.275109,0.751992,0.357441
18.313000,-8.529683,-9.281534,0.751851,0.357198
18.314000,-8.536235,-9.287945,0.751710,0.356955
18.315000,-8.542774,-9.294342,0.751567,0.356711
18.316000,-8.549300,-9.300723,0.751423,0.356467
18.317000,-8.555812,-9.307090,0.751278,0.356222
18.318000,-8.562310,-9.313442,0.751132,0.355977
18.319000,-8.568795,-9.319779,0.750984,0.355730
18.320000,-8.575267,-9.326102,0.750835,0.355484
18.321000,-8.581724,-9.332409,0.750685,0.355236
18.322000,-8.588169,-9.338702,0.750534,0.354988
18.323000,-8.594599,-9.344980,0.750381,0.354740
18.324000,-8.601017,-9.351244,0.750227,0.354491
18.325000,-8.607420,-9.357492,0.750072,0.354241
18.326000,-8.613810,-9.363726,0.749916,0.353991
18.327000,-8.620187,-9.369945,0.749758,0.353740
18.328000,-8.626549,-9.376149,0.749599,0.353488
18.329000,-8.632899,-9.382338,0.749439,0.353236
18.330000,-8.639234,-9.388512,0.749278,0.352983
18.331000,-8.645556,-9.394672,0.749116,0.352730
18.332000,-8.651864,-9.400816,0.748952,0.352476
18.333000,-8.658159,-9.406946,0.748787,0.352222
18.334000,-8.664440,-9.413060,0.748621,0.351967
18.335000,-8.670707,-9.419160,0.748453,0.351711
18.336000,-8.676961,-9.425245,0.748285,0.351455
18.337000,-8.683200,-9.431315,0.748115,0.351198
18.338000,-8.689426,-9.437370,0.747944,0.350941
18.339000,-8.695639,-9.443410,0.747771,0.350683
18.340000,-8.701838,-9.449435,0.747598,0.350424
18.341000,-8.708022,-9.455445,0.747423,0.350165
18.342000,-8.714194,-9.461440,0.747247,0.349905
18.343000,-8.720351,-9.467420,0.747069,0.349645
18.344000,-8.726495,-9.473386,0.746891,0.349384
18.345000,-8.732625,-9.479336,0.746711,0.349122
18.346000,-8.738741,-9.485271,0.746530,0.348860
18.347000,-8.744843,-9.491191,0.746348,0.348597
18.348000,-8.750931,-9.497096,0.746164,0.348334
18.349000,-8.757006,-9.502986,0.745980,0.348070
18.350000,-8.763067,-9.508861,0.745794,0.347806
18.351000,-8.769114,-9.514720,0.745607,0.347541
18.352000,-8.775147,-9.520565,0.745418,0.347275
18.353000,-8.781166,-9.526395,0.745229,0.347009
18.354000,-8.787172,-9.532209,0.745038,0.346742
18.355000,-8.793163,-9.538009,0.744846,0.346475
18.356000,-8.799141,-9.543793,0.744653,0.346207
18.357000,-8.805104,-9.549562,0.744458,0.345939
18.358000,-8.811054,-9.555317,0.744262,0.345670
18.359000,-8.816990,-9.561056,0.744065,0.345400
18.360000,-8.822912,-9.566779,0.743867,0.345130
18.361000,-8.828820,-9.572488,0.743668,0.344859
18.362000,-8.834714,-9.578181,0.743467,0.344588
18.363000,-8.840595,-9.583860,0.743265,0.344316
18.364000,-8.846461,-9.589523,0.743062,0.344043
18.365000,-8.852313,-9.595171,0.742858,0.343770
18.366000,-8.858151,-9.600803,0.742652,0.343497
18.367000,-8.863976,-9.606421,0.742445,0.343222
18.368000,-8.869786,-9.612023,0.742237,0.342948
18.369000,-8.875582,-9.617610,0.742028,0.342672
18.370000,-8.881364,-9.623182,0.741818,0.342396
18.371000,-8.887133,-9.628739,0.741606,0.342120
18.372000,-8.892887,-9.634280,0.741393,0.341843
18.373000,-8.898627,-9.639806,0.741179,0.341565
18.374000,-8.904353,-9.645317,0.740964,0.341287
18.375000,-8.910065,-9.650812,0.740747,0.341008
18.376000,-8.915763,-9.656292,0.740529,0.340729
18.377000,-8.921447,-9.661757,0.740310,0.340449
18.378000,-8.927117,-9.667207,0.740090,0.340168
18.379000,-8.932773,-9.672641,0.739868,0.339887
18.380000,-8.938414,-9.678060,0.739646,0.339606
18.381000,-8.944042,-9.683464,0.739422,0.339324
18.382000,-8.949655,-9.688852,0.739197,0.339041
18.383000,-8.955254,-9.694225,0.738970,0.338758
18.384000,-8.960839,-9.699582,0.738743,0.338474
18.385000,-8.966410,-9.704924,0.738514,0.338189
18.386000,-8.971967,-9.710251,0.738284,0.337905
18.387000,-8.977510,-9.715563,0.738053,0.337619
18.388000,-8.983038,-9.720859,0.737820,0.337333
18.389000,-8.988552,-9.726139,0.737587,0.337046
18.390000,-8.994053,-9.731404,0.737352,0.336759
18.391000,-8.999538,-9.736654,0.737116,0.336471
18.392000,-9.005010,-9.741888,0.736878,0.336183
18.393000,-9.010467,-9.747107,0.736640,0.335894
18.394000,-9.015911,-9.752311,0.736400,0.335605
18.395000,-9.021340,-9.757499,0.736159,0.335315
18.396000,-9.026754,-9.762671,0.735917,0.335024
18.397000,-9.032155,-9.767828,0.735674,0.334733
18.398000,-9.037541,-9.772970,0.735429,0.334442
18.399000,-9.042913,-9.778096,0.735183,0.334150
18.400000,-9.048271,-9.783207,0.734936,0.333857
18.401000,-9.053614,-9.788302,0.734688,0.333564
18.402000,-9.058943,-9.793381,0.734438,0.333270
18.403000,-9.064258,-9.798446,0.734188,0.332975
18.404000,-9.069558,-9.803494,0.733936,0.332681
18.405000,-9.074844,-9.808527,0.733683,0.332385
18.406000,-9.080116,-9.813545,0.733429,0.332089
18.407000,-9.085373,-9.818547,0.733173,0.331793
18.408000,-9.090617,-9.823533,0.732916,0.331495
18.409000,-9.095845,-9.828504,0.732658,0.331198
18.410000,-9.101060,-9.833459,0.732399,0.330900
18.411000,-9.106260,-9.838399,0.732139,0.330601
18.412000,-9.111445,-9.843323,0.731877,0.330302
18.413000,-9.116617,-9.848231,0.731615,0.330002
18.414000,-9.121773,-9.853124,0.731351,0.329701
18.415000,-9.126916,-9.858001,0.731085,0.329401
18.416000,-9.132044,-9.862863,0.730819,0.329099
18.417000,-9.137158,-9.867709,0.730551,0.328797
18.418000,-9.142257,-9.872539,0.730283,0.328495
18.419000,-9.147341,-9.877354,0.730013,0.328192
18.420000,-9.152412,-9.882153,0.729741,0.327888
18.421000,-9.157468,-9.886937,0.729469,0.327584
18.422000,-9.162509,-9.891704,0.729195,0.327279
18.423000,-9.167536,-9.896456,0.728921,0.326974
18.424000,-9.172548,-9.901193,0.728645,0.326668
18.425000,-9.177546,-9.905914,0.728367,0.326362
18.426000,-9.182530,-9.910619,0.728089,0.326055
18.427000,-9.187499,-9.915308,0.727809,0.325748
18.428000,-9.192453,-9.919982,0.727528,0.325440
18.429000,-9.197393,-9.924639,0.727246,0.325132
18.430000,-9.202318,-9.929282,0.726963,0.324823
18.431000,-9.207229,-9.933908,0.726679,0.324513
18.432000,-9.212126,-9.938519,0.726393,0.324203
18.433000,-9.217007,-9.943114,0.726106,0.323893
18.434000,-9.221875,-9.947693,0.725818,0.323582
18.435000,-9.226727,-9.952256,0.725529,0.323270
18.436000,-9.231566,-9.956804,0.725239,0.322958
18.437000,-9.236389,-9.961336,0.724947,0.322645
18.438000,-9.241198,-9.965852,0.724654,0.322332
18.439000,-9.245992,-9.970352,0.724360,0.322018
18.440000,-9.250772,-9.974837,0.724065,0.321704
18.441000,-9.255537,-9.979306,0.723769,0.321390
18.442000,-9.260288,-9.983759,0.723471,0.321074
18.443000,-9.265024,-9.988196,0.723172,0.320758
18.444000,-9.269745,-9.992617,0.722872,0.320442
18.445000,-9.274452,-9.997023,0.722571,0.320125
18.446000,-9.279144,-10.001412,0.722269,0.319808
18.447000,-9.283821,-10.005786,0.721965,0.319490
18.448000,-9.288484,-10.010144,0.721660,0.319172
18.449000,-9.293132,-10.014486,0.721354,0.318853
18.450000,-9.297765,-10.018812,0.721047,0.318533
18.451000,-9.302384,-10.023122,0.720739,0.318214
18.452000,-9.306987,-10.027417,0.720429,0.317893
18.453000,-9.311577,-10.031696,0.720119,0.317572
18.454000,-9.316151,-10.035958,0.719807,0.317251
18.455000,-9.320711,-10.040205,0.719494,0.316929
18.456000,-9.325256,-10.044436,0.719180,0.316606
18.457000,-9.329787,-10.048651,0.718864,0.316283
18.458000,-9.334302,-10.052850,0.718548,0.315960
18.459000,-9.338803,-10.057033,0.718230,0.315636
18.460000,-9.343289,-10.061200,0.717911,0.315311
18.461000,-9.347761,-10.065351,0.717591,0.314986
18.462000,-9.352218,-10.069487,0.717269,0.314660
18.463000,-9.356659,-10.073606,0.716947,0.314334
18.464000,-9.361087,-10.077709,0.716623,0.314008
18.465000,-9.365499,-10.081797,0.716298,0.313681
18.466000,-9.369896,-10.085868,0.715972,0.313353
18.467000,-9.374279,-10.089924,0.715645,0.313025
18.468000,-9.378647,-10.093963,0.715316,0.312696
18.469000,-9.383000,-10.097987,0.714987,0.312367
18.470000,-9.387339,-10.101994,0.714656,0.312038
18.471000,-9.391662,-10.105986,0.714324,0.311707
18.472000,-9.395971,-10.109961,0.713991,0.311377
18.473000,-9.400265,-10.113921,0.713656,0.311046
18.474000,-9.404544,-10.117864,0.713321,0.310714
18.475000,-9.408808,-10.121792,0.712984,0.310382
18.476000,-9.413057,-10.125703,0.712646,0.310049
18.477000,-9.417291,-10.129599,0.712307,0.309716
18.478000,-9.421511,-10.133478,0.711967,0.309383
18.479000,-9.425716,-10.137341,0.711626,0.309048
18.480000,-9.429905,-10.141188,0.711283,0.308714
18.481000,-9.434080,-10.145020,0.710939,0.308379
18.482000,-9.438240,-10.148835,0.710594,0.308043
18.483000,-9.442385,-10.152634,0.710248,0.307707
18.484000,-9.446515,-10.156417,0.709901,0.307370
18.485000,-9.450631,-10.160183,0.709553,0.307033
18.486000,-9.454731,-10.163934,0.709203,0.306696
18.487000,-9.458816,-10.167669,0.708852,0.306358
18.488000,-9.462887,-10.171387,0.708500,0.306019
18.489000,-9.466942,-10.175090,0.708147,0.305680
18.490000,-9.470983,-10.178776,0.707793,0.305340
18.491000,-9.475009,-10.182446,0.707438,0.305000
18.492000,-9.479019,-10.186101,0.707081,0.304660
18.493000,-9.483015,-10.189738,0.706723,0.304319
18.494000,-9.486996,-10.193360,0.706365,0.303977
18.495000,-9.490961,-10.196966,0.706004,0.303635
18.496000,-9.494912,-10.200555,0.705643,0.303293
18.497000,-9.498848,-10.204129,0.705281,0.302950
18.498000,-9.502769,-10.207686,0.704917,0.302606
18.499000,-9.506674,-10.211227,0.704553,0.302262
18.500000,-9.510565,-10.214752,0.704187,0.301918
18.501000,-9.514441,-10.218261,0.703820,0.301573
18.502000,-9.518302,-10.221753,0.703452,0.301228
18.503000,-9.522147,-10.225229,0.703082,0.300882
18.504000,-9.525978,-10.228690,0.702712,0.300536
18.505000,-9.529793,-10.232133,0.702340,0.300189
18.506000,-9.533594,-10.235561,0.701967,0.299842
18.507000,-9.537379,-10.238973,0.701593,0.299494
18.508000,-9.541150,-10.242368,0.701218,0.299146
18.509000,-9.544905,-10.245747,0.700842,0.298797
18.510000,-9.548645,-10.249110,0.700464,0.298448
18.511000,-9.552371,-10.252456,0.700086,0.298098
18.512000,-9.556081,-10.255787,0.699706,0.297748
18.513000,-9.559776,-10.259101,0.699325,0.297397
18.514000,-9.563456,-10.262399,0.698943,0.297046
18.515000,-9.567121,-10.265681,0.698560,0.296694
18.516000,-9.570770,-10.268946,0.698176,0.296342
18.517000,-9.574405,-10.272195,0.697790,0.295990
18.518000,-9.578024,-10.275428,0.697404,0.295637
18.519000,-9.581629,-10.278644,0.697016,0.295284
18.520000,-9.585218,-10.281845,0.696627,0.294930
18.521000,-9.588792,-10.285029,0.696237,0.294575
18.522000,-9.592351,-10.288197,0.695846,0.294220
18.523000,-9.595895,-10.291348,0.695453,0.293865
18.524000,-9.599423,-10.294483,0.695060,0.293509
18.525000,-9.602937,-10.297602,0.694665,0.293153
18.526000,-9.606435,-10.300705,0.694269,0.292796
18.527000,-9.609918,-10.303791,0.693873,0.292439
18.528000,-9.613386,-10.306861,0.693474,0.292082
18.529000,-9.616839,-10.309914,0.693075,0.291723
18.530000,-9.620277,-10.312952,0.692675,0.291365
18.531000,-9.623699,-10.315973,0.692273,0.291006
18.532000,-9.627106,-10.318977,0.691871,0.290646
18.533000,-9.630498,-10.321965,0.691467,0.290287
18.534000,-9.633875,-10.324937,0.691062,0.289926
18.535000,-9.637237,-10.327893,0.690656,0.289565
18.536000,-9.640583,-10.330832,0.690249,0.289204
18.537000,-9.643914,-10.333755,0.689841,0.288842
18.538000,-9.647230,-10.336662,0.689431,0.288480
18.539000,-9.650531,-10.339552,0.689021,0.288117
18.540000,-9.653816,-10.342426,0.688609,0.287754
18.541000,-9.657087,-10.345283,0.688196,0.287391
18.542000,-9.660342,-10.348124,0.687782,0.287027
18.543000,-9.663581,-10.350949,0.687367,0.286662
18.544000,-9.666806,-10.353757,0.686951,0.286297
18.545000,-9.670015,-10.356549,0.686534,0.285932
18.546000,-9.673209,-10.359324,0.686115,0.285566
18.547000,-9.676387,-10.362083,0.685696,0.285200
18.548000,-9.679551,-10.364826,0.685275,0.284833
18.549000,-9.682699,-10.367552,0.684853,0.284466
18.550000,-9.685832,-10.370262,0.684430,0.284098
18.551000,-9.688949,-10.372955,0.684006,0.283730
18.552000,-9.692051,-10.375632,0.683581,0.283362
18.553000,-9.695138,-10.378293,0.683155,0.282993
18.554000,-9.698210,-10.380937,0.682727,0.282623
18.555000,-9.701266,-10.383565,0.682299,0.282254
18.556000,-9.704307,-10.386176,0.681869,0.281883
18.557000,-9.707333,-10.388771,0.681439,0.281513
18.558000,-9.710343,-10.391349,0.681007,0.281141
18.559000,-9.713338,-10.393911,0.680574,0.280770
18.560000,-9.716317,-10.396457,0.680140,0.280398
18.561000,-9.719282,-10.398986,0.679704,0.280025
18.562000,-9.722231,-10.401498,0.679268,0.279652
18.563000,-9.725164,-10.403995,0.678830,0.279279
18.564000,-9.728082,-10.406474,0.678392,0.278905
18.565000,-9.730985,-10.408937,0.677952,0.278531
18.566000,-9.733873,-10.411384,0.677511,0.278156
18.567000,-9.736745,-10.413814,0.677070,0.277781
18.568000,-9.739601,-10.416228,0.676626,0.277406
18.569000,-9.742443,-10.418625,0.676182,0.277030
18.570000,-9.745269,-10.421006,0.675737,0.276654
18.571000,-9.748079,-10.423370,0.675291,0.276277
18.572000,-9.750874,-10.425718,0.674843,0.275899
18.573000,-9.753654,-10.428049,0.674395,0.275522
18.574000,-9.756419,-10.430364,0.673945,0.275144
18.575000,-9.759168,-10.432662,0.673494,0.274765
18.576000,-9.761901,-10.434944,0.673043,0.274386
18.577000,-9.764619,-10.437209,0.672590,0.274007
18.578000,-9.767322,-10.439458,0.672136,0.273627
18.579000,-9.770009,-10.441690,0.671680,0.273247
18.580000,-9.772681,-10.443905,0.671224,0.272866
18.581000,-9.775338,-10.446105,0.670767,0.272485
18.582000,-9.777979,-10.448287,0.670308,0.272104
18.583000,-9.780604,-10.450453,0.669849,0.271722
18.584000,-9.783214,-10.452603,0.669388,0.271339
18.585000,-9.785809,-10.454736,0.668927,0.270957
18.586000,-9.788388,-10.456852,0.668464,0.270574
18.587000,-9.790952,-10.458952,0.668000,0.270190
18.588000,-9.793500,-10.461035,0.667535,0.269806
18.589000,-9.796033,-10.463102,0.667069,0.269422
18.590000,-9.798551,-10.465152,0.666602,0.269037
18.591000,-9.801052,-10.467186,0.666133,0.268651
18.592000,-9.803539,-10.469203,0.665664,0.268266
18.593000,-9.806010,-10.471203,0.665193,0.267880
18.594000,-9.808465,-10.473187,0.664722,0.267493
18.595000,-9.810905,-10.475155,0.664249,0.267106
18.596000,-9.813330,-10.477105,0.663776,0.266719
18.597000,-9.815739,-10.479039,0.663301,0.266331
18.598000,-9.818132,-10.480957,0.662825,0.265943
18.599000,-9.820510,-10.482858,0.662348,0.265555
18.600000,-9.822873,-10.484743,0.661870,0.265166
18.601000,-9.825219,-10.486610,0.661391,0.264776
18.602000,-9.827551,-10.488462,0.660911,0.264387
18.603000,-9.829867,-10.490296,0.660429,0.263996
18.604000,-9.832167,-10.492114,0.659947,0.263606
18.605000,-9.834452,-10.493916,0.659464,0.263215
18.606000,-9.836721,-10.495701,0.658979,0.262823
18.607000,-9.838975,-10.497469,0.658494,0.262432
18.608000,-9.841213,-10.499220,0.658007,0.262039
18.609000,-9.843436,-10.500955,0.657519,0.261647
18.610000,-9.845643,-10.502674,0.657031,0.261254
18.611000,-9.847835,-10.504376,0.656541,0.260860
18.612000,-9.850011,-10.506061,0.656050,0.260467
18.613000,-9.852172,-10.507729,0.655558,0.260073
18.614000,-9.854317,-10.509381,0.655065,0.259678
18.615000,-9.856446,-10.511017,0.654571,0.259283
18.616000,-9.858560,-10.512635,0.654075,0.258888
18.617000,-9.860658,-10.514237,0.653579,0.258492
18.618000,-9.862741,-10.515823,0.653082,0.258096
18.619000,-9.864808,-10.517391,0.652583,0.257699
18.620000,-9.866859,-10.518943,0.652084,0.257302
18.621000,-9.868895,-10.520479,0.651583,0.256905
18.622000,-9.870916,-10.521998,0.651082,0.256507
18.623000,-9.872921,-10.523500,0.650579,0.256109
18.624000,-9.874910,-10.524985,0.650076,0.255710
18.625000,-9.876883,-10.526454,0.649571,0.255311
18.626000,-9.878841,-10.527906,0.649065,0.254912
18.627000,-9.880784,-10.529342,0.648558,0.254513
18.628000,-9.882711,-10.530761,0.648050,0.254112
18.629000,-9.884622,-10.532163,0.647541,0.253712
18.630000,-9.886517,-10.533549,0.647031,0.253311
18.631000,-9.888397,-10.534918,0.646520,0.252910
18.632000,-9.890262,-10.536270,0.646008,0.252508
18.633000,-9.892111,-10.537605,0.645495,0.252106
18.634000,-9.893944,-10.538924,0.644981,0.251704
18.635000,-9.895761,-10.540227,0.644465,0.251301
18.636000,-9.897563,-10.541512,0.643949,0.250898
18.637000,-9.899349,-10.542781,0.643432,0.250495
18.638000,-9.901120,-10.544033,0.642913,0.250091
18.639000,-9.902875,-10.545269,0.642394,0.249686
18.640000,-9.904614,-10.546488,0.641873,0.249282
18.641000,-9.906338,-10.547690,0.641352,0.248877
18.642000,-9.908046,-10.548875,0.640829,0.248471
18.643000,-9.909738,-10.550044,0.640306,0.248066
18.644000,-9.911415,-10.551196,0.639781,0.247659
18.645000,-9.913076,-10.552332,0.639255,0.247253
18.646000,-9.914722,-10.553450,0.638729,0.246846
18.647000,-9.916352,-10.554552,0.638201,0.246439
18.648000,-9.917966,-10.555638,0.637672,0.246031
18.649000,-9.919564,-10.556706,0.637142,0.245623
18.650000,-9.921147,-10.557758,0.636611,0.245215
18.651000,-9.922714,-10.558794,0.636079,0.244806
18.652000,-9.924266,-10.559812,0.635547,0.244397
18.653000,-9.925801,-10.560814,0.635013,0.243987
18.654000,-9.927322,-10.561799,0.634478,0.243578
18.655000,-9.928826,-10.562768,0.633942,0.243167
18.656000,-9.930315,-10.563719,0.633405,0.242757
18.657000,-9.931788,-10.564654,0.632866,0.242346
18.658000,-9.933245,-10.565573,0.632327,0.241935
18.659000,-9.934687,-10.566474,0.631787,0.241523
18.660000,-9.936113,-10.567359,0.631246,0.241111
18.661000,-9.937523,-10.568227,0.630704,0.240698
18.662000,-9.938918,-10.569079,0.630161,0.240286
18.663000,-9.940297,-10.569914,0.629617,0.239873
18.664000,-9.941660,-10.570732,0.629071,0.239459
18.665000,-9.943008,-10.571533,0.628525,0.239045
18.666000,-9.944340,-10.572318,0.627978,0.238631
18.667000,-9.945656,-10.573086,0.627430,0.238217
18.668000,-9.946956,-10.573837,0.626880,0.237802
18.669000,-9.948241,-10.574571,0.626330,0.237386
18.670000,-9.949510,-10.575289,0.625779,0.236971
18.671000,-9.950763,-10.575990,0.625226,0.236555
18.672000,-9.952001,-10.576674,0.624673,0.236139
18.673000,-9.953223,-10.577342,0.624119,0.235722
18.674000,-9.954429,-10.577993,0.623563,0.235305
18.675000,-9.955620,-10.578627,0.623007,0.234887
18.676000,-9.956794,-10.579244,0.622450,0.234470
18.677000,-9.957953,-10.579845,0.621891,0.234052
18.678000,-9.959097,-10.580429,0.621332,0.233633
18.679000,-9.960224,-10.580996,0.620771,0.233215
18.680000,-9.961336,-10.581546,0.620210,0.232795
18.681000,-9.962432,-10.582080,0.619648,0.232376
18.682000,-9.963513,-10.582597,0.619084,0.231956
18.683000,-9.964577,-10.583097,0.618520,0.231536
18.684000,-9.965626,-10.583581,0.617955,0.231116
18.685000,-9.966659,-10.584047,0.617388,0.230695
18.686000,-9.967677,-10.584498,0.616821,0.230274
18.687000,-9.968678,-10.584931,0.616252,0.229852
18.688000,-9.969664,-10.585347,0.615683,0.229430
18.689000,-9.970635,-10.585747,0.615113,0.229008
18.690000,-9.971589,-10.586130,0.614541,0.228586
18.691000,-9.972528,-10.586497,0.613969,0.228163
18.692000,-9.973451,-10.586846,0.613396,0.227739
18.693000,-9.974358,-10.587179,0.612821,0.227316
18.694000,-9.975249,-10.587495,0.612246,0.226892
18.695000,-9.976125,-10.587795,0.611670,0.226468
18.696000,-9.976985,-10.588078,0.611093,0.226043
18.697000,-9.977829,-10.588344,0.610514,0.225618
18.698000,-9.978658,-10.588593,0.609935,0.225193
18.699000,-9.979470,-10.588825,0.609355,0.224768
18.700000,-9.980267,-10.589041,0.608774,0.224342
18.701000,-9.981048,-10.589240,0.608191,0.223916
18.702000,-9.981814,-10.589422,0.607608,0.223489
18.703000,-9.982564,-10.589588,0.607024,0.223062
18.704000,-9.983297,-10.589736,0.606439,0.222635
18.705000,-9.984016,-10.589868,0.605853,0.222208
18.706000,-9.984718,-10.589984,0.605266,0.221780
18.707000,-9.985404,-10.590082,0.604678,0.221352
18.708000,-9.986075,-10.590164,0.604089,0.220923
18.709000,-9.986730,-10.590229,0.603499,0.220494
18.710000,-9.987370,-10.590278,0.602908,0.220063
18.711000,-9.987993,-10.590309,0.602316,0.219620
18.712000,-9.988601,-10.590324,0.601723,0.219135
18.713000,-9.989193,-10.590320,0.601128,0.218546
18.714000,-9.989769,-10.590300,0.600531,0.217892
18.715000,-9.990329,-10.590261,0.599932,0.217260
18.716000,-9.990874,-10.590205,0.599331,0.216659
18.717000,-9.991403,-10.590131,0.598728,0.216101
18.718000,-9.991916,-10.590040,0.598124,0.215560
18.719000,-9.992413,-10.589932,0.597519,0.215048
18.720000,-9.992895,-10.589807,0.596913,0.214564
18.721000,-9.993360,-10.589666,0.596305,0.214097
18.722000,-9.993810,-10.589507,0.595696,0.213633
18.723000,-9.994245,-10.589331,0.595087,0.213170
18.724000,-9.994663,-10.589139,0.594476,0.212706
18.725000,-9.995066,-10.588929,0.593864,0.212241
18.726000,-9.995452,-10.588703,0.593251,0.211777
18.727000,-9.995823,-10.588460,0.592637,0.211312
18.728000,-9.996179,-10.588200,0.592022,0.210847
18.729000,-9.996518,-10.587923,0.591405,0.210381
18.730000,-9.996842,-10.587630,0.590788,0.209915
18.731000,-9.997150,-10.587319,0.590169,0.209449
18.732000,-9.997442,-10.586992,0.589550,0.208983
18.733000,-9.997718,-10.586648,0.588929,0.208516
18.734000,-9.997979,-10.586286,0.588308,0.208049
18.735000,-9.998224,-10.585908,0.587685,0.207582
18.736000,-9.998452,-10.585514,0.587061,0.207115
18.737000,-9.998666,-10.585102,0.586436,0.206647
18.738000,-9.998863,-10.584673,0.585810,0.206179
18.739000,-9.999045,-10.584228,0.585183,0.205711
18.740000,-9.999210,-10.583766,0.584555,0.205242
18.741000,-9.999360,-10.583286,0.583926,0.204774
18.742000,-9.999495,-10.582791,0.583296,0.204305
18.743000,-9.999613,-10.582278,0.582665,0.203835
18.744000,-9.999716,-10.581748,0.582032,0.203366
18.745000,-9.999803,-10.581201,0.581399,0.202896
18.746000,-9.999874,-10.580638,0.580764,0.202426
18.747000,-9.999929,-10.580058,0.580129,0.201955
18.748000,-9.999968,-10.579461,0.579492,0.201485
18.749000,-9.999992,-10.578847,0.578855,0.201014
18.750000,-10.000000,-10.578216,0.578216,0.200543
18.751000,-9.999992,-10.577569,0.577576,0.200071
18.752000,-9.999968,-10.576904,0.576936,0.199600
18.753000,-9.999929,-10.576223,0.576294,0.199128
18.754000,-9.999874,-10.575525,0.575651,0.198655
18.755000,-9.999803,-10.574810,0.575007,0.198183
18.756000,-9.999716,-10.574078,0.574362,0.197710
18.757000,-9.999613,-10.573330,0.573716,0.197237
18.758000,-9.999495,-10.572564,0.573070,0.196764
18.759000,-9.999360,-10.571782,0.572422,0.196291
18.760000,-9.999210,-10.570983,0.571772,0.195817
18.761000,-9.999045,-10.570167,0.571122,0.195343
18.762000,-9.998863,-10.569334,0.570471,0.194869
18.763000,-9.998666,-10.568485,0.569819,0.194395
18.764000,-9.998452,-10.567619,0.569166,0.193920
18.765000,-9.998224,-10.566735,0.568512,0.193445
18.766000,-9.997979,-10.565835,0.567857,0.192970
18.767000,-9.997718,-10.564919,0.567201,0.192495
18.768000,-9.997442,-10.563985,0.566543,0.192019
18.769000,-9.997150,-10.563035,0.565885,0.191543
18.770000,-9.996842,-10.562068,0.565226,0.191067
18.771000,-9.996518,-10.561084,0.564566,0.190591
18.772000,-9.996179,-10.560083,0.563904,0.190114
18.773000,-9.995823,-10.559065,0.563242,0.189638
18.774000,-9.995452,-10.558031,0.562579,0.189161
18.775000,-9.995066,-10.556980,0.561914,0.188683
18.776000,-9.994663,-10.555912,0.561249,0.188206
18.777000,-9.994245,-10.554827,0.560583,0.187728
18.778000,-9.993810,-10.553726,0.559915,0.187251
18.779000,-9.993360,-10.552608,0.559247,0.186772
18.780000,-9.992895,-10.551473,0.558578,0.186294
18.781000,-9.992413,-10.550321,0.557908,0.185816
18.782000,-9.991916,-10.549152,0.557236,0.185337
18.783000,-9.991403,-10.547967,0.556564,0.184858
18.784000,-9.990874,-10.546765,0.555891,0.184379
18.785000,-9.990329,-10.545546,0.555216,0.183899
18.786000,-9.989769,-10.544310,0.554541,0.183420
18.787000,-9.989193,-10.543058,0.553865,0.182940
18.788000,-9.988601,-10.541788,0.553188,0.182460
18.789000,-9.987993,-10.540503,0.552509,0.181979
18.790000,-9.987370,-10.539200,0.551830,0.181499
18.791000,-9.986730,-10.537880,0.551150,0.181018
18.792000,-9.986075,-10.536544,0.550469,0.180537
18.793000,-9.985404,-10.535191,0.549787,0.180056
18.794000,-9.984718,-10.533822,0.549104,0.179575
18.795000,-9.984016,-10.532435,0.548420,0.179094
18.796000,-9.983297,-10.531032,0.547735,0.178612
18.797000,-9.982564,-10.529612,0.547049,0.178130
18.798000,-9.981814,-10.528176,0.546362,0.177648
18.799000,-9.981048,-10.526722,0.545674,0.177166
18.800000,-9.980267,-10.525252,0.544985,0.176683
18.801000,-9.979470,-10.523765,0.544295,0.176200
18.802000,-9.978658,-10.522262,0.543604,0.175717
18.803000,-9.977829,-10.520742,0.542912,0.175234
18.804000,-9.976985,-10.519205,0.542220,0.174751
18.805000,-9.976125,-10.517651,0.541526,0.174268
18.806000,-9.975249,-10.516081,0.540831,0.173784
18.807000,-9.974358,-10.514494,0.540136,0.173300
18.808000,-9.973451,-10.512890,0.539439,0.172816
18.809000,-9.972528,-10.511269,0.538742,0.172332
18.810000,-9.971589,-10.509632,0.538043,0.171848
18.811000,-9.970635,-10.507978,0.537344,0.171363
18.812000,-9.969664,-10.506308,0.536644,0.170878
18.813000,-9.968678,-10.504621,0.535942,0.170393
18.814000,-9.967677,-10.502917,0.535240,0.169908
18.815000,-9.966659,-10.501196,0.534537,0.169423
18.816000,-9.965626,-10.499459,0.533833,0.168937
18.817000,-9.964577,-10.497705,0.533128,0.168452
18.818000,-9.963513,-10.495935,0.532422,0.167966
18.819000,-9.962432,-10.494147,0.531715,0.167480
18.820000,-9.961336,-10.492344,0.531007,0.166993
18.821000,-9.960224,-10.490523,0.530299,0.166507
18.822000,-9.959097,-10.488686,0.529589,0.166021
18.823000,-9.957953,-10.486832,0.528879,0.165534
18.824000,-9.956794,-10.484962,0.528167,0.165047
18.825000,-9.955620,-10.483074,0.527455,0.164560
18.826000,-9.954429,-10.481171,0.526741,0.164073
18.827000,-9.953223,-10.479250,0.526027,0.163585
18.828000,-9.952001,-10.477313,0.525312,0.163098
18.829000,-9.950763,-10.475360,0.524596,0.162610
18.830000,-9.949510,-10.473389,0.523879,0.162122
18.831000,-9.948241,-10.471402,0.523161,0.161634
18.832000,-9.946956,-10.469399,0.522443,0.161146
18.833000,-9.945656,-10.467379,0.521723,0.160658
18.834000,-9.944340,-10.465342,0.521002,0.160169
18.835000,-9.943008,-10.463289,0.520281,0.159680
18.836000,-9.941660,-10.461219,0.519558,0.159191
18.837000,-9.940297,-10.459132,0.518835,0.158702
18.838000,-9.938918,-10.457029,0.518111,0.158213
18.839000,-9.937523,-10.454909,0.517386,0.157724
18.840000,-9.936113,-10.452773,0.516660,0.157235
18.841000,-9.934687,-10.450620,0.515933,0.156745
18.842000,-9.933245,-10.448451,0.515206,0.156255
18.843000,-9.931788,-10.446265,0.514477,0.155765
18.844000,-9.930315,-10.444062,0.513747,0.155275
18.845000,-9.928826,-10.441843,0.513017,0.154785
18.846000,-9.927322,-10.439607,0.512286,0.154295
18.847000,-9.925801,-10.437355,0.511554,0.153804
18.848000,-9.924266,-10.435086,0.510821,0.153314
18.849000,-9.922714,-10.432801,0.510087,0.152823
18.850000,-9.921147,-10.430499,0.509352,0.152332
18.851000,-9.919564,-10.428181,0.508616,0.151841
18.852000,-9.917966,-10.425846,0.507880,0.151350
18.853000,-9.916352,-10.423494,0.507143,0.150858
18.854000,-9.914722,-10.421126,0.506404,0.150367
18.855000,-9.913076,-10.418742,0.505665,0.149875
18.856000,-9.911415,-10.416341,0.504925,0.149384
18.857000,-9.909738,-10.413923,0.504185,0.148892
18.858000,-9.908046,-10.411489,0.503443,0.148400
18.859000,-9.906338,-10.409038,0.502700,0.147908
18.860000,-9.904614,-10.406571,0.501957,0.147415
18.861000,-9.902875,-10.404088,0.501213,0.146923
18.862000,-9.901120,-10.401588,0.500468,0.146430
18.863000,-9.899349,-10.399071,0.499722,0.145938
18.864000,-9.897563,-10.396538,0.498975,0.145445
18.865000,-9.895761,-10.393989,0.498227,0.144952
18.866000,-9.893944,-10.391423,0.497479,0.144459
18.867000,-9.892111,-10.388840,0.496730,0.143966
18.868000,-9.890262,-10.386241,0.495980,0.143473
18.869000,-9.888397,-10.383626,0.495229,0.142979
18.870000,-9.886517,-10.380994,0.494477,0.142486
18.871000,-9.884622,-10.378346,0.493724,0.141992
18.872000,-9.882711,-10.375681,0.492971,0.141498
18.873000,-9.880784,-10.373000,0.492216,0.141005
18.874000,-9.878841,-10.370303,0.491461,0.140511
18.875000,-9.876883,-10.367589,0.490705,0.140016
18.876000,-9.874910,-10.364858,0.489949,0.139522
18.877000,-9.872921,-10.362112,0.489191,0.139028
18.878000,-9.870916,-10.359348,0.488433,0.138534
18.879000,-9.868895,-10.356569,0.487673,0.138039
18.880000,-9.866859,-10.353773,0.486913,0.137544
18.881000,-9.864808,-10.350960,0.486152,0.137050
18.882000,-9.862741,-10.348132,0.485391,0.136555
18.883000,-9.860658,-10.345286,0.484628,0.136060
18.884000,-9.858560,-10.342425,0.483865,0.135565
18.885000,-9.856446,-10.339547,0.483101,0.135069
18.886000,-9.854317,-10.336652,0.482336,0.134574
18.887000,-9.852172,-10.333742,0.481570,0.134079
18.888000,-9.850011,-10.330815,0.480804,0.133583
18.889000,-9.847835,-10.327871,0.480036,0.133088
18.890000,-9.845643,-10.324912,0.479268,0.132592
18.891000,-9.843436,-10.321936,0.478499,0.132096
18.892000,-9.841213,-10.318943,0.477730,0.131600
18.893000,-9.838975,-10.315934,0.476959,0.131104
18.894000,-9.836721,-10.312909,0.476188,0.130608
18.895000,-9.834452,-10.309868,0.475416,0.130112
18.896000,-9.832167,-10.306810,0.474643,0.129616
18.897000,-9.829867,-10.303736,0.473869,0.129120
18.898000,-9.827551,-10.300646,0.473095,0.128623
18.899000,-9.825219,-10.297539,0.472320,0.128127
18.900000,-9.822873,-10.294416,0.471544,0.127630
18.901000,-9.820510,-10.291277,0.470767,0.127133
18.902000,-9.818132,-10.288121,0.469989,0.126637
18.903000,-9.815739,-10.284950,0.469211,0.126140
18.904000,-9.813330,-10.281762,0.468432,0.125643
18.905000,-9.810905,-10.278557,0.467652,0.125146
18.906000,-9.808465,-10.275337,0.466871,0.124649
18.907000,-9.806010,-10.272100,0.466090,0.124151
18.908000,-9.803539,-10.268847,0.465308,0.123654
18.909000,-9.801052,-10.265577,0.464525,0.123157
18.910000,-9.798551,-10.262292,0.463741,0.122659
18.911000,-9.796033,-10.258990,0.462957,0.122162
18.912000,-9.793500,-10.255672,0.462172,0.121664
18.913000,-9.790952,-10.252338,0.461386,0.121166
18.914000,-9.788388,-10.248987,0.460599,0.120669
18.915000,-9.785809,-10.245621,0.459812,0.120171
18.916000,-9.783214,-10.242238,0.459023,0.119673
18.917000,-9.780604,-10.238839,0.458235,0.119175
18.918000,-9.777979,-10.235424,0.457445,0.118677
18.919000,-9.775338,-10.231992,0.456654,0.118179
18.920000,-9.772681,-10.228544,0.455863,0.117680
18.921000,-9.770009,-10.225081,0.455071,0.117182
18.922000,-9.767322,-10.221601,0.454279,0.116684
18.923000,-9.764619,-10.218105,0.453485,0.116186
18.924000,-9.761901,-10.214592,0.452691,0.115687
18.925000,-9.759168,-10.211064,0.451896,0.115189
18.926000,-9.756419,-10.207519,0.451101,0.114690
18.927000,-9.753654,-10.203959,0.450304,0.114191
18.928000,-9.750874,-10.200382,0.449507,0.113693
18.929000,-9.748079,-10.196789,0.448710,0.113194
18.930000,-9.745269,-10.193180,0.447911,0.112695
18.931000,-9.742443,-10.189555,0.447112,0.112196
18.932000,-9.739601,-10.185914,0.446312,0.111697
18.933000,-9.736745,-10.182256,0.445511,0.111198
18.934000,-9.733873,-10.178583,0.444710,0.110699
18.935000,-9.730985,-10.174893,0.443908,0.110200
18.936000,-9.728082,-10.171188,0.443105,0.109701
18.937000,-9.725164,-10.167466,0.442302,0.109201
18.938000,-9.722231,-10.163728,0.441498,0.108702
18.939000,-9.719282,-10.159974,0.440693,0.108203
18.940000,-9.716317,-10.156205,0.439887,0.107703
18.941000,-9.713338,-10.152419,0.439081,0.107204
18.942000,-9.710343,-10.148617,0.438274,0.106705
18.943000,-9.707333,-10.144799,0.437466,0.106205
18.944000,-9.704307,-10.140965,0.436658,0.105705
18.945000,-9.701266,-10.137115,0.435849,0.105206
18.946000,-9.698210,-10.133249,0.435039,0.104706
18.947000,-9.695138,-10.129367,0.434229,0.104206
18.948000,-9.692051,-10.125469,0.433417,0.103707
18.949000,-9.688949,-10.121555,0.432606,0.103207
18.950000,-9.685832,-10.117625,0.431793,0.102707
18.951000,-9.682699,-10.113679,0.430980,0.102207
18.952000,-9.679551,-10.109717,0.430166,0.101707
18.953000,-9.676387,-10.105739,0.429351,0.101207
18.954000,-9.673209,-10.101745,0.428536,0.100707
18.955000,-9.670015,-10.097735,0.427720,0.100207
18.956000,-9.666806,-10.093709,0.426904,0.099707
18.957000,-9.663581,-10.089668,0.426086,0.099207
18.958000,-9.660342,-10.085610,0.425269,0.098707
18.959000,-9.657087,-10.081537,0.424450,0.098207
18.960000,-9.653816,-10.077447,0.423631,0.097706
18.961000,-9.650531,-10.073342,0.422811,0.097206
18.962000,-9.647230,-10.069220,0.421990,0.096706
18.963000,-9.643914,-10.065083,0.421169,0.096205
18.964000,-9.640583,-10.060930,0.420347,0.095705
18.965000,-9.637237,-10.056761,0.419525,0.095205
18.966000,-9.633875,-10.052577,0.418701,0.094704
18.967000,-9.630498,-10.048376,0.417878,0.094204
18.968000,-9.627106,-10.044159,0.417053,0.093703
18.969000,-9.623699,-10.039927,0.416228,0.093203
18.970000,-9.620277,-10.035679,0.415402,0.092702
18.971000,-9.616839,-10.031415,0.414576,0.092202
18.972000,-9.613386,-10.027135,0.413749,0.091701
18.973000,-9.609918,-10.022839,0.412921,0.091201
18.974000,-9.606435,-10.018528,0.412093,0.090700
18.975000,-9.602937,-10.014200,0.411264,0.090200
18.976000,-9.599423,-10.009857,0.410434,0.089699
18.977000,-9.595895,-10.005498,0.409604,0.089198
18.978000,-9.592351,-10.001124,0.408773,0.088698
18.979000,-9.588792,-9.996733,0.407941,0.088197
18.980000,-9.585218,-9.992327,0.407109,0.087696
18.981000,-9.581629,-9.987905,0.406276,0.087196
18.982000,-9.578024,-9.983467,0.405443,0.086695
18.983000,-9.574405,-9.979014,0.404609,0.086194
18.984000,-9.570770,-9.974545,0.403774,0.085693
18.985000,-9.567121,-9.970060,0.402939,0.085192
18.986000,-9.563456,-9.965559,0.402103,0.084692
18.987000,-9.559776,-9.961042,0.401267,0.084191
18.988000,-9.556081,-9.956510,0.400430,0.083690
18.989000,-9.552371,-9.951963,0.399592,0.083189
18.990000,-9.548645,-9.947399,0.398754,0.082688
18.991000,-9.544905,-9.942820,0.397915,0.082188
18.992000,-9.541150,-9.938225,0.397075,0.081687
18.993000,-9.537379,-9.933614,0.396235,0.081186
18.994000,-9.533594,-9.928988,0.395394,0.080685
18.995000,-9.529793,-9.924346,0.394553,0.080184
18.996000,-9.525978,-9.919689,0.393711,0.079683
18.997000,-9.522147,-9.915016,0.392869,0.079182
18.998000,-9.518302,-9.910327,0.392026,0.078682
18.999000,-9.514441,-9.905623,0.391182,0.078181
19.000000,-9.510565,-9.900903,0.390338,0.077680
19.001000,-9.506674,-9.896167,0.389493,0.077179
19.002000,-9.502769,-9.891416,0.388647,0.076678
19.003000,-9.498848,-9.886649,0.387801,0.076177
19.004000,-9.494912,-9.881867,0.386955,0.075676
19.005000,-9.490961,-9.877069,0.386107,0.075176
19.006000,-9.486996,-9.872255,0.385260,0.074675
19.007000,-9.483015,-9.867426,0.384411,0.074174
19.008000,-9.479019,-9.862582,0.383562,0.073673
19.009000,-9.475009,-9.857722,0.382713,0.073172
19.010000,-9.470983,-9.852846,0.381863,0.072671
19.011000,-9.466942,-9.847955,0.381012,0.072171
19.012000,-9.462887,-9.843048,0.380161,0.071670
19.013000,-9.458816,-9.838126,0.379309,0.071169
19.014000,-9.454731,-9.833188,0.378457,0.070668
19.015000,-9.450631,-9.828235,0.377604,0.070167
19.016000,-9.446515,-9.823266,0.376751,0.069667
19.017000,-9.442385,-9.818282,0.375897,0.069166
19.018000,-9.438240,-9.813282,0.375042,0.068665
19.019000,-9.434080,-9.808267,0.374187,0.068165
19.020000,-9.429905,-9.803237,0.373331,0.067664
19.021000,-9.425716,-9.798191,0.372475,0.067163
19.022000,-9.421511,-9.793129,0.371618,0.066662
19.023000,-9.417291,-9.788052,0.370761,0.066162
19.024000,-9.413057,-9.782960,0.369903,0.065661
19.025000,-9.408808,-9.777852,0.369045,0.065161
19.026000,-9.404544,-9.772729,0.368186,0.064660
19.027000,-9.400265,-9.767591,0.367326,0.064159
19.028000,-9.395971,-9.762437,0.366466,0.063659
19.029000,-9.391662,-9.757268,0.365606,0.063158
19.030000,-9.387339,-9.752083,0.364745,0.062658
19.031000,-9.383000,-9.746883,0.363883,0.062157
19.032000,-9.378647,-9.741668,0.363021,0.061657
19.033000,-9.374279,-9.736438,0.362158,0.061156
19.034000,-9.369896,-9.731192,0.361295,0.060656
19.035000,-9.365499,-9.725930,0.360432,0.060156
19.036000,-9.361087,-9.720654,0.359567,0.059655
19.037000,-9.356659,-9.715362,0.358703,0.059155
19.038000,-9.352218,-9.710055,0.357837,0.058655
19.039000,-9.347761,-9.704732,0.356972,0.058154
19.040000,-9.343289,-9.699395,0.356105,0.057654
19.041000,-9.338803,-9.694042,0.355238,0.057154
19.042000,-9.334302,-9.688673,0.354371,0.056654
19.043000,-9.329787,-9.683290,0.353503,0.056154
19.044000,-9.325256,-9.677891,0.352635,0.055653
19.045000,-9.320711,-9.672477,0.351766,0.055153
19.046000,-9.316151,-9.667048,0.350897,0.054653
19.047000,-9.311577,-9.661604,0.350027,0.054153
19.048000,-9.306987,-9.656144,0.349157,0.053653
19.049000,-9.302384,-9.650669,0.348286,0.053153
19.050000,-9.297765,-9.645179,0.347415,0.052653
19.051000,-9.293132,-9.639674,0.346543,0.052154
19.052000,-9.288484,-9.634154,0.345670,0.051654
19.053000,-9.283821,-9.628619,0.344798,0.051154
19.054000,-9.279144,-9.623068,0.343924,0.050654
19.055000,-9.274452,-9.617502,0.343051,0.050155
19.056000,-9.269745,-9.611921,0.342176,0.049655
19.057000,-9.265024,-9.606325,0.341302,0.049155
19.058000,-9.260288,-9.600714,0.340426,0.048656
19.059000,-9.255537,-9.595088,0.339551,0.048156
19.060000,-9.250772,-9.589447,0.338675,0.047657
19.061000,-9.245992,-9.583790,0.337798,0.047157
19.062000,-9.241198,-9.578119,0.336921,0.046658
19.063000,-9.236389,-9.572432,0.336043,0.046158
19.064000,-9.231566,-9.566731,0.335165,0.045659
19.065000,-9.226727,-9.561014,0.334287,0.045160
19.066000,-9.221875,-9.555282,0.333408,0.044661
19.067000,-9.217007,-9.549536,0.332528,0.044161
19.068000,-9.212126,-9.543774,0.331648,0.043662
19.069000,-9.207229,-9.537997,0.330768,0.043163
19.070000,-9.202318,-9.532206,0.329887,0.042664
19.071000,-9.197393,-9.526399,0.329006,0.042165
19.072000,-9.192453,-9.520577,0.328124,0.041666
19.073000,-9.187499,-9.514741,0.327242,0.041167
19.074000,-9.182530,-9.508889,0.326359,0.040668
19.075000,-9.177546,-9.503022,0.325476,0.040170
19.076000,-9.172548,-9.497141,0.324593,0.039671
19.077000,-9.167536,-9.491245,0.323709,0.039172
19.078000,-9.162509,-9.485333,0.322824,0.038674
19.079000,-9.157468,-9.479407,0.321939,0.038175
19.080000,-9.152412,-9.473466,0.321054,0.037677
19.081000,-9.147341,-9.467510,0.320168,0.037178
19.082000,-9.142257,-9.461539,0.319282,0.036680
19.083000,-9.137158,-9.455553,0.318395,0.036182
19.084000,-9.132044,-9.449552,0.317508,0.035683
19.085000,-9.126916,-9.443537,0.316621,0.035185
19.086000,-9.121773,-9.437506,0.315733,0.034687
19.087000,-9.116617,-9.431461,0.314845,0.034189
19.088000,-9.111445,-9.425401,0.313956,0.033691
19.089000,-9.106260,-9.419326,0.313067,0.033193
19.090000,-9.101060,-9.413237,0.312177,0.032695
19.091000,-9.095845,-9.407132,0.311287,0.032197
19.092000,-9.090617,-9.401013,0.310397,0.031699
19.093000,-9.085373,-9.394879,0.309506,0.031202
19.094000,-9.080116,-9.388731,0.308615,0.030704
19.095000,-9.074844,-9.382567,0.307723,0.030206
19.096000,-9.069558,-9.376389,0.306831,0.029709
19.097000,-9.064258,-9.370196,0.305938,0.029212
19.098000,-9.058943,-9.363988,0.305045,0.028714
19.099000,-9.053614,-9.357766,0.304152,0.028217
19.100000,-9.048271,-9.351529,0.303258,0.027720
19.101000,-9.042913,-9.345277,0.302364,0.027222
19.102000,-9.037541,-9.339011,0.301470,0.026725
19.103000,-9.032155,-9.332730,0.300575,0.026228
19.104000,-9.026754,-9.326434,0.299679,0.025731
19.105000,-9.021340,-9.320123,0.298784,0.025235
19.106000,-9.015911,-9.313798,0.297888,0.024738
19.107000,-9.010467,-9.307459,0.296991,0.024241
19.108000,-9.005010,-9.301104,0.296094,0.023744
19.109000,-8.999538,-9.294735,0.295197,0.023248
19.110000,-8.994053,-9.288352,0.294299,0.022751
19.111000,-8.988552,-9.281954,0.293401,0.022255
19.112000,-8.983038,-9.275541,0.292503,0.021758
19.113000,-8.977510,-9.269114,0.291604,0.021262
19.114000,-8.971967,-9.262672,0.290705,0.020766
19.115000,-8.966410,-9.256216,0.289805,0.020270
19.116000,-8.960839,-9.249745,0.288905,0.019774
19.117000,-8.955254,-9.243259,0.288005,0.019278
19.118000,-8.949655,-9.236759,0.287104,0.018782
19.119000,-8.944042,-9.230245,0.286203,0.018286
19.120000,-8.938414,-9.223716,0.285302,0.017790
19.121000,-8.932773,-9.217173,0.284400,0.017295
19.122000,-8.927117,-9.210615,0.283498,0.016799
19.123000,-8.921447,-9.204043,0.282595,0.016304
19.124000,-8.915763,-9.197456,0.281693,0.015808
19.125000,-8.910065,-9.190855,0.280789,0.015313
19.126000,-8.904353,-9.184239,0.279886,0.014818
19.127000,-8.898627,-9.177609,0.278982,0.014322
19.128000,-8.892887,-9.170965,0.278078,0.013827
19.129000,-8.887133,-9.164306,0.277173,0.013332
19.130000,-8.881364,-9.157632,0.276268,0.012838
19.131000,-8.875582,-9.150945,0.275363,0.012343
19.132000,-8.869786,-9.144243,0.274457,0.011848
19.133000,-8.863976,-9.137527,0.273551,0.011353
19.134000,-8.858151,-9.130796,0.272644,0.010859
19.135000,-8.852313,-9.124051,0.271738,0.010364
19.136000,-8.846461,-9.117292,0.270831,0.009870
19.137000,-8.840595,-9.110518,0.269923,0.009376
19.138000,-8.834714,-9.103730,0.269016,0.008881
19.139000,-8.828820,-9.096928,0.268108,0.008387
19.140000,-8.822912,-9.090111,0.267199,0.007893
19.141000,-8.816990,-9.083281,0.266290,0.007399
19.142000,-8.811054,-9.076436,0.265381,0.006906
19.143000,-8.805104,-9.069576,0.264472,0.006412
19.144000,-8.799141,-9.062703,0.263562,0.005918
19.145000,-8.793163,-9.055815,0.262652,0.005425
19.146000,-8.787172,-9.048913,0.261742,0.004931
19.147000,-8.781166,-9.041997,0.260831,0.004438
19.148000,-8.775147,-9.035067,0.259920,0.003945
19.149000,-8.769114,-9.028123,0.259009,0.003451
19.150000,-8.763067,-9.021164,0.258097,0.002958
19.151000,-8.757006,-9.014191,0.257185,0.002465
19.152000,-8.750931,-9.007204,0.256273,0.001973
19.153000,-8.744843,-9.000203,0.255360,0.001480
19.154000,-8.738741,-8.993188,0.254448,0.000987
19.155000,-8.732625,-8.986159,0.253534,0.000495
19.156000,-8.726495,-8.979116,0.252621,0.000002
19.157000,-8.720351,-8.972058,0.251707,-0.000490
19.158000,-8.714194,-8.964987,0.250793,-0.000983
19.159000,-8.708022,-8.957901,0.249879,-0.001475
19.160000,-8.701838,-8.950801,0.248964,-0.001967
19.161000,-8.695639,-8.943688,0.248049,-0.002459
19.162000,-8.689426,-8.936560,0.247134,-0.002951
19.163000,-8.683200,-8.929418,0.246218,-0.003442
19.164000,-8.676961,-8.922263,0.245302,-0.003934
19.165000,-8.670707,-8.915093,0.244386,-0.004426
19.166000,-8.664440,-8.907909,0.243470,-0.004917
19.167000,-8.658159,-8.900712,0.242553,-0.005409
19.168000,-8.651864,-8.893500,0.241636,-0.005900
19.169000,-8.645556,-8.886275,0.240719,-0.006391
19.170000,-8.639234,-8.879035,0.239801,-0.006882
19.171000,-8.632899,-8.871782,0.238883,-0.007373
19.172000,-8.626549,-8.864514,0.237965,-0.007864
19.173000,-8.620187,-8.857233,0.237047,-0.008354
19.174000,-8.613810,-8.849938,0.236128,-0.008845
19.175000,-8.607420,-8.842629,0.235209,-0.009335
19.176000,-8.601017,-8.835306,0.234290,-0.009826
19.177000,-8.594599,-8.827970,0.233370,-0.010316
19.178000,-8.588169,-8.820619,0.232450,-0.010806
19.179000,-8.581724,-8.813255,0.231530,-0.011296
19.180000,-8.575267,-8.805877,0.230610,-0.011786
19.181000,-8.568795,-8.798485,0.229690,-0.012276
19.182000,-8.562310,-8.791079,0.228769,-0.012766
19.183000,-8.555812,-8.783659,0.227848,-0.013255
19.184000,-8.549300,-8.776226,0.226926,-0.013745
19.185000,-8.542774,-8.768779,0.226005,-0.014234
19.186000,-8.536235,-8.761318,0.225083,-0.014724
19.187000,-8.529683,-8.753844,0.224161,-0.015213
19.188000,-8.523117,-8.746355,0.223238,-0.015702
19.189000,-8.516538,-8.738853,0.222316,-0.016191
19.190000,-8.509945,-8.731338,0.221393,-0.016680
19.191000,-8.503339,-8.723808,0.220470,-0.017168
19.192000,-8.496719,-8.716265,0.219547,-0.017657
19.193000,-8.490086,-8.708709,0.218623,-0.018145
19.194000,-8.483439,-8.701138,0.217699,-0.018634
19.195000,-8.476779,-8.693554,0.216775,-0.019122
19.196000,-8.470106,-8.685957,0.215851,-0.019610
19.197000,-8.463419,-8.678346,0.214926,-0.020098
19.198000,-8.456719,-8.670721,0.214001,-0.020586
19.199000,-8.450006,-8.663082,0.213076,-0.021073
19.200000,-8.443279,-8.655430,0.212151,-0.021561
19.201000,-8.436539,-8.647765,0.211226,-0.022049
19.202000,-8.429786,-8.640086,0.210300,-0.022536
19.203000,-8.423019,-8.632393,0.209374,-0.023023
19.204000,-8.416239,-8.624687,0.208448,-0.023510
19.205000,-8.409446,-8.616967,0.207522,-0.023997
19.206000,-8.402639,-8.609234,0.206595,-0.024484
19.207000,-8.395819,-8.601488,0.205668,-0.024971
19.208000,-8.388986,-8.593728,0.204741,-0.025458
19.209000,-8.382140,-8.585954,0.203814,-0.025944
19.210000,-8.375280,-8.578167,0.202887,-0.026431
19.211000,-8.368408,-8.570366,0.201959,-0.026917
19.212000,-8.361522,-8.562553,0.201031,-0.027403
19.213000,-8.354622,-8.554725,0.200103,-0.027889
19.214000,-8.347710,-8.546885,0.199175,-0.028375
19.215000,-8.340784,-8.539030,0.198246,-0.028861
19.216000,-8.333846,-8.531163,0.197317,-0.029346
19.217000,-8.326894,-8.523282,0.196389,-0.029832
19.218000,-8.319929,-8.515388,0.195459,-0.030317
19.219000,-8.312950,-8.507480,0.194530,-0.030802
19.220000,-8.305959,-8.499560,0.193601,-0.031288
19.221000,-8.298955,-8.491625,0.192671,-0.031772
19.222000,-8.291937,-8.483678,0.191741,-0.032257
19.223000,-8.284906,-8.475717,0.190811,-0.032742
19.224000,-8.277863,-8.467743,0.189881,-0.033227
19.225000,-8.270806,-8.459756,0.188950,-0.033711
19.226000,-8.263736,-8.451755,0.188019,-0.034195
19.227000,-8.256653,-8.443741,0.187089,-0.034680
19.228000,-8.249557,-8.435714,0.186158,-0.035164
19.229000,-8.242448,-8.427674,0.185226,-0.035648
19.230000,-8.235326,-8.419621,0.184295,-0.036132
19.231000,-8.228191,-8.411554,0.183363,-0.036615
19.232000,-8.221043,-8.403474,0.182432,-0.037099
19.233000,-8.213882,-8.395382,0.181500,-0.037582
19.234000,-8.206708,-8.387275,0.180567,-0.038065
19.235000,-8.199521,-8.379156,0.179635,-0.038549
19.236000,-8.192321,-8.371024,0.178703,-0.039032
19.237000,-8.185108,-8.362878,0.177770,-0.039514
19.238000,-8.177883,-8.354720,0.176837,-0.039997
19.239000,-8.170644,-8.346548,0.175904,-0.040480
19.240000,-8.163393,-8.338364,0.174971,-0.040962
19.241000,-8.156128,-8.330166,0.174038,-0.041444
19.242000,-8.148851,-8.321955,0.173104,-0.041927
19.243000,-8.141561,-8.313731,0.172171,-0.042409
19.244000,-8.134258,-8.305494,0.171237,-0.042891
19.245000,-8.126942,-8.297245,0.170303,-0.043372
19.246000,-8.119613,-8.288982,0.169369,-0.043854
19.247000,-8.112271,-8.280706,0.168434,-0.044335
19.248000,-8.104917,-8.272417,0.167500,-0.044817
19.249000,-8.097550,-8.264115,0.166565,-0.045298
19.250000,-8.090170,-8.255801,0.165631,-0.045779
19.251000,-8.082777,-8.247473,0.164696,-0.046260
19.252000,-8.075372,-8.239133,0.163761,-0.046741
19.253000,-8.067954,-8.230779,0.162826,-0.047221
19.254000,-8.060523,-8.222413,0.161890,-0.047702
19.255000,-8.053079,-8.214034,0.160955,-0.048182
19.256000,-8.045622,-8.205642,0.160019,-0.048662
19.257000,-8.038153,-8.197237,0.159083,-0.049142
19.258000,-8.030672,-8.188819,0.158148,-0.049622
19.259000,-8.023177,-8.180389,0.157212,-0.050102
19.260000,-8.015670,-8.171945,0.156275,-0.050582
19.261000,-8.008150,-8.163489,0.155339,-0.051061
19.262000,-8.000618,-8.155020,0.154403,-0.051541
19.263000,-7.993072,-8.146539,0.153466,-0.052020
19.264000,-7.985515,-8.138044,0.152529,-0.052499
19.265000,-7.977944,-8.129537,0.151593,-0.052978
19.266000,-7.970361,-8.121017,0.150656,-0.053456
19.267000,-7.962766,-8.112485,0.149719,-0.053935
19.268000,-7.955158,-8.103939,0.148781,-0.054413
19.269000,-7.947537,-8.095381,0.147844,-0.054892
19.270000,-7.939904,-8.086811,0.146907,-0.055370
19.271000,-7.932258,-8.078227,0.145969,-0.055848
19.272000,-7.924600,-8.069631,0.145031,-0.056326
19.273000,-7.916929,-8.061023,0.144094,-0.056804
19.274000,-7.909246,-8.052402,0.143156,-0.057281
19.275000,-7.901550,-8.043768,0.142218,-0.057758
19.276000,-7.893842,-8.035121,0.141280,-0.058236
19.277000,-7.886121,-8.026463,0.140341,-0.058713
19.278000,-7.878388,-8.017791,0.139403,-0.059190
19.279000,-7.870642,-8.009107,0.138465,-0.059667
19.280000,-7.862884,-8.000410,0.137526,-0.060143
19.281000,-7.855114,-7.991701,0.136587,-0.060620
19.282000,-7.847331,-7.982980,0.135649,-0.061096
19.283000,-7.839536,-7.974245,0.134710,-0.061572
19.284000,-7.831728,-7.965499,0.133771,-0.062048
19.285000,-7.823908,-7.956740,0.132832,-0.062524
19.286000,-7.816076,-7.947968,0.131893,-0.063000
19.287000,-7.808231,-7.939184,0.130953,-0.063475
19.288000,-7.800374,-7.930388,0.130014,-0.063951
19.289000,-7.792505,-7.921579,0.129074,-0.064426
19.290000,-7.784623,-7.912758,0.128135,-0.064901
19.291000,-7.776729,-7.903924,0.127195,-0.065376
19.292000,-7.768823,-7.895078,0.126256,-0.065851
19.293000,-7.760904,-7.886220,0.125316,-0.066326
19.294000,-7.752974,-7.877350,0.124376,-0.066800
19.295000,-7.745031,-7.868467,0.123436,-0.067274
19.296000,-7.737075,-7.859571,0.122496,-0.067749
19.297000,-7.729108,-7.850664,0.121556,-0.068223
19.298000,-7.721128,-7.841744,0.120616,-0.068696
19.299000,-7.713136,-7.832812,0.119675,-0.069170
19.300000,-7.705132,-7.823867,0.118735,-0.069644
19.301000,-7.697116,-7.814911,0.117795,-0.070117
19.302000,-7.689088,-7.805942,0.116854,-0.070590
19.303000,-7.681047,-7.796961,0.115913,-0.071063
19.304000,-7.672995,-7.787968,0.114973,-0.071536
19.305000,-7.664930,-7.778962,0.114032,-0.072009
19.306000,-7.656853,-7.769945,0.113091,-0.072481
19.307000,-7.648764,-7.760915,0.112150,-0.072954
19.308000,-7.640663,-7.751873,0.111210,-0.073426
19.309000,-7.632550,-7.742819,0.110269,-0.073898
19.310000,-7.624425,-7.733753,0.109328,-0.074370
19.311000,-7.616288,-7.724674,0.108386,-0.074842
19.312000,-7.608139,-7.715584,0.107445,-0.075313
19.313000,-7.599978,-7.706482,0.106504,-0.075785
19.314000,-7.591804,-7.697367,0.105563,-0.076256
19.315000,-7.583619,-7.688241,0.104621,-0.076727
19.316000,-7.575422,-7.679102,0.103680,-0.077198
19.317000,-7.567213,-7.669951,0.102739,-0.077669
19.318000,-7.558992,-7.660789,0.101797,-0.078139
19.319000,-7.550759,-7.651614,0.100856,-0.078610
19.320000,-7.542514,-7.642428,0.099914,-0.079080
19.321000,-7.534257,-7.633229,0.098972,-0.079550
19.322000,-7.525988,-7.624019,0.098031,-0.080020
19.323000,-7.517708,-7.614797,0.097089,-0.080490
19.324000,-7.509415,-7.605562,0.096147,-0.080959
19.325000,-7.501111,-7.596316,0.095205,-0.081429
19.326000,-7.492794,-7.587058,0.094264,-0.081898
19.327000,-7.484466,-7.577788,0.093322,-0.082367
19.328000,-7.476127,-7.568506,0.092380,-0.082836
19.329000,-7.467775,-7.559213,0.091438,-0.083305
19.330000,-7.459411,-7.549907,0.090496,-0.083773
19.331000,-7.451036,-7.540590,0.089554,-0.084242
19.332000,-7.442649,-7.531261,0.088612,-0.084710
19.333000,-7.434250,-7.521920,0.087670,-0.085178
19.334000,-7.425840,-7.512568,0.086728,-0.085646
19.335000,-7.417418,-7.503203,0.085786,-0.086114
19.336000,-7.408984,-7.493827,0.084844,-0.086581
19.337000,-7.400538,-7.484439,0.083901,-0.087048
19.338000,-7.392081,-7.475040,0.082959,-0.087516
19.339000,-7.383612,-7.465629,0.082017,-0.087983
19.340000,-7.375131,-7.456206,0.081075,-0.088450
19.341000,-7.366639,-7.446771,0.080132,-0.088916
19.342000,-7.358135,-7.437325,0.079190,-0.089383
19.343000,-7.349619,-7.427867,0.078248,-0.089849
19.344000,-7.341092,-7.418398,0.077306,-0.090315
19.345000,-7.332553,-7.408917,0.076363,-0.090781
19.346000,-7.324003,-7.399424,0.075421,-0.091247
19.347000,-7.315441,-7.389920,0.074479,-0.091713
19.348000,-7.306868,-7.380404,0.073536,-0.092178
19.349000,-7.298283,-7.370877,0.072594,-0.092643
19.350000,-7.289686,-7.361338,0.071652,-0.093109
19.351000,-7.281078,-7.351788,0.070709,-0.093573
19.352000,-7.272459,-7.342226,0.069767,-0.094038
19.353000,-7.263828,-7.332652,0.068825,-0.094503
19.354000,-7.255185,-7.323068,0.067882,-0.094967
19.355000,-7.246531,-7.313471,0.066940,-0.095431
19.356000,-7.237866,-7.303864,0.065998,-0.095895
19.357000,-7.229189,-7.294244,0.065055,-0.096359
19.358000,-7.220501,-7.284614,0.064113,-0.096823
19.359000,-7.211801,-7.274972,0.063171,-0.097286
19.360000,-7.203090,-7.265318,0.062228,-0.097750
19.361000,-7.194368,-7.255654,0.061286,-0.098213
19.362000,-7.185634,-7.245978,0.060344,-0.098676
19.363000,-7.176889,-7.236290,0.059401,-0.099139
19.364000,-7.168133,-7.226592,0.058459,-0.099601
19.365000,-7.159365,-7.216882,0.057517,-0.100064
19.366000,-7.150586,-7.207160,0.056575,-0.100526
19.367000,-7.141795,-7.197428,0.055632,-0.100988
19.368000,-7.132994,-7.187684,0.054690,-0.101450
19.369000,-7.124181,-7.177929,0.053748,-0.101912
19.370000,-7.115357,-7.168163,0.052806,-0.102373
19.371000,-7.106521,-7.158385,0.051864,-0.102834
19.372000,-7.097675,-7.148596,0.050921,-0.103296
19.373000,-7.088817,-7.138796,0.049979,-0.103757
19.374000,-7.079948,-7.128985,0.049037,-0.104217
19.375000,-7.071068,-7.119163,0.048095,-0.104678
19.376000,-7.062176,-7.109330,0.047153,-0.105138
19.377000,-7.053274,-7.099485,0.046211,-0.105599
19.378000,-7.044360,-7.089630,0.045269,-0.106059
19.379000,-7.035436,-7.079763,0.044327,-0.106518
19.380000,-7.026500,-7.069885,0.043386,-0.106978
19.381000,-7.017553,-7.059996,0.042444,-0.107438
19.382000,-7.008595,-7.050097,0.041502,-0.107897
19.383000,-6.999626,-7.040186,0.040560,-0.108356
19.384000,-6.990645,-7.030264,0.039618,-0.108815
19.385000,-6.981654,-7.020331,0.038677,-0.109274
19.386000,-6.972652,-7.010387,0.037735,-0.109732
19.387000,-6.963639,-7.000432,0.036793,-0.110190
19.388000,-6.954614,-6.990466,0.035852,-0.110649
19.389000,-6.945579,-6.980490,0.034910,-0.111107
19.390000,-6.936533,-6.970502,0.033969,-0.111564
19.391000,-6.927476,-6.960503,0.033027,-0.112022
19.392000,-6.918408,-6.950494,0.032086,-0.112479
19.393000,-6.909329,-6.940474,0.031145,-0.112937
19.394000,-6.900239,-6.930442,0.030204,-0.113394
19.395000,-6.891138,-6.920400,0.029262,-0.113851
19.396000,-6.882026,-6.910348,0.028321,-0.114307
19.397000,-6.872904,-6.900284,0.027380,-0.114764
19.398000,-6.863770,-6.890209,0.026439,-0.115220
19.399000,-6.854626,-6.880124,0.025498,-0.115676
19.400000,-6.845471,-6.870028,0.024557,-0.116132
19.401000,-6.836305,-6.859921,0.023616,-0.116587
19.402000,-6.827128,-6.849804,0.022676,-0.117043
19.403000,-6.817941,-6.839676,0.021735,-0.117498
19.404000,-6.808743,-6.829537,0.020794,-0.117953
19.405000,-6.799534,-6.819387,0.019854,-0.118408
19.406000,-6.790314,-6.809227,0.018913,-0.118863
19.407000,-6.781084,-6.799056,0.017973,-0.119318
19.408000,-6.771842,-6.788875,0.017032,-0.119772
19.409000,-6.762591,-6.778682,0.016092,-0.120226
19.410000,-6.753328,-6.768480,0.015152,-0.120680
19.411000,-6.744055,-6.758266,0.014211,-0.121134
19.412000,-6.734771,-6.748042,0.013271,-0.121587
19.413000,-6.725477,-6.737808,0.012331,-0.122041
19.414000,-6.716171,-6.727563,0.011391,-0.122494
19.415000,-6.706856,-6.717307,0.010452,-0.122947
19.416000,-6.697529,-6.707041,0.009512,-0.123399
19.417000,-6.688193,-6.696765,0.008572,-0.123852
19.418000,-6.678845,-6.686478,0.007633,-0.124304
19.419000,-6.669487,-6.676180,0.006693,-0.124756
19.420000,-6.660119,-6.665872,0.005754,-0.125208
19.421000,-6.650740,-6.655554,0.004814,-0.125660
19.422000,-6.641350,-6.645225,0.003875,-0.126112
19.423000,-6.631950,-6.634886,0.002936,-0.126563
19.424000,-6.622540,-6.624536,0.001997,-0.127014
19.425000,-6.613119,-6.614176,0.001058,-0.127465
19.426000,-6.603687,-6.603806,0.000119,-0.127916
19.427000,-6.594245,-6.593425,-0.000820,-0.128367
19.428000,-6.584793,-6.583035,-0.001759,-0.128817
19.429000,-6.575331,-6.572633,-0.002697,-0.129267
19.430000,-6.565858,-6.562222,-0.003636,-0.129717
19.431000,-6.556374,-6.551800,-0.004574,-0.130167
19.432000,-6.546880,-6.541368,-0.005513,-0.130616
19.433000,-6.537376,-6.530926,-0.006451,-0.131066
19.434000,-6.527862,-6.520473,-0.007389,-0.131515
19.435000,-6.518337,-6.510010,-0.008327,-0.131964
19.436000,-6.508802,-6.499538,-0.009265,-0.132413
19.437000,-6.499257,-6.489054,-0.010203,-0.132861
19.438000,-6.489701,-6.478561,-0.011140,-0.133309
19.439000,-6.480136,-6.468058,-0.012078,-0.133758
19.440000,-6.470560,-6.457544,-0.013015,-0.134205
19.441000,-6.460973,-6.447021,-0.013953,-0.134653
19.442000,-6.451377,-6.436487,-0.014890,-0.135101
19.443000,-6.441770,-6.425943,-0.015827,-0.135548
19.444000,-6.432153,-6.415390,-0.016764,-0.135995
19.445000,-6.422527,-6.404826,-0.017701,-0.136442
19.446000,-6.412889,-6.394252,-0.018638,-0.136889
19.447000,-6.403242,-6.383668,-0.019574,-0.137335
19.448000,-6.393585,-6.373074,-0.020511,-0.137781
19.449000,-6.383917,-6.362470,-0.021447,-0.138227
19.450000,-6.374240,-6.351856,-0.022383,-0.138673
19.451000,-6.364552,-6.341233,-0.023320,-0.139119
19.452000,-6.354855,-6.330599,-0.024256,-0.139564
19.453000,-6.345147,-6.319955,-0.025192,-0.140010
19.454000,-6.335429,-6.309302,-0.026127,-0.140455
19.455000,-6.325702,-6.298639,-0.027063,-0.140899
19.456000,-6.315964,-6.287965,-0.027999,-0.141344
19.457000,-6.306216,-6.277282,-0.028934,-0.141788
19.458000,-6.296459,-6.266589,-0.029869,-0.142233
19.459000,-6.286691,-6.255887,-0.030804,-0.142677
19.460000,-6.276914,-6.245174,-0.031739,-0.143120
19.461000,-6.267126,-6.234452,-0.032674,-0.143564
19.462000,-6.257329,-6.223720,-0.033609,-0.144007
19.463000,-6.247522,-6.212978,-0.034543,-0.144450
19.464000,-6.237705,-6.202227,-0.035478,-0.144893
19.465000,-6.227878,-6.191466,-0.036412,-0.145336
19.466000,-6.218041,-6.180695,-0.037346,-0.145778
19.467000,-6.208195,-6.169914,-0.038280,-0.146221
19.468000,-6.198338,-6.159124,-0.039214,-0.146663
19.469000,-6.188472,-6.148324,-0.040148,-0.147105
19.470000,-6.178596,-6.137515,-0.041082,-0.147546
19.471000,-6.168710,-6.126695,-0.042015,-0.147988
19.472000,-6.158815,-6.115867,-0.042948,-0.148429
19.473000,-6.148910,-6.105028,-0.043881,-0.148870
19.474000,-6.138995,-6.094181,-0.044814,-0.149310
19.475000,-6.129071,-6.083323,-0.045747,-0.149751
19.476000,-6.119136,-6.072456,-0.046680,-0.150191
19.477000,-6.109192,-6.061580,-0.047612,-0.150631
19.478000,-6.099239,-6.050694,-0.048545,-0.151071
19.479000,-6.089276,-6.039799,-0.049477,-0.151511
19.480000,-6.079303,-6.028894,-0.050409,-0.151950
19.481000,-6.069321,-6.017980,-0.051341,-0.152390
19.482000,-6.059329,-6.007056,-0.052273,-0.152829
19.483000,-6.049327,-5.996123,-0.053204,-0.153267
19.484000,-6.039316,-5.985180,-0.054136,-0.153706
19.485000,-6.029295,-5.974228,-0.055067,-0.154144
19.486000,-6.019265,-5.963267,-0.055998,-0.154583
19.487000,-6.009226,-5.952297,-0.056929,-0.155020
19.488000,-5.999177,-5.941317,-0.057860,-0.155458
19.489000,-5.989118,-5.930328,-0.058790,-0.155896
19.490000,-5.979050,-5.919329,-0.059721,-0.156333
19.491000,-5.968972,-5.908321,-0.060651,-0.156770
19.492000,-5.958885,-5.897304,-0.061581,-0.157207
19.493000,-5.948789,-5.886278,-0.062511,-0.157643
19.494000,-5.938683,-5.875243,-0.063441,-0.158080
19.495000,-5.928568,-5.864198,-0.064370,-0.158516
19.496000,-5.918444,-5.853144,-0.065300,-0.158952
19.497000,-5.908310,-5.842081,-0.066229,-0.159387
19.498000,-5.898167,-5.831009,-0.067158,-0.159823
19.499000,-5.888014,-5.819928,-0.068087,-0.160258
19.500000,-5.877853,-5.808837,-0.069015,-0.160693
19.501000,-5.867681,-5.797738,-0.069944,-0.161128
19.502000,-5.857501,-5.786629,-0.070872,-0.161563
19.503000,-5.847312,-5.775512,-0.071800,-0.161997
19.504000,-5.837113,-5.764385,-0.072728,-0.162431
19.505000,-5.826905,-5.753249,-0.073656,-0.162865
19.506000,-5.816688,-5.742104,-0.074583,-0.163299
19.507000,-5.806461,-5.730951,-0.075511,-0.163732
19.508000,-5.796226,-5.719788,-0.076438,-0.164165
19.509000,-5.785981,-5.708616,-0.077365,-0.164598
19.510000,-5.775727,-5.697436,-0.078292,-0.165031
19.511000,-5.765464,-5.686246,-0.079218,-0.165463
19.512000,-5.755192,-5.675047,-0.080145,-0.165896
19.513000,-5.744911,-5.663840,-0.081071,-0.166328
19.514000,-5.734621,-5.652624,-0.081997,-0.166760
19.515000,-5.724321,-5.641399,-0.082922,-0.167191
19.516000,-5.714013,-5.630165,-0.083848,-0.167623
19.517000,-5.703696,-5.618922,-0.084773,-0.168054
19.518000,-5.693369,-5.607670,-0.085699,-0.168485
19.519000,-5.683034,-5.596410,-0.086624,-0.168915
19.520000,-5.672689,-5.585141,-0.087548,-0.169346
19.521000,-5.662336,-5.573863,-0.088473,-0.169776
19.522000,-5.651974,-5.562577,-0.089397,-0.170206
19.523000,-5.641603,-5.551281,-0.090322,-0.170636
19.524000,-5.631223,-5.539977,-0.091246,-0.171065
19.525000,-5.620834,-5.528664,-0.092169,-0.171495
19.526000,-5.610436,-5.517343,-0.093093,-0.171924
19.527000,-5.600029,-5.506013,-0.094016,-0.172353
19.528000,-5.589614,-5.494674,-0.094939,-0.172781
19.529000,-5.579189,-5.483327,-0.095862,-0.173209
19.530000,-5.568756,-5.471971,-0.096785,-0.173638
19.531000,-5.558314,-5.460607,-0.097707,-0.174065
19.532000,-5.547863,-5.449234,-0.098630,-0.174493
19.533000,-5.537404,-5.437852,-0.099552,-0.174921
19.534000,-5.526936,-5.426462,-0.100474,-0.175348
19.535000,-5.516459,-5.415063,-0.101395,-0.175775
19.536000,-5.505973,-5.403656,-0.102317,-0.176201
19.537000,-5.495479,-5.392241,-0.103238,-0.176628
19.538000,-5.484976,-5.380817,-0.104159,-0.177054
19.539000,-5.474464,-5.369384,-0.105079,-0.177480
19.540000,-5.463943,-5.357944,-0.106000,-0.177906
19.541000,-5.453414,-5.346494,-0.106920,-0.178331
19.542000,-5.442877,-5.335037,-0.107840,-0.178757
19.543000,-5.432331,-5.323571,-0.108760,-0.179182
19.544000,-5.421776,-5.312096,-0.109680,-0.179606
19.545000,-5.411213,-5.300614,-0.110599,-0.180031
19.546000,-5.400641,-5.289123,-0.111518,-0.180455
19.547000,-5.390060,-5.277623,-0.112437,-0.180879
19.548000,-5.379471,-5.266116,-0.113356,-0.181303
19.549000,-5.368874,-5.254600,-0.114274,-0.181727
19.550000,-5.358268,-5.243076,-0.115192,-0.182150
19.551000,-5.347654,-5.231543,-0.116110,-0.182573
19.552000,-5.337031,-5.220003,-0.117028,-0.182996
19.553000,-5.326400,-5.208454,-0.117945,-0.183419
19.554000,-5.315760,-5.196897,-0.118863,-0.183841
19.555000,-5.305112,-5.185332,-0.119780,-0.184263
19.556000,-5.294455,-5.173759,-0.120696,-0.184685
19.557000,-5.283791,-5.162178,-0.121613,-0.185107
19.558000,-5.273118,-5.150589,-0.122529,-0.185528
19.559000,-5.262436,-5.138991,-0.123445,-0.185949
19.560000,-5.251746,-5.127386,-0.124361,-0.186370
19.561000,-5.241048,-5.115772,-0.125276,-0.186791
19.562000,-5.230342,-5.104150,-0.126192,-0.187211
19.563000,-5.219627,-5.092521,-0.127107,-0.187631
19.564000,-5.208904,-5.080883,-0.128021,-0.188051
19.565000,-5.198173,-5.069238,-0.128936,-0.188471
19.566000,-5.187434,-5.057584,-0.129850,-0.188890
19.567000,-5.176687,-5.045923,-0.130764,-0.189309
19.568000,-5.165931,-5.034253,-0.131678,-0.189728
19.569000,-5.155167,-5.022576,-0.132591,-0.190147
19.570000,-5.144395,-5.010891,-0.133504,-0.190565
19.571000,-5.133615,-4.999198,-0.134417,-0.190983
19.572000,-5.122827,-4.987497,-0.135330,-0.191401
19.573000,-5.112031,-4.975788,-0.136243,-0.191819
19.574000,-5.101227,-4.964072,-0.137155,-0.192236
19.575000,-5.090414,-4.952347,-0.138067,-0.192654
19.576000,-5.079594,-4.940615,-0.138978,-0.193070
19.577000,-5.068765,-4.928876,-0.139890,-0.193487
19.578000,-5.057929,-4.917128,-0.140801,-0.193904
19.579000,-5.047084,-4.905373,-0.141712,-0.194320
19.580000,-5.036232,-4.893610,-0.142622,-0.194736
19.581000,-5.025372,-4.881839,-0.143533,-0.195151
19.582000,-5.014503,-4.870061,-0.144443,-0.195567
19.583000,-5.003627,-4.858275,-0.145352,-0.195982
19.584000,-4.992743,-4.846481,-0.146262,-0.196397
19.585000,-4.981851,-4.834680,-0.147171,-0.196811
19.586000,-4.970951,-4.822871,-0.148080,-0.197226
19.587000,-4.960043,-4.811055,-0.148989,-0.197640
19.588000,-4.949128,-4.799231,-0.149897,-0.198054
19.589000,-4.938205,-4.787399,-0.150805,-0.198467
19.590000,-4.927273,-4.775560,-0.151713,-0.198880
19.591000,-4.916334,-4.763714,-0.152621,-0.199294
19.592000,-4.905388,-4.751860,-0.153528,-0.199706
19.593000,-4.894433,-4.739998,-0.154435,-0.200119
19.594000,-4.883471,-4.728129,-0.155342,-0.200531
19.595000,-4.872501,-4.716253,-0.156248,-0.200943
19.596000,-4.861524,-4.704369,-0.157154,-0.201355
19.597000,-4.850538,-4.692478,-0.158060,-0.201767
19.598000,-4.839545,-4.680580,-0.158966,-0.202178
19.599000,-4.828545,-4.668674,-0.159871,-0.202589
19.600000,-4.817537,-4.656761,-0.160776,-0.203000
19.601000,-4.806521,-4.644840,-0.161681,-0.203410
19.602000,-4.795498,-4.632912,-0.162585,-0.203820
19.603000,-4.784467,-4.620977,-0.163489,-0.204230
19.604000,-4.773428,-4.609035,-0.164393,-0.204640
19.605000,-4.762382,-4.597085,-0.165297,-0.205049
19.606000,-4.751328,-4.585128,-0.166200,-0.205458
19.607000,-4.740267,-4.573164,-0.167103,-0.205867
19.608000,-4.729199,-4.561193,-0.168006,-0.206276
19.609000,-4.718123,-4.549215,-0.168908,-0.206684
19.610000,-4.707039,-4.537229,-0.169810,-0.207092
19.611000,-4.695948,-4.525237,-0.170712,-0.207500
19.612000,-4.684850,-4.513237,-0.171613,-0.207908
19.613000,-4.673744,-4.501230,-0.172514,-0.208315
19.614000,-4.662631,-4.489216,-0.173415,-0.208722
19.615000,-4.651511,-4.477195,-0.174316,-0.209129
19.616000,-4.640383,-4.465167,-0.175216,-0.209535
19.617000,-4.629248,-4.453132,-0.176116,-0.209942
19.618000,-4.618105,-4.441090,-0.177016,-0.210348
19.619000,-4.606956,-4.429041,-0.177915,-0.210753
19.620000,-4.595799,-4.416985,-0.178814,-0.211159
19.621000,-4.584634,-4.404922,-0.179713,-0.211564
19.622000,-4.573463,-4.392852,-0.180611,-0.211969
19.623000,-4.562284,-4.380775,-0.181509,-0.212373
19.624000,-4.551098,-4.368691,-0.182407,-0.212778
19.625000,-4.539905,-4.356601,-0.183304,-0.213182
19.626000,-4.528705,-4.344503,-0.184201,-0.213586
19.627000,-4.517497,-4.332399,-0.185098,-0.213989
19.628000,-4.506283,-4.320288,-0.185995,-0.214392
19.629000,-4.495061,-4.308170,-0.186891,-0.214795
19.630000,-4.483832,-4.296046,-0.187787,-0.215198
19.631000,-4.472596,-4.283914,-0.188682,-0.215600
19.632000,-4.461353,-4.271776,-0.189577,-0.216003
19.633000,-4.450103,-4.259631,-0.190472,-0.216404
19.634000,-4.438846,-4.247480,-0.191367,-0.216806
19.635000,-4.427582,-4.235321,-0.192261,-0.217207
19.636000,-4.416311,-4.223156,-0.193155,-0.217608
19.637000,-4.405033,-4.210985,-0.194049,-0.218009
19.638000,-4.393748,-4.198807,-0.194942,-0.218410
19.639000,-4.382456,-4.186622,-0.195835,-0.218810
19.640000,-4.371158,-4.174430,-0.196727,-0.219210
19.641000,-4.359852,-4.162232,-0.197620,-0.219610
19.642000,-4.348539,-4.150028,-0.198511,-0.220009
19.643000,-4.337220,-4.137817,-0.199403,-0.220408
19.644000,-4.325894,-4.125599,-0.200294,-0.220807
19.645000,-4.314560,-4.113375,-0.201185,-0.221205
19.646000,-4.303221,-4.101145,-0.202076,-0.221604
19.647000,-4.291874,-4.088908,-0.202966,-0.222002
19.648000,-4.280520,-4.076664,-0.203856,-0.222399
19.649000,-4.269160,-4.064414,-0.204746,-0.222797
19.650000,-4.257793,-4.052158,-0.205635,-0.223194
19.651000,-4.246419,-4.039895,-0.206524,-0.223591
19.652000,-4.235039,-4.027626,-0.207412,-0.223987
19.653000,-4.223652,-4.015351,-0.208300,-0.224383
19.654000,-4.212258,-4.003069,-0.209188,-0.224779
19.655000,-4.200857,-3.990781,-0.210076,-0.225175
19.656000,-4.189450,-3.978487,-0.210963,-0.225571
19.657000,-4.178036,-3.966187,-0.211850,-0.225966
19.658000,-4.166616,-3.953880,-0.212736,-0.226361
19.659000,-4.155189,-3.941567,-0.213622,-0.226755
19.660000,-4.143756,-3.929248,-0.214508,-0.227149
19.661000,-4.132316,-3.916922,-0.215394,-0.227543
19.662000,-4.120869,-3.904591,-0.216279,-0.227937
19.663000,-4.109416,-3.892253,-0.217163,-0.228331
19.664000,-4.097957,-3.879909,-0.218048,-0.228724
19.665000,-4.086491,-3.867559,-0.218932,-0.229117
19.666000,-4.075018,-3.855203,-0.219815,-0.229509
19.667000,-4.063539,-3.842841,-0.220699,-0.229901
19.668000,-4.052054,-3.830472,-0.221582,-0.230293
19.669000,-4.040562,-3.818098,-0.222464,-0.230685
19.670000,-4.029064,-3.805718,-0.223347,-0.231076
19.671000,-4.017560,-3.793332,-0.224228,-0.231467
19.672000,-4.006049,-3.780939,-0.225110,-0.231858
19.673000,-3.994532,-3.768541,-0.225991,-0.232249
19.674000,-3.983009,-3.756137,-0.226872,-0.232639
19.675000,-3.971479,-3.743727,-0.227752,-0.233029
19.676000,-3.959943,-3.731311,-0.228632,-0.233418
19.677000,-3.948401,-3.718889,-0.229512,-0.233808
19.678000,-3.936852,-3.706461,-0.230391,-0.234197
19.679000,-3.925298,-3.694027,-0.231270,-0.234586
19.680000,-3.913737,-3.681588,-0.232149,-0.234974
19.681000,-3.902170,-3.669143,-0.233027,-0.235362
19.682000,-3.890596,-3.656692,-0.233905,-0.235750
19.683000,-3.879017,-3.644235,-0.234782,-0.236138
19.684000,-3.867432,-3.631772,-0.235659,-0.236525
19.685000,-3.855840,-3.619304,-0.236536,-0.236912
19.686000,-3.844242,-3.606830,-0.237412,-0.237298
19.687000,-3.832638,-3.594350,-0.238288,-0.237685
19.688000,-3.821029,-3.581865,-0.239164,-0.238071
19.689000,-3.809413,-3.569374,-0.240039,-0.238457
19.690000,-3.797791,-3.556877,-0.240914,-0.238842
19.691000,-3.786163,-3.544375,-0.241788,-0.239227
19.692000,-3.774529,-3.531867,-0.242662,-0.239612
19.693000,-3.762889,-3.519354,-0.243536,-0.239997
19.694000,-3.751244,-3.506835,-0.244409,-0.240381
19.695000,-3.739592,-3.494310,-0.245282,-0.240765
19.696000,-3.727934,-3.481780,-0.246154,-0.241148
19.697000,-3.716271,-3.469244,-0.247027,-0.241532
19.698000,-3.704602,-3.456703,-0.247898,-0.241915
19.699000,-3.692927,-3.444157,-0.248770,-0.242297
19.700000,-3.681246,-3.431605,-0.249641,-0.242680
19.701000,-3.669559,-3.419048,-0.250511,-0.243062
19.702000,-3.657866,-3.406485,-0.251381,-0.243444
19.703000,-3.646168,-3.393917,-0.252251,-0.243825
19.704000,-3.634464,-3.381343,-0.253120,-0.244206
19.705000,-3.622754,-3.368764,-0.253989,-0.244587
19.706000,-3.611038,-3.356180,-0.254858,-0.244968
19.707000,-3.599317,-3.343591,-0.255726,-0.245348
19.708000,-3.587590,-3.330996,-0.256594,-0.245728
19.709000,-3.575857,-3.318396,-0.257461,-0.246108
19.710000,-3.564119,-3.305790,-0.258328,-0.246487
19.711000,-3.552375,-3.293180,-0.259195,-0.246866
19.712000,-3.540625,-3.280564,-0.260061,-0.247245
19.713000,-3.528870,-3.267943,-0.260927,-0.247623
19.714000,-3.517109,-3.255317,-0.261792,-0.248001
19.715000,-3.505343,-3.242686,-0.262657,-0.248379
19.716000,-3.493571,-3.230050,-0.263522,-0.248756
19.717000,-3.481794,-3.217408,-0.264386,-0.249134
19.718000,-3.470011,-3.204761,-0.265250,-0.249510
19.719000,-3.458223,-3.192110,-0.266113,-0.249887
19.720000,-3.446429,-3.179453,-0.266976,-0.250263
19.721000,-3.434630,-3.166791,-0.267839,-0.250639
19.722000,-3.422825,-3.154125,-0.268701,-0.251015
19.723000,-3.411015,-3.141453,-0.269562,-0.251390
19.724000,-3.399200,-3.128776,-0.270424,-0.251765
19.725000,-3.387379,-3.116095,-0.271285,-0.252139
19.726000,-3.375553,-3.103408,-0.272145,-0.252514
19.727000,-3.363722,-3.090717,-0.273005,-0.252888
19.728000,-3.351885,-3.078020,-0.273865,-0.253261
19.729000,-3.340043,-3.065319,-0.274724,-0.253635
19.730000,-3.328195,-3.052613,-0.275583,-0.254008
19.731000,-3.316343,-3.039902,-0.276441,-0.254380
19.732000,-3.304485,-3.027186,-0.277299,-0.254753
19.733000,-3.292622,-3.014465,-0.278156,-0.255125
19.734000,-3.280754,-3.001740,-0.279014,-0.255496
19.735000,-3.268880,-2.989010,-0.279870,-0.255868
19.736000,-3.257002,-2.976275,-0.280727,-0.256239
19.737000,-3.245118,-2.963536,-0.281582,-0.256610
19.738000,-3.233229,-2.950791,-0.282438,-0.256980
19.739000,-3.221335,-2.938042,-0.283293,-0.257350
19.740000,-3.209436,-2.925289,-0.284147,-0.257720
19.741000,-3.197532,-2.912531,-0.285001,-0.258089
19.742000,-3.185623,-2.899768,-0.285855,-0.258458
19.743000,-3.173709,-2.887000,-0.286708,-0.258827
19.744000,-3.161789,-2.874228,-0.287561,-0.259196
19.745000,-3.149865,-2.861452,-0.288413,-0.259564
19.746000,-3.137936,-2.848671,-0.289265,-0.259932
19.747000,-3.126002,-2.835885,-0.290117,-0.260299
19.748000,-3.114063,-2.823095,-0.290968,-0.260666
19.749000,-3.102119,-2.810300,-0.291819,-0.261033
19.750000,-3.090170,-2.797501,-0.292669,-0.261400
19.751000,-3.078216,-2.784698,-0.293518,-0.261766
19.752000,-3.066258,-2.771890,-0.294368,-0.262132
19.753000,-3.054294,-2.759077,-0.295217,-0.262497
19.754000,-3.042326,-2.746261,-0.296065,-0.262862
19.755000,-3.030353,-2.733440,-0.296913,-0.263227
19.756000,-3.018375,-2.720614,-0.297761,-0.263591
19.757000,-3.006392,-2.707785,-0.298608,-0.263956
19.758000,-2.994405,-2.694951,-0.299454,-0.264319
19.759000,-2.982413,-2.682112,-0.300300,-0.264683
19.760000,-2.970416,-2.669270,-0.301146,-0.265046
19.761000,-2.958414,-2.656423,-0.301991,-0.265409
19.762000,-2.946408,-2.643572,-0.302836,-0.265771
19.763000,-2.934397,-2.630717,-0.303681,-0.266134
19.764000,-2.922382,-2.617857,-0.304525,-0.266495
19.765000,-2.910362,-2.604994,-0.305368,-0.266857
19.766000,-2.898337,-2.592126,-0.306211,-0.267218
19.767000,-2.886308,-2.579254,-0.307054,-0.267579
19.768000,-2.874274,-2.566378,-0.307896,-0.267939
19.769000,-2.862236,-2.553498,-0.308737,-0.268299
19.770000,-2.850193,-2.540614,-0.309579,-0.268659
19.771000,-2.838145,-2.527726,-0.310419,-0.269018
19.772000,-2.826093,-2.514834,-0.311260,-0.269377
19.773000,-2.814037,-2.501938,-0.312099,-0.269736
19.774000,-2.801976,-2.489038,-0.312939,-0.270095
19.775000,-2.789911,-2.476133,-0.313778,-0.270453
19.776000,-2.777841,-2.463225,-0.314616,-0.270810
19.777000,-2.765767,-2.450313,-0.315454,-0.271168
19.778000,-2.753689,-2.437398,-0.316291,-0.271525
19.779000,-2.741606,-2.424478,-0.317128,-0.271881
19.780000,-2.729519,-2.411554,-0.317965,-0.272238
19.781000,-2.717428,-2.398627,-0.318801,-0.272594
19.782000,-2.705332,-2.385696,-0.319637,-0.272949
19.783000,-2.693232,-2.372761,-0.320472,-0.273304
19.784000,-2.681128,-2.359822,-0.321306,-0.273659
19.785000,-2.669020,-2.346879,-0.322141,-0.274014
19.786000,-2.656907,-2.333933,-0.322974,-0.274368
19.787000,-2.644790,-2.320983,-0.323808,-0.274722
19.788000,-2.632669,-2.308029,-0.324640,-0.275075
19.789000,-2.620544,-2.295072,-0.325473,-0.275429
19.790000,-2.608415,-2.282111,-0.326304,-0.275781
19.791000,-2.596282,-2.269146,-0.327136,-0.276134
19.792000,-2.584144,-2.256178,-0.327967,-0.276486
19.793000,-2.572003,-2.243206,-0.328797,-0.276838
19.794000,-2.559857,-2.230230,-0.329627,-0.277189
19.795000,-2.547707,-2.217251,-0.330456,-0.277540
19.796000,-2.535554,-2.204268,-0.331285,-0.277891
19.797000,-2.523396,-2.191282,-0.332114,-0.278241
19.798000,-2.511234,-2.178293,-0.332942,-0.278591
19.799000,-2.499068,-2.165299,-0.333769,-0.278941
19.800000,-2.486899,-2.152303,-0.334596,-0.279290
19.801000,-2.474725,-2.139303,-0.335422,-0.279639
19.802000,-2.462548,-2.126299,-0.336248,-0.279987
19.803000,-2.450367,-2.113293,-0.337074,-0.280335
19.804000,-2.438181,-2.100282,-0.337899,-0.280683
19.805000,-2.425992,-2.087269,-0.338723,-0.281031
19.806000,-2.413799,-2.074252,-0.339547,-0.281378
19.807000,-2.401603,-2.061232,-0.340371,-0.281725
19.808000,-2.389402,-2.048208,-0.341194,-0.282071
19.809000,-2.377198,-2.035182,-0.342016,-0.282417
19.810000,-2.364990,-2.022151,-0.342838,-0.282763
19.811000,-2.352778,-2.009118,-0.343660,-0.283108
19.812000,-2.340563,-1.996082,-0.344481,-0.283453
19.813000,-2.328344,-1.983042,-0.345302,-0.283797
19.814000,-2.316121,-1.969999,-0.346122,-0.284141
19.815000,-2.303894,-1.956953,-0.346941,-0.284485
19.816000,-2.291664,-1.943904,-0.347760,-0.284829
19.817000,-2.279430,-1.930852,-0.348579,-0.285172
19.818000,-2.267193,-1.917796,-0.349397,-0.285514
19.819000,-2.254952,-1.904738,-0.350214,-0.285857
19.820000,-2.242708,-1.891676,-0.351031,-0.286199
19.821000,-2.230460,-1.878612,-0.351848,-0.286540
19.822000,-2.218208,-1.865544,-0.352664,-0.286881
19.823000,-2.205953,-1.852474,-0.353479,-0.287222
19.824000,-2.193694,-1.839400,-0.354294,-0.287563
19.825000,-2.181432,-1.826324,-0.355108,-0.287903
19.826000,-2.169167,-1.813245,-0.355922,-0.288243
19.827000,-2.156898,-1.800162,-0.356736,-0.288582
19.828000,-2.144626,-1.787077,-0.357549,-0.288921
19.829000,-2.132350,-1.773989,-0.358361,-0.289260
19.830000,-2.120071,-1.760898,-0.359173,-0.289598
19.831000,-2.107789,-1.747805,-0.359984,-0.289936
19.832000,-2.095503,-1.734708,-0.360795,-0.290273
19.833000,-2.083214,-1.721609,-0.361605,-0.290610
19.834000,-2.070922,-1.708507,-0.362415,-0.290947
19.835000,-2.058626,-1.695402,-0.363224,-0.291283
19.836000,-2.046327,-1.682294,-0.364033,-0.291619
19.837000,-2.034025,-1.669184,-0.364841,-0.291955
19.838000,-2.021720,-1.656071,-0.365649,-0.292290
19.839000,-2.009411,-1.642955,-0.366456,-0.292625
19.840000,-1.997100,-1.629837,-0.367263,-0.292959
19.841000,-1.984785,-1.616716,-0.368069,-0.293293
19.842000,-1.972467,-1.603593,-0.368874,-0.293627
19.843000,-1.960146,-1.590467,-0.369679,-0.293960
19.844000,-1.947822,-1.577338,-0.370484,-0.294293
19.845000,-1.935495,-1.564207,-0.371288,-0.294626
19.846000,-1.923164,-1.551073,-0.372091,-0.294958
19.847000,-1.910831,-1.537937,-0.372894,-0.295290
19.848000,-1.898495,-1.524798,-0.373696,-0.295621
19.849000,-1.886155,-1.511657,-0.374498,-0.295952
19.850000,-1.873813,-1.498514,-0.375300,-0.296283
19.851000,-1.861468,-1.485368,-0.376100,-0.296613
19.852000,-1.849120,-1.472219,-0.376900,-0.296943
19.853000,-1.836769,-1.459068,-0.377700,-0.297272
19.854000,-1.824415,-1.445915,-0.378499,-0.297601
19.855000,-1.812058,-1.432760,-0.379298,-0.297930
19.856000,-1.799698,-1.419602,-0.380096,-0.298258
19.857000,-1.787335,-1.406442,-0.380893,-0.298586
19.858000,-1.774970,-1.393280,-0.381690,-0.298913
19.859000,-1.762602,-1.380115,-0.382487,-0.299241
19.860000,-1.750231,-1.366948,-0.383283,-0.299567
19.861000,-1.737857,-1.353779,-0.384078,-0.299894
19.862000,-1.725480,-1.340608,-0.384873,-0.300219
19.863000,-1.713101,-1.327434,-0.385667,-0.300545
19.864000,-1.700719,-1.314259,-0.386460,-0.300870
19.865000,-1.688334,-1.301081,-0.387254,-0.301195
19.866000,-1.675947,-1.287901,-0.388046,-0.301519
19.867000,-1.663557,-1.274719,-0.388838,-0.301843
19.868000,-1.651165,-1.261535,-0.389629,-0.302167
19.869000,-1.638769,-1.248349,-0.390420,-0.302490
19.870000,-1.626372,-1.235161,-0.391211,-0.302812
19.871000,-1.613971,-1.221971,-0.392000,-0.303135
19.872000,-1.601568,-1.208779,-0.392790,-0.303457
19.873000,-1.589163,-1.195585,-0.393578,-0.303778
19.874000,-1.576755,-1.182389,-0.394366,-0.304099
19.875000,-1.564345,-1.169191,-0.395154,-0.304420
19.876000,-1.551932,-1.155991,-0.395941,-0.304740
19.877000,-1.539516,-1.142789,-0.396727,-0.305060
19.878000,-1.527099,-1.129586,-0.397513,-0.305380
19.879000,-1.514678,-1.116380,-0.398298,-0.305699
19.880000,-1.502256,-1.103173,-0.399083,-0.306018
19.881000,-1.489831,-1.089964,-0.399867,-0.306336
19.882000,-1.477404,-1.076753,-0.400651,-0.306654
19.883000,-1.464974,-1.063540,-0.401434,-0.306971
19.884000,-1.452542,-1.050326,-0.402216,-0.307288
19.885000,-1.440108,-1.037110,-0.402998,-0.307605
19.886000,-1.427671,-1.023892,-0.403779,-0.307921
19.887000,-1.415233,-1.010673,-0.404560,-0.308237
19.888000,-1.402792,-0.997452,-0.405340,-0.308553
19.889000,-1.390348,-0.984229,-0.406119,-0.308868
19.890000,-1.377903,-0.971005,-0.406898,-0.309182
19.891000,-1.365455,-0.957779,-0.407677,-0.309496
19.892000,-1.353006,-0.944551,-0.408454,-0.309810
19.893000,-1.340554,-0.931322,-0.409232,-0.310124
19.894000,-1.328100,-0.918091,-0.410008,-0.310437
19.895000,-1.315644,-0.904859,-0.410784,-0.310749
19.896000,-1.303185,-0.891626,-0.411560,-0.311061
19.897000,-1.290725,-0.878390,-0.412335,-0.311373
19.898000,-1.278263,-0.865154,-0.413109,-0.311684
19.899000,-1.265799,-0.851916,-0.413883,-0.311995
19.900000,-1.253332,-0.838677,-0.414656,-0.312306
19.901000,-1.240864,-0.825436,-0.415428,-0.312616
19.902000,-1.228394,-0.812194,-0.416200,-0.312925
19.903000,-1.215922,-0.798950,-0.416972,-0.313235
19.904000,-1.203448,-0.785705,-0.417742,-0.313543
19.905000,-1.190972,-0.772459,-0.418513,-0.313852
19.906000,-1.178494,-0.759212,-0.419282,-0.314160
19.907000,-1.166014,-0.745963,-0.420051,-0.314467
19.908000,-1.153532,-0.732713,-0.420819,-0.314774
19.909000,-1.141049,-0.719462,-0.421587,-0.315081
19.910000,-1.128564,-0.706209,-0.422354,-0.315387
19.911000,-1.116077,-0.692956,-0.423121,-0.315693
19.912000,-1.103588,-0.679701,-0.423887,-0.315998
19.913000,-1.091098,-0.666445,-0.424652,-0.316303
19.914000,-1.078605,-0.653188,-0.425417,-0.316608
19.915000,-1.066112,-0.639930,-0.426181,-0.316912
19.916000,-1.053616,-0.626671,-0.426945,-0.317216
19.917000,-1.041119,-0.613411,-0.427708,-0.317519
19.918000,-1.028620,-0.600150,-0.428470,-0.317822
19.919000,-1.016119,-0.586887,-0.429232,-0.318124
19.920000,-1.003617,-0.573624,-0.429993,-0.318426
19.921000,-0.991113,-0.560360,-0.430754,-0.318728
19.922000,-0.978608,-0.547095,-0.431514,-0.319029
19.923000,-0.966101,-0.533828,-0.432273,-0.319330
19.924000,-0.953593,-0.520561,-0.433032,-0.319630
19.925000,-0.941083,-0.507293,-0.433790,-0.319930
19.926000,-0.928572,-0.494025,-0.434547,-0.320229
19.927000,-0.916059,-0.480755,-0.435304,-0.320528
19.928000,-0.903545,-0.467484,-0.436060,-0.320827
19.929000,-0.891029,-0.454213,-0.436816,-0.321125
19.930000,-0.878512,-0.440941,-0.437571,-0.321422
19.931000,-0.865993,-0.427668,-0.438325,-0.321720
19.932000,-0.853474,-0.414394,-0.439079,-0.322016
19.933000,-0.840952,-0.401120,-0.439832,-0.322313
19.934000,-0.828430,-0.387845,-0.440585,-0.322609
19.935000,-0.815906,-0.374569,-0.441337,-0.322904
19.936000,-0.803381,-0.361293,-0.442088,-0.323199
19.937000,-0.790855,-0.348016,-0.442839,-0.323494
19.938000,-0.778327,-0.334738,-0.443589,-0.323788
19.939000,-0.765798,-0.321460,-0.444338,-0.324082
19.940000,-0.753268,-0.308181,-0.445087,-0.324375
19.941000,-0.740737,-0.294902,-0.445835,-0.324668
19.942000,-0.728204,-0.281622,-0.446583,-0.324960
19.943000,-0.715671,-0.268341,-0.447330,-0.325252
19.944000,-0.703136,-0.255060,-0.448076,-0.325543
19.945000,-0.690600,-0.241779,-0.448821,-0.325835
19.946000,-0.678063,-0.228497,-0.449566,-0.326125
19.947000,-0.665525,-0.215215,-0.450311,-0.326415
19.948000,-0.652986,-0.201932,-0.451054,-0.326705
19.949000,-0.640446,-0.188649,-0.451798,-0.326994
19.950000,-0.627905,-0.175365,-0.452540,-0.327283
19.951000,-0.615363,-0.162081,-0.453282,-0.327571
19.952000,-0.602820,-0.148797,-0.454023,-0.327859
19.953000,-0.590276,-0.135513,-0.454763,-0.328147
19.954000,-0.577731,-0.122228,-0.455503,-0.328434
19.955000,-0.565185,-0.108943,-0.456243,-0.328720
19.956000,-0.552639,-0.095657,-0.456981,-0.329006
19.957000,-0.540091,-0.082372,-0.457719,-0.329292
19.958000,-0.527543,-0.069086,-0.458456,-0.329577
19.959000,-0.514993,-0.055800,-0.459193,-0.329862
19.960000,-0.502443,-0.042514,-0.459929,-0.330146
19.961000,-0.489892,-0.029228,-0.460664,-0.330430
19.962000,-0.477341,-0.015941,-0.461399,-0.330713
19.963000,-0.464788,-0.002655,-0.462133,-0.330996
19.964000,-0.452235,0.010632,-0.462867,-0.331279
19.965000,-0.439681,0.023918,-0.463599,-0.331561
19.966000,-0.427127,0.037205,-0.464331,-0.331842
19.967000,-0.414571,0.050491,-0.465063,-0.332123
19.968000,-0.402015,0.063778,-0.465794,-0.332404
19.969000,-0.389459,0.077065,-0.466524,-0.332684
19.970000,-0.376902,0.090351,-0.467253,-0.332964
19.971000,-0.364344,0.103638,-0.467982,-0.333243
19.972000,-0.351786,0.116924,-0.468710,-0.333522
19.973000,-0.339227,0.130211,-0.469438,-0.333800
19.974000,-0.326668,0.143497,-0.470164,-0.334078
19.975000,-0.314108,0.156783,-0.470891,-0.334355
19.976000,-0.301547,0.170069,-0.471616,-0.334632
19.977000,-0.288986,0.183355,-0.472341,-0.334909
19.978000,-0.276425,0.196640,-0.473065,-0.335185
19.979000,-0.263863,0.209925,-0.473789,-0.335460
19.980000,-0.251301,0.223210,-0.474511,-0.335735
19.981000,-0.238738,0.236495,-0.475233,-0.336010
19.982000,-0.226175,0.249780,-0.475955,-0.336284
19.983000,-0.213612,0.263064,-0.476676,-0.336558
19.984000,-0.201048,0.276348,-0.477396,-0.336831
19.985000,-0.188484,0.289631,-0.478115,-0.337103
19.986000,-0.175920,0.302914,-0.478834,-0.337376
19.987000,-0.163356,0.316197,-0.479552,-0.337647
19.988000,-0.150791,0.329479,-0.480270,-0.337919
19.989000,-0.138226,0.342761,-0.480986,-0.338189
19.990000,-0.125660,0.356042,-0.481702,-0.338460
19.991000,-0.113095,0.369323,-0.482418,-0.338730
19.992000,-0.100529,0.382603,-0.483133,-0.338999
19.993000,-0.087963,0.395883,-0.483847,-0.339268
19.994000,-0.075398,0.409162,-0.484560,-0.339536
19.995000,-0.062831,0.422441,-0.485273,-0.339804
19.996000,-0.050265,0.435719,-0.485985,-0.340072
19.997000,-0.037699,0.448997,-0.486696,-0.340339
19.998000,-0.025133,0.462274,-0.487406,-0.340605
19.999000,-0.012566,0.475550,-0.488116,-0.340871
